date,ticker,open,high,low,close,volume_raw,amount_raw,source
2025-09-01,002547.SZ,4.5500,4.6400,4.5400,4.5900,387431.0000,,Tencent_raw
2025-09-02,002547.SZ,4.5800,5.0500,4.5600,5.0500,1281994.0000,,Tencent_raw
2025-09-03,002547.SZ,5.5600,5.5600,5.5600,5.5600,357693.0000,,Tencent_raw
2025-09-04,002547.SZ,5.5600,6.1200,5.4500,5.9500,4868688.0000,,Tencent_raw
2025-09-05,002547.SZ,5.3600,5.8700,5.3600,5.5800,3631983.0000,,Tencent_raw
2025-09-08,002547.SZ,5.4900,6.1000,5.4900,5.8200,3148493.0000,,Tencent_raw
2025-09-09,002547.SZ,5.5600,6.4000,5.3600,6.4000,2310928.0000,,Tencent_raw
2025-09-10,002547.SZ,6.5200,7.0400,6.5000,6.7700,4688172.0000,,Tencent_raw
2025-09-11,002547.SZ,6.5000,7.2500,6.3600,6.8200,4010154.0000,,Tencent_raw
2025-09-12,002547.SZ,6.8300,6.8600,6.4400,6.5500,2836831.0000,,Tencent_raw
2025-09-15,002547.SZ,6.4300,6.6700,6.0500,6.0700,2860624.0000,,Tencent_raw
2025-09-16,002547.SZ,5.9600,6.3700,5.8200,6.2600,2851155.0000,,Tencent_raw
2025-09-17,002547.SZ,6.0700,6.1400,5.9000,5.9500,1974268.0000,,Tencent_raw
2025-09-18,002547.SZ,5.9600,6.1700,5.8800,6.0100,1964785.0000,,Tencent_raw
2025-09-19,002547.SZ,5.9000,5.9100,5.5000,5.5600,1584593.0000,,Tencent_raw
2025-09-22,002547.SZ,5.4500,5.8000,5.4400,5.7200,1248085.0000,,Tencent_raw
2025-09-23,002547.SZ,5.6900,5.7100,5.3900,5.4600,1020634.0000,,Tencent_raw
2025-09-24,002547.SZ,5.4100,5.5800,5.3100,5.5200,873343.0000,,Tencent_raw
2025-09-25,002547.SZ,5.4900,5.5500,5.3300,5.3600,898822.0000,,Tencent_raw
2025-09-26,002547.SZ,5.3700,5.4000,5.2300,5.2400,620281.0000,,Tencent_raw
2025-09-29,002547.SZ,5.2300,5.3500,5.1900,5.3100,589731.0000,,Tencent_raw
2025-09-30,002547.SZ,5.3900,5.4300,5.3000,5.3300,578681.0000,,Tencent_raw
2025-10-09,002547.SZ,5.3900,5.4500,5.3300,5.4300,723710.0000,,Tencent_raw
2025-10-10,002547.SZ,5.4200,5.4900,5.2800,5.2900,619056.0000,,Tencent_raw
2025-10-13,002547.SZ,5.0500,5.2800,4.9400,5.2700,600362.0000,,Tencent_raw
2025-10-14,002547.SZ,5.2700,5.3700,5.1200,5.1400,547265.0000,,Tencent_raw
2025-10-15,002547.SZ,5.1400,5.2900,5.1000,5.2800,495458.0000,,Tencent_raw
2025-10-16,002547.SZ,5.2700,5.2800,5.1300,5.1600,447668.0000,,Tencent_raw
2025-10-17,002547.SZ,5.1800,5.1900,5.0100,5.0100,406330.0000,,Tencent_raw
2025-10-20,002547.SZ,5.0900,5.1400,5.0300,5.0600,361263.0000,,Tencent_raw
2025-10-21,002547.SZ,5.0700,5.1500,5.0200,5.1300,370228.0000,,Tencent_raw
2025-10-22,002547.SZ,5.0800,5.2300,5.0700,5.1500,381449.0000,,Tencent_raw
2025-10-23,002547.SZ,5.1000,5.1400,5.0200,5.1300,373457.0000,,Tencent_raw
2025-10-24,002547.SZ,5.1300,5.1800,5.1100,5.1400,316692.0000,,Tencent_raw
2025-10-27,002547.SZ,5.1400,5.2200,5.1200,5.1900,491583.0000,,Tencent_raw
2025-10-28,002547.SZ,5.1900,5.4600,5.1700,5.3600,1520003.0000,,Tencent_raw
2025-10-29,002547.SZ,5.3000,5.5000,5.2400,5.2900,1024159.0000,,Tencent_raw
2025-10-30,002547.SZ,5.2100,5.2100,5.0500,5.0600,861113.0000,,Tencent_raw
2025-10-31,002547.SZ,5.0700,5.1500,5.0300,5.1200,489159.0000,,Tencent_raw
2025-11-03,002547.SZ,5.1000,5.2900,5.0700,5.2800,604074.0000,,Tencent_raw
2025-11-04,002547.SZ,5.2500,5.3000,5.1600,5.2000,467434.0000,,Tencent_raw
2025-11-05,002547.SZ,5.1600,5.4100,5.1400,5.3400,866524.0000,,Tencent_raw
2025-11-06,002547.SZ,5.3500,5.3800,5.2200,5.3500,642003.0000,,Tencent_raw
2025-11-07,002547.SZ,5.3400,5.3400,5.2200,5.2200,444369.0000,,Tencent_raw
2025-11-10,002547.SZ,5.2000,5.2300,5.1700,5.2200,357370.0000,,Tencent_raw
2025-11-11,002547.SZ,5.2200,5.7400,5.2100,5.5700,1935259.0000,,Tencent_raw
2025-11-12,002547.SZ,5.5600,5.5900,5.4000,5.4800,1060007.0000,,Tencent_raw
2025-11-13,002547.SZ,5.4700,5.5200,5.4000,5.4900,841890.0000,,Tencent_raw
2025-11-14,002547.SZ,5.5000,5.5200,5.3600,5.3700,744953.0000,,Tencent_raw
2025-11-17,002547.SZ,5.3200,5.4300,5.2800,5.4300,587423.0000,,Tencent_raw
2025-11-18,002547.SZ,5.3800,5.3800,5.1300,5.1800,750205.0000,,Tencent_raw
2025-11-19,002547.SZ,5.1700,5.2000,5.0100,5.0400,479885.0000,,Tencent_raw
2025-11-20,002547.SZ,5.0600,5.0900,4.9400,4.9500,362087.0000,,Tencent_raw
2025-11-21,002547.SZ,4.9100,4.9500,4.7000,4.7300,497842.0000,,Tencent_raw
2025-11-24,002547.SZ,4.7300,4.8400,4.7000,4.8100,330026.0000,,Tencent_raw
2025-11-25,002547.SZ,4.8300,4.8700,4.8000,4.8400,259740.0000,,Tencent_raw
2025-11-26,002547.SZ,4.8400,5.0600,4.8000,4.9700,593104.0000,,Tencent_raw
2025-11-27,002547.SZ,4.9000,4.9300,4.8600,4.8700,340432.0000,,Tencent_raw
2025-11-28,002547.SZ,4.8700,4.9000,4.7700,4.9000,241338.0000,,Tencent_raw
2025-12-01,002547.SZ,4.8600,5.0100,4.8500,4.9700,354237.0000,,Tencent_raw
2025-12-02,002547.SZ,4.9200,4.9200,4.8600,4.8800,224193.0000,,Tencent_raw
2025-12-03,002547.SZ,4.8500,4.8500,4.7100,4.7300,362856.0000,,Tencent_raw
2025-12-04,002547.SZ,4.7800,4.8600,4.6800,4.7200,272132.0000,,Tencent_raw
2025-12-05,002547.SZ,4.7000,4.7700,4.6300,4.7600,241079.0000,,Tencent_raw
2025-12-08,002547.SZ,4.7700,4.8400,4.7500,4.8400,277589.0000,,Tencent_raw
2025-12-09,002547.SZ,4.8000,4.8300,4.7500,4.7500,187189.0000,,Tencent_raw
2025-12-10,002547.SZ,4.7200,4.7800,4.7000,4.7600,182838.0000,,Tencent_raw
2025-12-11,002547.SZ,4.7600,4.7600,4.6300,4.6300,234657.0000,,Tencent_raw
2025-12-12,002547.SZ,4.6300,4.7100,4.6200,4.6600,174335.0000,,Tencent_raw
2025-12-15,002547.SZ,4.6300,4.6800,4.5400,4.5700,228348.0000,,Tencent_raw
2025-12-16,002547.SZ,4.5700,4.6100,4.4500,4.4600,247708.0000,,Tencent_raw
2025-12-17,002547.SZ,4.4500,4.5100,4.3800,4.5000,262726.0000,,Tencent_raw
2025-12-18,002547.SZ,4.4600,4.5600,4.4500,4.4900,185765.0000,,Tencent_raw
2025-12-19,002547.SZ,4.5100,4.6000,4.4900,4.6000,275235.0000,,Tencent_raw
2025-12-22,002547.SZ,4.6000,4.6700,4.5700,4.6400,216719.0000,,Tencent_raw
2025-12-23,002547.SZ,4.6400,4.6400,4.5300,4.5600,208336.0000,,Tencent_raw
2025-12-24,002547.SZ,4.5300,4.6000,4.5300,4.5900,167953.0000,,Tencent_raw
2025-12-25,002547.SZ,4.5800,4.7400,4.5800,4.6800,343321.0000,,Tencent_raw
2025-12-26,002547.SZ,4.6500,4.6800,4.6000,4.6400,263697.0000,,Tencent_raw
2025-12-29,002547.SZ,4.6500,4.6700,4.6100,4.6300,190704.0000,,Tencent_raw
2025-12-30,002547.SZ,4.6000,4.7000,4.5800,4.6700,275814.0000,,Tencent_raw
2025-12-31,002547.SZ,4.6800,4.7000,4.5900,4.6700,217183.0000,,Tencent_raw
2026-01-05,002547.SZ,4.6500,4.7000,4.6100,4.7000,237637.0000,,Tencent_raw
2026-01-06,002547.SZ,4.7000,4.7700,4.6900,4.7500,339166.0000,,Tencent_raw
2026-01-07,002547.SZ,4.7600,4.7800,4.6300,4.6500,355116.0000,,Tencent_raw
2026-01-08,002547.SZ,4.6300,4.7100,4.6200,4.7000,289467.0000,,Tencent_raw
2026-01-09,002547.SZ,4.7100,4.7700,4.6900,4.7600,357547.0000,,Tencent_raw
2026-01-12,002547.SZ,4.7600,4.8500,4.7500,4.8500,449605.0000,,Tencent_raw
2026-01-13,002547.SZ,4.8500,4.8700,4.7200,4.7300,440548.0000,,Tencent_raw
2026-01-14,002547.SZ,4.7300,4.8000,4.6600,4.7500,479913.0000,,Tencent_raw
2026-01-15,002547.SZ,4.7300,4.7400,4.6100,4.6300,370773.0000,,Tencent_raw
2026-01-16,002547.SZ,4.6400,4.6800,4.5700,4.6000,258687.0000,,Tencent_raw
2026-01-19,002547.SZ,4.6000,4.6500,4.5500,4.6200,211082.0000,,Tencent_raw
2026-01-20,002547.SZ,4.6200,4.6800,4.5600,4.5900,253570.0000,,Tencent_raw
2026-01-21,002547.SZ,4.5500,4.6400,4.5300,4.6400,255114.0000,,Tencent_raw
2026-01-22,002547.SZ,4.6400,4.7000,4.6000,4.6900,237227.0000,,Tencent_raw
2026-01-23,002547.SZ,4.6800,4.8200,4.6600,4.8200,537004.0000,,Tencent_raw
2026-01-26,002547.SZ,4.8400,4.8600,4.6500,4.7100,393367.0000,,Tencent_raw
2026-01-27,002547.SZ,4.7000,4.7000,4.5400,4.6300,313012.0000,,Tencent_raw
2026-01-28,002547.SZ,4.6400,4.6400,4.5500,4.5600,282599.0000,,Tencent_raw
2026-01-29,002547.SZ,4.5500,4.6000,4.4800,4.5000,316469.0000,,Tencent_raw
2026-01-30,002547.SZ,4.4800,4.5400,4.4300,4.4700,287426.0000,,Tencent_raw
2026-02-02,002547.SZ,4.0200,4.0200,4.0200,4.0200,140586.0000,,Tencent_raw
2026-02-03,002547.SZ,3.6200,3.6200,3.6200,3.6200,140898.0000,,Tencent_raw
2026-02-04,002547.SZ,3.5700,3.7900,3.5700,3.7200,1687767.0000,,Tencent_raw
2026-02-05,002547.SZ,3.5700,3.8100,3.5500,3.7500,1082522.0000,,Tencent_raw
2026-02-06,002547.SZ,3.8000,3.9300,3.7100,3.8600,881621.0000,,Tencent_raw
2026-02-09,002547.SZ,3.8800,4.0000,3.8400,3.9700,578453.0000,,Tencent_raw
2026-02-10,002547.SZ,3.9800,4.1300,3.9600,4.0800,638529.0000,,Tencent_raw
2026-02-11,002547.SZ,4.0600,4.0800,3.8500,3.8600,646463.0000,,Tencent_raw
2026-02-12,002547.SZ,3.8700,3.9200,3.7200,3.7200,470050.0000,,Tencent_raw
2026-02-13,002547.SZ,3.6900,3.7600,3.6600,3.6700,368085.0000,,Tencent_raw
2026-02-24,002547.SZ,3.7600,3.9400,3.7300,3.8600,538806.0000,,Tencent_raw
2026-02-25,002547.SZ,3.8700,3.9900,3.8200,3.8700,444036.0000,,Tencent_raw
2026-02-26,002547.SZ,3.8800,3.9000,3.7300,3.7500,421184.0000,,Tencent_raw
2026-02-27,002547.SZ,3.8000,3.8200,3.7500,3.8100,357256.0000,,Tencent_raw
2026-03-02,002547.SZ,3.7500,3.7800,3.6000,3.6400,443731.0000,,Tencent_raw
2026-03-03,002547.SZ,3.6400,3.6800,3.4600,3.4600,478373.0000,,Tencent_raw
2026-03-04,002547.SZ,3.4300,3.5400,3.3300,3.4700,319422.0000,,Tencent_raw
2026-03-05,002547.SZ,3.5400,3.5800,3.5000,3.5400,281838.0000,,Tencent_raw
2026-03-06,002547.SZ,3.5400,3.5900,3.5100,3.5800,245113.0000,,Tencent_raw
2026-03-09,002547.SZ,3.5200,3.5700,3.4700,3.5600,264765.0000,,Tencent_raw
2026-03-10,002547.SZ,3.6000,3.6500,3.5700,3.6100,221879.0000,,Tencent_raw
2026-03-11,002547.SZ,3.6100,3.9700,3.6000,3.8000,1116696.0000,,Tencent_raw
2026-03-12,002547.SZ,3.7600,3.7900,3.5900,3.6200,745184.0000,,Tencent_raw
2026-03-13,002547.SZ,3.5600,3.6100,3.5000,3.5200,388018.0000,,Tencent_raw
2026-03-16,002547.SZ,3.4900,3.5600,3.4800,3.5600,257997.0000,,Tencent_raw
2026-03-17,002547.SZ,3.5400,3.7600,3.5300,3.6800,609453.0000,,Tencent_raw
2026-03-18,002547.SZ,3.6300,3.6300,3.5100,3.5800,348027.0000,,Tencent_raw
2026-03-19,002547.SZ,3.6200,3.6200,3.5000,3.5100,217794.0000,,Tencent_raw
2026-03-20,002547.SZ,3.5100,3.5100,3.3200,3.3700,347143.0000,,Tencent_raw
2026-03-23,002547.SZ,3.3400,3.3400,3.1900,3.1900,299347.0000,,Tencent_raw
2026-03-24,002547.SZ,3.2600,3.3400,3.1900,3.3000,261683.0000,,Tencent_raw
2026-03-25,002547.SZ,3.2800,3.4500,3.2600,3.4300,306786.0000,,Tencent_raw
2026-03-26,002547.SZ,3.4300,3.4600,3.3400,3.3700,230536.0000,,Tencent_raw
2026-03-27,002547.SZ,3.3400,3.4200,3.2900,3.3900,244629.0000,,Tencent_raw
2026-03-30,002547.SZ,3.3700,3.4100,3.2900,3.4100,217857.0000,,Tencent_raw
2026-03-31,002547.SZ,3.4100,3.4500,3.3500,3.3500,175005.0000,,Tencent_raw
2026-04-01,002547.SZ,3.4000,3.4200,3.3300,3.3800,184021.0000,,Tencent_raw
2026-04-02,002547.SZ,3.3800,3.4200,3.2900,3.3100,191194.0000,,Tencent_raw
2026-04-03,002547.SZ,3.3100,3.3300,3.1700,3.2000,202709.0000,,Tencent_raw
2026-04-07,002547.SZ,3.0200,3.1000,2.9700,3.0500,661205.0000,,Tencent_raw
2026-04-08,002547.SZ,3.0900,3.2500,3.0100,3.2400,756520.0000,,Tencent_raw
2026-04-09,002547.SZ,3.2000,3.2300,3.1500,3.2200,379959.0000,,Tencent_raw
2026-04-10,002547.SZ,3.2400,3.2600,3.1600,3.1600,261787.0000,,Tencent_raw
2026-04-13,002547.SZ,3.0800,3.1500,3.0700,3.1100,288026.0000,,Tencent_raw
2026-04-14,002547.SZ,3.1400,3.1800,3.0300,3.1000,342151.0000,,Tencent_raw
2026-04-15,002547.SZ,3.1000,3.1000,2.9800,2.9900,369143.0000,,Tencent_raw
2026-04-16,002547.SZ,2.9700,3.2500,2.9300,3.1300,675445.0000,,Tencent_raw
2026-04-17,002547.SZ,3.0900,3.4400,3.0300,3.4400,1130044.0000,,Tencent_raw
2026-04-20,002547.SZ,3.4900,3.4900,3.3500,3.4700,1108941.0000,,Tencent_raw
2026-04-21,002547.SZ,3.4500,3.4500,3.3200,3.3900,589625.0000,,Tencent_raw
2026-04-22,002547.SZ,3.3700,3.4800,3.3300,3.3900,530973.0000,,Tencent_raw
2026-04-23,002547.SZ,3.3500,3.3600,3.1000,3.1300,729164.0000,,Tencent_raw
2026-04-24,002547.SZ,3.2400,3.2900,3.0200,3.0700,624353.0000,,Tencent_raw
2026-04-27,002547.SZ,3.0200,3.2600,2.9700,3.1500,669783.0000,,Tencent_raw
2026-04-28,002547.SZ,3.1300,3.2900,3.1200,3.1800,610192.0000,,Tencent_raw
2026-04-30,002547.SZ,3.0200,3.0200,3.0200,3.0200,90448.0000,,Tencent_raw
2026-05-06,002547.SZ,2.8700,2.8700,2.8700,2.8700,64331.0000,,Tencent_raw
2026-05-07,002547.SZ,2.7300,2.9200,2.7300,2.7500,1909640.0000,,Tencent_raw
2026-05-08,002547.SZ,2.6900,2.8700,2.6300,2.8400,1195963.0000,,Tencent_raw
2026-05-11,002547.SZ,2.8900,2.9800,2.8800,2.9800,261835.0000,,Tencent_raw
2026-05-12,002547.SZ,3.1300,3.1300,3.0000,3.1000,982316.0000,,Tencent_raw
2026-05-13,002547.SZ,3.1400,3.2600,3.0600,3.2600,546244.0000,,Tencent_raw
2026-05-14,002547.SZ,3.2800,3.4200,3.2500,3.2900,953765.0000,,Tencent_raw
2026-05-15,002547.SZ,3.3300,3.4500,3.2000,3.4300,779957.0000,,Tencent_raw
2026-05-18,002547.SZ,3.3500,3.4700,3.2600,3.3700,551421.0000,,Tencent_raw
2026-05-19,002547.SZ,3.3600,3.3800,3.2100,3.2800,522119.0000,,Tencent_raw
2026-05-20,002547.SZ,3.2800,3.4000,3.2700,3.3200,419090.0000,,Tencent_raw
2026-05-21,002547.SZ,3.3000,3.3800,3.2100,3.2300,512146.0000,,Tencent_raw
2026-05-22,002547.SZ,3.2300,3.3800,3.1900,3.3500,496628.0000,,Tencent_raw
2026-05-25,002547.SZ,3.3200,3.3800,3.2800,3.3400,316470.0000,,Tencent_raw
2026-05-26,002547.SZ,3.3300,3.5100,3.3200,3.5100,426443.0000,,Tencent_raw
2026-05-27,002547.SZ,3.5800,3.6800,3.4600,3.5600,641389.0000,,Tencent_raw
2026-05-28,002547.SZ,3.4800,3.6600,3.4800,3.6200,376100.0000,,Tencent_raw
2026-05-29,002547.SZ,3.6100,3.6600,3.4700,3.5300,431446.0000,,Tencent_raw
2026-06-01,002547.SZ,3.4700,3.6000,3.3600,3.5900,471854.0000,,Tencent_raw
2026-06-02,002547.SZ,3.5600,3.7700,3.5500,3.7500,614945.0000,,Tencent_raw
2026-06-03,002547.SZ,3.7200,3.7700,3.6100,3.6400,485425.0000,,Tencent_raw
2026-06-04,002547.SZ,3.6100,3.6700,3.4600,3.4600,522639.0000,,Tencent_raw
2026-06-05,002547.SZ,3.4800,3.6100,3.4300,3.5400,362487.0000,,Tencent_raw
2026-06-08,002547.SZ,3.5300,3.7000,3.4500,3.6500,394156.0000,,Tencent_raw
2026-06-09,002547.SZ,3.6200,3.6600,3.5600,3.6000,321896.0000,,Tencent_raw
2026-06-10,002547.SZ,3.5400,3.5400,3.4200,3.4200,296651.0000,,Tencent_raw
2026-06-11,002547.SZ,3.3200,3.3700,3.2500,3.3000,369340.0000,,Tencent_raw
2026-06-12,002547.SZ,3.3700,3.4500,3.2700,3.4000,303706.0000,,Tencent_raw
2026-06-15,002547.SZ,3.3500,3.4300,3.2800,3.3300,307033.0000,,Tencent_raw
2026-06-16,002547.SZ,3.3300,3.3500,3.1600,3.2100,447580.0000,,Tencent_raw
2026-06-17,002547.SZ,3.2500,3.2800,3.0500,3.0800,404752.0000,,Tencent_raw
2026-06-18,002547.SZ,3.0500,3.0800,2.9300,2.9300,338732.0000,,Tencent_raw
2026-06-22,002547.SZ,2.8900,2.9300,2.7800,2.7800,389833.0000,,Tencent_raw
2026-06-23,002547.SZ,2.7700,2.9100,2.7700,2.8900,317651.0000,,Tencent_raw
2026-06-24,002547.SZ,2.8600,2.8700,2.7500,2.7500,249173.0000,,Tencent_raw
2026-06-25,002547.SZ,2.6400,2.7100,2.6100,2.6100,86082.0000,,Tencent_raw
2026-06-26,002547.SZ,2.4800,2.6800,2.4800,2.4900,472625.0000,,Tencent_raw
2026-06-29,002547.SZ,2.5000,2.5400,2.3700,2.3700,317302.0000,,Tencent_raw
2026-06-30,002547.SZ,2.3000,2.3900,2.2500,2.3800,574234.0000,,Tencent_raw
2026-07-01,002547.SZ,2.3600,2.5000,2.3500,2.5000,152578.0000,,Tencent_raw
2026-07-02,002547.SZ,2.6300,2.6300,2.5500,2.6300,438670.0000,,Tencent_raw
2026-07-03,002547.SZ,2.6400,2.7500,2.5800,2.6300,392682.0000,,Tencent_raw
2026-07-06,002547.SZ,2.6200,2.6600,2.4500,2.4600,374841.0000,,Tencent_raw
2026-07-07,002547.SZ,2.4600,2.5100,2.2100,2.2100,564261.0000,,Tencent_raw
2026-07-08,002547.SZ,2.1500,2.4200,2.1100,2.3300,482550.0000,,Tencent_raw
2026-07-09,002547.SZ,2.3000,2.5100,2.2800,2.5000,437165.0000,,Tencent_raw
2026-07-10,002547.SZ,2.4400,2.6000,2.4300,2.5300,288815.0000,,Tencent_raw
2026-07-13,002547.SZ,2.5100,2.5200,2.3300,2.3600,280768.0000,,Tencent_raw
2026-07-14,002547.SZ,2.3400,2.4000,2.2600,2.3400,254688.0000,,Tencent_raw
2026-07-15,002547.SZ,2.3000,2.3200,2.1600,2.2400,332744.0000,,Tencent_raw
2026-07-16,002547.SZ,2.2400,2.3900,2.1700,2.3600,354400.0000,,Tencent_raw
2026-07-17,002547.SZ,2.3600,2.4200,2.2200,2.2400,370015.0000,,Tencent_raw
2026-07-20,002547.SZ,2.2500,2.3000,2.0200,2.0200,425185.0000,,Tencent_raw
2026-07-21,002547.SZ,1.9500,1.9900,1.8200,1.8300,688108.0000,,Tencent_raw
2026-07-22,002547.SZ,1.8400,1.9300,1.7600,1.8900,526940.0000,,Tencent_raw
2026-07-23,002547.SZ,1.8500,2.0800,1.8400,2.0800,504049.0000,,Tencent_raw
2026-07-24,002547.SZ,2.0900,2.2400,2.0300,2.0800,554940.0000,,Tencent_raw
2026-07-27,002547.SZ,2.0200,2.1900,2.0000,2.1500,328738.0000,,Tencent_raw
2026-07-28,002547.SZ,2.1000,2.2100,2.0900,2.1400,273770.0000,,Tencent_raw
2026-07-29,002547.SZ,2.1600,2.2400,2.1500,2.2100,286403.0000,,Tencent_raw
2026-07-30,002547.SZ,2.4300,2.4300,2.4300,2.4300,90437.0000,,Tencent_raw
2026-07-31,002547.SZ,2.4500,2.5900,2.4100,2.5000,597769.0000,,Tencent_raw
2026-08-03,002547.SZ,2.5000,2.6500,2.5000,2.5700,361746.0000,,Tencent_raw
2026-08-04,002547.SZ,2.5500,2.5700,2.4700,2.5100,343635.0000,,Tencent_raw
2026-08-05,002547.SZ,2.5100,2.6200,2.4900,2.5400,329604.0000,,Tencent_raw
2026-08-06,002547.SZ,2.5400,2.5800,2.4300,2.4800,310471.0000,,Tencent_raw
2026-08-07,002547.SZ,2.5000,2.5300,2.4200,2.5100,251573.0000,,Tencent_raw
2026-08-10,002547.SZ,2.5000,2.6700,2.4400,2.6000,395685.0000,,Tencent_raw
2026-08-11,002547.SZ,2.5700,2.7000,2.5500,2.7000,331802.0000,,Tencent_raw
2026-08-12,002547.SZ,2.6600,2.7400,2.6500,2.7000,259292.0000,,Tencent_raw
2026-08-13,002547.SZ,2.7000,2.8000,2.6400,2.6600,363539.0000,,Tencent_raw
2026-08-14,002547.SZ,2.6900,2.7400,2.6500,2.7400,247522.0000,,Tencent_raw
2026-08-17,002547.SZ,2.7500,2.8100,2.7000,2.7200,314029.0000,,Tencent_raw
2026-08-18,002547.SZ,2.6900,2.6900,2.5300,2.5400,413222.0000,,Tencent_raw
2026-08-19,002547.SZ,2.5400,2.5900,2.4600,2.4900,252051.0000,,Tencent_raw
2026-08-20,002547.SZ,2.5100,2.5600,2.4700,2.5300,227744.0000,,Tencent_raw
2026-08-21,002547.SZ,2.5200,2.6400,2.5100,2.6200,315756.0000,,Tencent_raw
2026-08-24,002547.SZ,2.6000,2.6200,2.4800,2.4900,239286.0000,,Tencent_raw
2026-08-25,002547.SZ,2.4700,2.5600,2.4400,2.5300,217590.0000,,Tencent_raw
2026-08-26,002547.SZ,2.5300,2.6200,2.5300,2.5900,198854.0000,,Tencent_raw
2026-08-27,002547.SZ,2.6300,2.7500,2.6300,2.6600,292689.0000,,Tencent_raw
2026-08-28,002547.SZ,2.6600,2.7200,2.6300,2.6700,202008.0000,,Tencent_raw
2026-08-31,002547.SZ,2.6500,2.7700,2.6300,2.7500,222458.0000,,Tencent_raw
2026-09-01,002547.SZ,2.7400,2.8100,2.7100,2.7600,192570.0000,,Tencent_raw
2026-09-02,002547.SZ,2.7500,2.8100,2.6800,2.6800,251986.0000,,Tencent_raw
2026-09-03,002547.SZ,2.6800,2.7000,2.5900,2.6100,257494.0000,,Tencent_raw
2026-09-04,002547.SZ,2.6300,2.6500,2.5400,2.6000,243695.0000,,Tencent_raw
2026-09-07,002547.SZ,2.6100,2.7000,2.5900,2.6600,229576.0000,,Tencent_raw
2026-09-08,002547.SZ,2.6400,2.7500,2.6400,2.7000,194771.0000,,Tencent_raw
2026-09-09,002547.SZ,2.7000,2.7100,2.5800,2.6000,254566.0000,,Tencent_raw
2026-09-10,002547.SZ,2.6300,2.6900,2.5500,2.6900,231176.0000,,Tencent_raw
2026-09-11,002547.SZ,2.6700,2.6900,2.5500,2.6000,246316.0000,,Tencent_raw
2026-09-14,002547.SZ,2.5700,2.5700,2.3400,2.4400,428695.0000,,Tencent_raw
2026-09-15,002547.SZ,2.4400,2.5200,2.3300,2.3300,302224.0000,,Tencent_raw
2026-09-16,002547.SZ,2.3200,2.4200,2.3000,2.4100,208455.0000,,Tencent_raw
2026-09-17,002547.SZ,2.4000,2.5000,2.3900,2.4700,175324.0000,,Tencent_raw
2026-09-18,002547.SZ,2.5000,2.5600,2.4600,2.4800,181498.0000,,Tencent_raw
2026-09-21,002547.SZ,2.4600,2.4900,2.4100,2.4500,174057.0000,,Tencent_raw
2026-09-22,002547.SZ,2.4800,2.4800,2.3500,2.3800,231507.0000,,Tencent_raw
2026-09-23,002547.SZ,2.3600,2.4400,2.2900,2.3600,309831.0000,,Tencent_raw
2026-09-24,002547.SZ,2.4200,2.5900,2.3900,2.4500,456765.0000,,Tencent_raw
2026-09-28,002547.SZ,2.4700,2.5400,2.3800,2.4000,395428.0000,,Tencent_raw
2025-09-01,002620.SZ,5.8300,5.8500,5.7500,5.8500,32855.0000,,Tencent_raw
2025-09-02,002620.SZ,6.1400,6.1400,6.1400,6.1400,22571.0000,,Tencent_raw
2025-09-03,002620.SZ,6.4500,6.4500,6.0000,6.2100,322702.0000,,Tencent_raw
2025-09-04,002620.SZ,6.0900,6.2700,5.9000,5.9000,184582.0000,,Tencent_raw
2025-09-05,002620.SZ,5.9100,6.1000,5.7900,5.8900,158249.0000,,Tencent_raw
2025-09-08,002620.SZ,6.0200,6.1800,5.9500,6.1800,33215.0000,,Tencent_raw
2025-09-09,002620.SZ,6.4200,6.4900,6.2900,6.4000,198118.0000,,Tencent_raw
2025-09-10,002620.SZ,6.6200,6.6500,6.0800,6.1100,195187.0000,,Tencent_raw
2025-09-11,002620.SZ,5.9500,6.1700,5.8900,6.1100,117196.0000,,Tencent_raw
2025-09-12,002620.SZ,6.1200,6.1200,5.9100,5.9600,107008.0000,,Tencent_raw
2025-09-15,002620.SZ,5.9900,6.2600,5.9900,6.1600,144317.0000,,Tencent_raw
2025-09-16,002620.SZ,6.0500,6.2200,5.9600,6.1600,75921.0000,,Tencent_raw
2025-09-17,002620.SZ,6.2700,6.2700,6.0000,6.0400,78121.0000,,Tencent_raw
2025-09-18,002620.SZ,6.0600,6.1600,5.9500,6.0800,79676.0000,,Tencent_raw
2025-09-19,002620.SZ,6.0000,6.1400,5.8900,6.0600,49522.0000,,Tencent_raw
2025-09-22,002620.SZ,6.1500,6.1500,5.7600,5.7600,157162.0000,,Tencent_raw
2025-09-23,002620.SZ,5.7500,5.7600,5.4700,5.4700,100835.0000,,Tencent_raw
2025-09-24,002620.SZ,5.4800,5.7300,5.3200,5.6900,69833.0000,,Tencent_raw
2025-09-25,002620.SZ,5.6700,5.9700,5.6500,5.9700,54616.0000,,Tencent_raw
2025-09-26,002620.SZ,6.1600,6.2700,6.0900,6.2700,78988.0000,,Tencent_raw
2025-09-29,002620.SZ,6.5200,6.5800,6.2400,6.4600,128063.0000,,Tencent_raw
2025-09-30,002620.SZ,6.5900,6.6700,6.2500,6.3000,98073.0000,,Tencent_raw
2025-10-09,002620.SZ,6.2000,6.2600,5.9900,6.0400,69543.0000,,Tencent_raw
2025-10-10,002620.SZ,6.1200,6.1700,6.0100,6.0100,42893.0000,,Tencent_raw
2025-10-13,002620.SZ,5.7300,5.9100,5.7200,5.8300,60261.0000,,Tencent_raw
2025-10-14,002620.SZ,5.9400,6.0600,5.7000,5.7700,44720.0000,,Tencent_raw
2025-10-15,002620.SZ,5.7800,6.0600,5.7300,6.0600,46641.0000,,Tencent_raw
2025-10-16,002620.SZ,6.2200,6.3000,6.0300,6.0500,67686.0000,,Tencent_raw
2025-10-17,002620.SZ,6.0000,6.1800,5.9300,6.0600,40120.0000,,Tencent_raw
2025-10-20,002620.SZ,6.2200,6.3600,6.1000,6.2000,69892.0000,,Tencent_raw
2025-10-21,002620.SZ,6.0900,6.1500,5.9900,6.0700,43435.0000,,Tencent_raw
2025-10-22,002620.SZ,6.1000,6.3000,6.0500,6.0800,30066.0000,,Tencent_raw
2025-10-23,002620.SZ,6.1700,6.3700,6.0900,6.2700,58839.0000,,Tencent_raw
2025-10-24,002620.SZ,6.2000,6.4400,6.1900,6.3500,48720.0000,,Tencent_raw
2025-10-27,002620.SZ,6.2500,6.3400,6.0600,6.0900,80461.0000,,Tencent_raw
2025-10-28,002620.SZ,6.0900,6.2000,5.9700,6.0700,57116.0000,,Tencent_raw
2025-10-29,002620.SZ,6.0500,6.0600,5.7700,5.8900,72027.0000,,Tencent_raw
2025-10-30,002620.SZ,5.8200,6.0600,5.8200,5.9000,54813.0000,,Tencent_raw
2025-10-31,002620.SZ,6.0000,6.0200,5.8800,5.9100,43428.0000,,Tencent_raw
2025-11-03,002620.SZ,5.9200,5.9800,5.8200,5.8900,50201.0000,,Tencent_raw
2025-11-04,002620.SZ,5.8800,5.9100,5.6500,5.7200,94936.0000,,Tencent_raw
2025-11-05,002620.SZ,5.7200,5.8400,5.5700,5.7500,81853.0000,,Tencent_raw
2025-11-06,002620.SZ,5.7400,5.7500,5.5500,5.6200,77279.0000,,Tencent_raw
2025-11-07,002620.SZ,5.7200,5.8600,5.6400,5.7300,109212.0000,,Tencent_raw
2025-11-10,002620.SZ,5.6800,5.7300,5.4800,5.6300,84079.0000,,Tencent_raw
2025-11-11,002620.SZ,5.7200,5.9100,5.7200,5.9100,136218.0000,,Tencent_raw
2025-11-12,002620.SZ,5.9200,6.1900,5.7500,5.9600,200732.0000,,Tencent_raw
2025-11-13,002620.SZ,6.0700,6.2600,6.0500,6.2600,63404.0000,,Tencent_raw
2025-11-14,002620.SZ,6.4800,6.5700,6.4300,6.5700,53241.0000,,Tencent_raw
2025-11-17,002620.SZ,6.9000,6.9000,6.9000,6.9000,11538.0000,,Tencent_raw
2025-11-18,002620.SZ,7.2500,7.2500,7.2500,7.2500,5846.0000,,Tencent_raw
2025-11-19,002620.SZ,7.6100,7.6100,6.8900,6.8900,346757.0000,,Tencent_raw
2025-11-20,002620.SZ,6.7700,6.8700,6.5500,6.5500,79365.0000,,Tencent_raw
2025-11-21,002620.SZ,6.4400,6.4800,6.2200,6.2200,80667.0000,,Tencent_raw
2025-11-24,002620.SZ,6.0100,6.1000,5.9100,5.9800,180578.0000,,Tencent_raw
2025-11-25,002620.SZ,6.0700,6.2800,5.8800,6.1100,149527.0000,,Tencent_raw
2025-11-26,002620.SZ,6.0000,6.2400,5.9500,5.9900,119660.0000,,Tencent_raw
2025-11-27,002620.SZ,5.9000,6.2500,5.8900,6.1200,119562.0000,,Tencent_raw
2025-11-28,002620.SZ,6.0700,6.2200,5.9700,6.0800,84154.0000,,Tencent_raw
2025-12-01,002620.SZ,6.0300,6.1000,5.9500,5.9700,82871.0000,,Tencent_raw
2025-12-02,002620.SZ,6.0100,6.0100,5.8700,5.9100,51460.0000,,Tencent_raw
2025-12-03,002620.SZ,5.9200,5.9200,5.6100,5.6700,115156.0000,,Tencent_raw
2025-12-04,002620.SZ,5.6800,5.9500,5.4900,5.9500,95278.0000,,Tencent_raw
2025-12-05,002620.SZ,5.9300,5.9300,5.6500,5.7000,115796.0000,,Tencent_raw
2025-12-08,002620.SZ,5.6100,5.6400,5.5100,5.5500,64519.0000,,Tencent_raw
2025-12-09,002620.SZ,5.5700,5.7500,5.5200,5.5800,50555.0000,,Tencent_raw
2025-12-10,002620.SZ,5.5400,5.6400,5.5200,5.5700,23454.0000,,Tencent_raw
2025-12-11,002620.SZ,5.5500,5.5500,5.2900,5.3200,62651.0000,,Tencent_raw
2025-12-12,002620.SZ,5.2400,5.3300,5.0500,5.0600,92392.0000,,Tencent_raw
2025-12-15,002620.SZ,4.9100,5.3000,4.8700,5.1800,84434.0000,,Tencent_raw
2025-12-16,002620.SZ,5.1200,5.2000,4.9200,4.9300,72981.0000,,Tencent_raw
2025-12-17,002620.SZ,4.9500,5.0100,4.8200,5.0000,49652.0000,,Tencent_raw
2025-12-18,002620.SZ,4.9700,5.2500,4.9400,5.1500,74450.0000,,Tencent_raw
2025-12-19,002620.SZ,5.1000,5.2200,5.0800,5.2100,54287.0000,,Tencent_raw
2025-12-22,002620.SZ,5.1900,5.3000,5.1300,5.2000,43394.0000,,Tencent_raw
2025-12-23,002620.SZ,5.2000,5.2600,5.0600,5.1200,35734.0000,,Tencent_raw
2025-12-24,002620.SZ,5.1100,5.1600,5.0800,5.1400,24740.0000,,Tencent_raw
2025-12-25,002620.SZ,5.1800,5.2700,5.0900,5.1900,40880.0000,,Tencent_raw
2025-12-26,002620.SZ,5.1400,5.2000,5.0800,5.1200,32427.0000,,Tencent_raw
2025-12-29,002620.SZ,5.1200,5.1200,5.0000,5.0600,38074.0000,,Tencent_raw
2025-12-30,002620.SZ,5.0000,5.0900,4.9600,4.9600,55338.0000,,Tencent_raw
2025-12-31,002620.SZ,4.9600,5.0400,4.8200,5.0400,52756.0000,,Tencent_raw
2026-01-05,002620.SZ,5.0800,5.2900,5.0100,5.2900,50756.0000,,Tencent_raw
2026-01-06,002620.SZ,5.3900,5.5400,5.3000,5.5000,84528.0000,,Tencent_raw
2026-01-07,002620.SZ,5.5000,5.6800,5.3900,5.5600,62868.0000,,Tencent_raw
2026-01-08,002620.SZ,5.5100,5.6400,5.4300,5.4500,51831.0000,,Tencent_raw
2026-01-09,002620.SZ,5.7200,5.7200,5.7200,5.7200,13925.0000,,Tencent_raw
2026-01-12,002620.SZ,5.9700,6.0100,5.8200,6.0100,62994.0000,,Tencent_raw
2026-01-13,002620.SZ,6.0100,6.1500,5.7700,6.0200,138960.0000,,Tencent_raw
2026-01-14,002620.SZ,6.0200,6.1500,5.8400,5.9200,83927.0000,,Tencent_raw
2026-01-15,002620.SZ,5.8400,5.9300,5.6700,5.8000,68285.0000,,Tencent_raw
2026-01-16,002620.SZ,5.8600,6.0900,5.7700,5.9800,98168.0000,,Tencent_raw
2026-01-19,002620.SZ,5.8500,6.1400,5.8100,6.0500,76333.0000,,Tencent_raw
2026-01-20,002620.SZ,6.0100,6.2800,5.9900,6.0300,72183.0000,,Tencent_raw
2026-01-21,002620.SZ,5.9500,6.2200,5.9400,6.2100,77725.0000,,Tencent_raw
2026-01-22,002620.SZ,6.1900,6.4200,6.1000,6.1800,101486.0000,,Tencent_raw
2026-01-23,002620.SZ,6.1800,6.4800,6.1100,6.4100,98408.0000,,Tencent_raw
2026-01-26,002620.SZ,6.3800,6.5400,6.3000,6.4400,81867.0000,,Tencent_raw
2026-01-27,002620.SZ,6.4400,6.7500,6.3900,6.7000,98633.0000,,Tencent_raw
2026-01-28,002620.SZ,6.6900,6.7500,6.3700,6.3700,107841.0000,,Tencent_raw
2026-01-29,002620.SZ,6.0800,6.1900,6.0500,6.0500,101193.0000,,Tencent_raw
2026-01-30,002620.SZ,6.0000,6.2000,5.8300,6.0400,108488.0000,,Tencent_raw
2026-02-02,002620.SZ,6.0200,6.0400,5.8600,5.9000,61550.0000,,Tencent_raw
2026-02-03,002620.SZ,5.8800,6.0800,5.8800,5.9800,45703.0000,,Tencent_raw
2026-02-04,002620.SZ,5.9600,6.0700,5.8700,5.9000,73642.0000,,Tencent_raw
2026-02-05,002620.SZ,5.9000,6.0000,5.8700,5.9200,42072.0000,,Tencent_raw
2026-02-06,002620.SZ,5.9000,6.0000,5.8800,5.9800,48129.0000,,Tencent_raw
2026-02-09,002620.SZ,6.0700,6.0800,5.9400,5.9800,70659.0000,,Tencent_raw
2026-02-10,002620.SZ,6.0000,6.2800,5.9600,6.2100,116343.0000,,Tencent_raw
2026-02-11,002620.SZ,6.1500,6.3900,6.1100,6.3500,90579.0000,,Tencent_raw
2026-02-12,002620.SZ,6.3500,6.4000,6.2800,6.3300,68598.0000,,Tencent_raw
2026-02-13,002620.SZ,6.3600,6.4900,6.3000,6.3200,76697.0000,,Tencent_raw
2026-02-24,002620.SZ,6.3200,6.6400,6.2100,6.5800,123436.0000,,Tencent_raw
2026-02-25,002620.SZ,6.5800,6.7300,6.5100,6.5500,105934.0000,,Tencent_raw
2026-02-26,002620.SZ,6.5800,6.8200,6.5100,6.7300,114917.0000,,Tencent_raw
2026-02-27,002620.SZ,6.9000,7.0700,6.7900,7.0700,210275.0000,,Tencent_raw
2026-03-02,002620.SZ,6.8600,6.9500,6.7200,6.7200,173001.0000,,Tencent_raw
2026-03-03,002620.SZ,6.6800,6.7400,6.3800,6.3800,134111.0000,,Tencent_raw
2026-03-04,002620.SZ,6.2500,6.4200,6.1400,6.3500,91383.0000,,Tencent_raw
2026-03-05,002620.SZ,6.4700,6.6300,6.3900,6.5500,78301.0000,,Tencent_raw
2026-03-06,002620.SZ,6.5300,6.8100,6.5300,6.6700,109231.0000,,Tencent_raw
2026-03-09,002620.SZ,6.4900,6.5200,6.3500,6.4100,76116.0000,,Tencent_raw
2026-03-10,002620.SZ,6.5200,6.7300,6.4600,6.7300,128270.0000,,Tencent_raw
2026-03-11,002620.SZ,6.6800,6.9600,6.6800,6.9000,128924.0000,,Tencent_raw
2026-03-12,002620.SZ,6.9000,6.9900,6.7200,6.7800,94268.0000,,Tencent_raw
2026-03-13,002620.SZ,6.8000,7.1200,6.8000,7.1200,205478.0000,,Tencent_raw
2026-03-16,002620.SZ,7.1300,7.3100,7.0300,7.2100,177367.0000,,Tencent_raw
2026-03-17,002620.SZ,7.2400,7.2500,6.9500,6.9900,116870.0000,,Tencent_raw
2026-03-18,002620.SZ,6.9300,7.0800,6.8200,7.0300,97665.0000,,Tencent_raw
2026-03-19,002620.SZ,6.9200,7.0300,6.8400,6.9200,122046.0000,,Tencent_raw
2026-03-20,002620.SZ,6.9000,6.9900,6.7100,6.8100,122037.0000,,Tencent_raw
2026-03-23,002620.SZ,7.1500,7.1500,7.0200,7.1500,291492.0000,,Tencent_raw
2026-03-24,002620.SZ,7.1800,7.5100,7.1500,7.5100,102441.0000,,Tencent_raw
2026-03-25,002620.SZ,7.8900,7.8900,7.8900,7.8900,38031.0000,,Tencent_raw
2026-03-26,002620.SZ,8.2800,8.2800,8.2800,8.2800,17552.0000,,Tencent_raw
2026-03-27,002620.SZ,8.6900,8.6900,8.4900,8.6900,297202.0000,,Tencent_raw
2026-03-30,002620.SZ,9.1200,9.1200,9.1200,9.1200,44514.0000,,Tencent_raw
2026-03-31,002620.SZ,9.2000,9.5800,8.6600,9.3000,790955.0000,,Tencent_raw
2026-04-01,002620.SZ,9.3100,9.7700,8.8700,9.2100,610742.0000,,Tencent_raw
2026-04-02,002620.SZ,8.9500,9.4700,8.7500,9.4000,438648.0000,,Tencent_raw
2026-04-03,002620.SZ,9.4100,9.8700,8.9300,8.9300,401048.0000,,Tencent_raw
2026-04-07,002620.SZ,9.0700,9.3600,8.9400,9.3500,388344.0000,,Tencent_raw
2026-04-08,002620.SZ,9.3600,9.5200,9.1600,9.4500,333852.0000,,Tencent_raw
2026-04-09,002620.SZ,9.4500,9.9200,9.3600,9.9200,327341.0000,,Tencent_raw
2026-04-10,002620.SZ,9.9900,10.0200,9.5300,9.7700,390595.0000,,Tencent_raw
2026-04-13,002620.SZ,9.5000,9.7900,9.3000,9.3600,319166.0000,,Tencent_raw
2026-04-14,002620.SZ,9.2600,9.5800,8.9100,9.3200,331297.0000,,Tencent_raw
2026-04-15,002620.SZ,9.2500,9.5800,9.0300,9.5200,202657.0000,,Tencent_raw
2026-04-16,002620.SZ,9.3700,9.5700,9.2800,9.3500,139005.0000,,Tencent_raw
2026-04-17,002620.SZ,9.2000,9.2600,8.9000,8.9000,210512.0000,,Tencent_raw
2026-04-20,002620.SZ,8.8500,9.3500,8.7200,9.3500,149879.0000,,Tencent_raw
2026-04-21,002620.SZ,9.6000,9.8200,9.5000,9.8200,187691.0000,,Tencent_raw
2026-04-22,002620.SZ,10.0200,10.3100,9.9600,10.3100,105688.0000,,Tencent_raw
2026-04-23,002620.SZ,10.6200,10.8000,9.9800,10.4500,295589.0000,,Tencent_raw
2026-04-24,002620.SZ,10.4300,10.9700,10.3300,10.9700,158952.0000,,Tencent_raw
2026-04-27,002620.SZ,10.5400,10.7300,10.4200,10.4200,184582.0000,,Tencent_raw
2026-04-28,002620.SZ,9.9000,10.9000,9.9000,10.5000,294644.0000,,Tencent_raw
2026-04-30,002620.SZ,9.9800,10.4000,9.9800,9.9800,240978.0000,,Tencent_raw
2026-05-06,002620.SZ,10.1500,10.2200,9.4800,9.4800,178250.0000,,Tencent_raw
2026-05-07,002620.SZ,9.4800,9.9500,9.2200,9.9500,181068.0000,,Tencent_raw
2026-05-08,002620.SZ,9.9100,10.4400,9.5200,10.1000,186511.0000,,Tencent_raw
2026-05-11,002620.SZ,9.7000,10.0900,9.7000,9.8200,122283.0000,,Tencent_raw
2026-05-12,002620.SZ,9.9600,10.0900,9.7100,9.8800,118831.0000,,Tencent_raw
2026-05-13,002620.SZ,9.8400,10.3700,9.8100,10.3700,112991.0000,,Tencent_raw
2026-05-14,002620.SZ,10.5300,10.8900,10.5300,10.8900,29123.0000,,Tencent_raw
2026-05-15,002620.SZ,10.3500,10.3500,10.3500,10.3500,132147.0000,,Tencent_raw
2026-05-18,002620.SZ,9.8300,9.8300,9.8300,9.8300,10470.0000,,Tencent_raw
2026-05-19,002620.SZ,9.3400,9.3400,9.3400,9.3400,16037.0000,,Tencent_raw
2026-05-20,002620.SZ,8.8800,9.0800,8.8700,8.8700,303246.0000,,Tencent_raw
2026-05-21,002620.SZ,8.4300,8.4300,8.4300,8.4300,14802.0000,,Tencent_raw
2026-05-22,002620.SZ,8.0100,8.0800,8.0100,8.0100,201483.0000,,Tencent_raw
2026-05-25,002620.SZ,7.8800,8.0100,7.6100,7.8400,387129.0000,,Tencent_raw
2026-05-26,002620.SZ,7.7900,7.7900,7.4500,7.4500,206496.0000,,Tencent_raw
2026-05-27,002620.SZ,7.2500,7.6400,7.1100,7.3900,223994.0000,,Tencent_raw
2026-05-28,002620.SZ,7.2100,7.2700,7.0200,7.0200,282069.0000,,Tencent_raw
2026-05-29,002620.SZ,7.0000,7.2400,6.8300,6.9900,236328.0000,,Tencent_raw
2026-06-01,002620.SZ,7.3400,7.3400,7.3300,7.3400,45583.0000,,Tencent_raw
2026-06-02,002620.SZ,7.7100,7.7100,6.9700,6.9700,303390.0000,,Tencent_raw
2026-06-03,002620.SZ,6.8500,6.9400,6.6200,6.6200,272335.0000,,Tencent_raw
2026-06-04,002620.SZ,6.5800,6.7300,6.3000,6.3100,209373.0000,,Tencent_raw
2026-06-05,002620.SZ,6.4900,6.6300,6.4200,6.4600,245694.0000,,Tencent_raw
2026-06-08,002620.SZ,6.1400,6.5400,6.1400,6.2800,190402.0000,,Tencent_raw
2026-06-09,002620.SZ,6.3200,6.4700,6.0200,6.0700,182466.0000,,Tencent_raw
2026-06-10,002620.SZ,6.0700,6.1200,5.7700,5.7700,174840.0000,,Tencent_raw
2026-06-11,002620.SZ,5.8100,6.0000,5.6300,5.7700,160555.0000,,Tencent_raw
2026-06-12,002620.SZ,5.8900,5.9800,5.7500,5.8000,147207.0000,,Tencent_raw
2026-06-15,002620.SZ,5.8900,6.0900,5.8200,5.9300,204543.0000,,Tencent_raw
2026-06-16,002620.SZ,5.8200,6.1800,5.7700,6.0900,173455.0000,,Tencent_raw
2026-06-17,002620.SZ,6.1000,6.2500,5.8500,5.8800,158437.0000,,Tencent_raw
2026-06-18,002620.SZ,5.9800,5.9800,5.5900,5.5900,178189.0000,,Tencent_raw
2026-06-22,002620.SZ,5.4200,5.4900,5.3100,5.3200,141977.0000,,Tencent_raw
2026-06-23,002620.SZ,5.1800,5.5400,5.1800,5.3800,165698.0000,,Tencent_raw
2026-06-24,002620.SZ,5.3500,5.3800,5.1100,5.1100,128290.0000,,Tencent_raw
2026-06-25,002620.SZ,5.0500,5.0900,4.8500,4.8500,150709.0000,,Tencent_raw
2026-06-26,002620.SZ,4.8500,5.0400,4.7900,4.8800,144476.0000,,Tencent_raw
2026-06-29,002620.SZ,4.8800,5.0800,4.6900,4.9000,147615.0000,,Tencent_raw
2026-06-30,002620.SZ,4.8900,5.1500,4.8300,5.1000,173602.0000,,Tencent_raw
2026-07-01,002620.SZ,5.1100,5.3600,5.1100,5.3600,108284.0000,,Tencent_raw
2026-07-02,002620.SZ,5.5500,5.6300,5.4300,5.6300,75624.0000,,Tencent_raw
2026-07-03,002620.SZ,5.6600,5.9100,5.3700,5.6800,242224.0000,,Tencent_raw
2026-07-06,002620.SZ,5.8300,6.1000,5.6000,5.6000,170406.0000,,Tencent_raw
2026-07-07,002620.SZ,5.5700,5.6600,5.1000,5.1700,143296.0000,,Tencent_raw
2026-07-08,002620.SZ,5.2300,5.4400,5.0800,5.3200,108253.0000,,Tencent_raw
2026-07-09,002620.SZ,5.3100,5.5300,5.2600,5.2700,123328.0000,,Tencent_raw
2026-07-10,002620.SZ,5.2400,5.3800,5.1500,5.2600,79087.0000,,Tencent_raw
2026-07-13,002620.SZ,5.2600,5.2600,4.9600,5.0000,89447.0000,,Tencent_raw
2026-07-14,002620.SZ,5.0300,5.1000,4.9500,5.0400,65790.0000,,Tencent_raw
2026-07-15,002620.SZ,5.0200,5.2500,4.9200,5.1800,83736.0000,,Tencent_raw
2026-07-16,002620.SZ,5.1200,5.3100,4.9900,5.0500,88479.0000,,Tencent_raw
2026-07-17,002620.SZ,5.0400,5.0600,4.6900,4.8000,96751.0000,,Tencent_raw
2026-07-20,002620.SZ,4.8000,4.8400,4.3200,4.3200,136653.0000,,Tencent_raw
2026-07-21,002620.SZ,4.3000,4.3100,3.8900,4.1100,151486.0000,,Tencent_raw
2026-07-22,002620.SZ,4.1200,4.2500,4.0600,4.1400,85102.0000,,Tencent_raw
2026-07-23,002620.SZ,4.1000,4.3700,4.1000,4.3300,97039.0000,,Tencent_raw
2026-07-24,002620.SZ,4.2600,4.3300,4.1700,4.2100,64915.0000,,Tencent_raw
2026-07-27,002620.SZ,4.2400,4.4100,4.1700,4.4000,63716.0000,,Tencent_raw
2026-07-28,002620.SZ,4.3600,4.5400,4.3100,4.4000,69737.0000,,Tencent_raw
2026-07-29,002620.SZ,4.3800,4.5300,4.3800,4.4400,51760.0000,,Tencent_raw
2026-07-30,002620.SZ,4.4500,4.5000,4.2600,4.3000,77168.0000,,Tencent_raw
2026-07-31,002620.SZ,4.3400,4.5000,4.3400,4.4800,71455.0000,,Tencent_raw
2026-08-03,002620.SZ,4.5000,4.9300,4.4700,4.9300,73104.0000,,Tencent_raw
2026-08-04,002620.SZ,5.0000,5.3600,5.0000,5.1400,127460.0000,,Tencent_raw
2026-08-05,002620.SZ,5.1900,5.3900,5.0700,5.2600,110160.0000,,Tencent_raw
2026-08-06,002620.SZ,5.2700,5.3000,5.1200,5.1700,62648.0000,,Tencent_raw
2026-08-07,002620.SZ,5.2200,5.2200,5.0400,5.1600,48869.0000,,Tencent_raw
2026-08-10,002620.SZ,5.1000,5.1300,4.9700,5.0700,51959.0000,,Tencent_raw
2026-08-11,002620.SZ,5.1600,5.2100,5.0200,5.1100,52726.0000,,Tencent_raw
2026-08-12,002620.SZ,5.0900,5.2200,5.0900,5.2100,43220.0000,,Tencent_raw
2026-08-13,002620.SZ,5.2100,5.3500,5.1500,5.1500,57609.0000,,Tencent_raw
2026-08-14,002620.SZ,5.0800,5.2500,5.0400,5.2000,60928.0000,,Tencent_raw
2026-08-17,002620.SZ,5.2200,5.2200,5.0900,5.1200,43562.0000,,Tencent_raw
2026-08-18,002620.SZ,5.1200,5.1400,5.0400,5.0700,40186.0000,,Tencent_raw
2026-08-19,002620.SZ,5.0300,5.0400,4.8500,4.9100,48025.0000,,Tencent_raw
2026-08-20,002620.SZ,4.9100,4.9700,4.8800,4.9200,35416.0000,,Tencent_raw
2026-08-21,002620.SZ,4.8800,5.2600,4.7700,5.1900,83155.0000,,Tencent_raw
2026-08-24,002620.SZ,5.1600,5.7100,5.1300,5.7100,137139.0000,,Tencent_raw
2026-08-25,002620.SZ,5.8900,6.0500,5.6000,5.7400,164324.0000,,Tencent_raw
2026-08-26,002620.SZ,5.6900,5.7900,5.5200,5.6100,95549.0000,,Tencent_raw
2026-08-27,002620.SZ,5.6600,5.6700,5.5200,5.5800,65157.0000,,Tencent_raw
2026-08-28,002620.SZ,5.6100,5.7100,5.5400,5.5700,48120.0000,,Tencent_raw
2026-08-31,002620.SZ,5.5400,5.5700,5.4200,5.5600,39166.0000,,Tencent_raw
2026-09-01,002620.SZ,5.5600,5.9200,5.5100,5.7600,100003.0000,,Tencent_raw
2026-09-02,002620.SZ,5.7500,5.9600,5.6400,5.8600,78871.0000,,Tencent_raw
2026-09-03,002620.SZ,5.8000,5.8800,5.6900,5.7600,65328.0000,,Tencent_raw
2026-09-04,002620.SZ,5.7200,5.9400,5.7000,5.9000,67316.0000,,Tencent_raw
2026-09-07,002620.SZ,5.9000,6.2000,5.9000,6.0900,135843.0000,,Tencent_raw
2026-09-08,002620.SZ,6.1200,6.1600,5.9600,5.9600,75854.0000,,Tencent_raw
2026-09-09,002620.SZ,5.9100,5.9600,5.7800,5.8000,59205.0000,,Tencent_raw
2026-09-10,002620.SZ,5.7800,5.9300,5.7300,5.8200,50677.0000,,Tencent_raw
2026-09-11,002620.SZ,5.7500,5.8200,5.6500,5.7300,45482.0000,,Tencent_raw
2026-09-14,002620.SZ,5.7100,5.8800,5.6600,5.7600,51103.0000,,Tencent_raw
2026-09-15,002620.SZ,5.7300,5.7800,5.6300,5.6300,40787.0000,,Tencent_raw
2026-09-16,002620.SZ,5.6000,5.6500,5.5700,5.6300,23425.0000,,Tencent_raw
2026-09-17,002620.SZ,5.6500,5.6700,5.5700,5.6300,21054.0000,,Tencent_raw
2026-09-18,002620.SZ,5.6100,5.8200,5.6100,5.7900,46320.0000,,Tencent_raw
2026-09-21,002620.SZ,5.7700,5.9400,5.7500,5.7800,51330.0000,,Tencent_raw
2026-09-22,002620.SZ,5.7400,5.8000,5.6500,5.7100,37928.0000,,Tencent_raw
2026-09-23,002620.SZ,5.6900,5.8400,5.6500,5.8200,59254.0000,,Tencent_raw
2026-09-24,002620.SZ,5.7500,5.8900,5.7200,5.7200,46666.0000,,Tencent_raw
2026-09-28,002620.SZ,5.7200,5.7200,5.1800,5.2000,94645.0000,,Tencent_raw
2025-09-01,002634.SZ,4.6100,4.8000,4.6000,4.6800,187092.0000,,Tencent_raw
2025-09-02,002634.SZ,4.7000,4.8400,4.6200,4.7600,208101.0000,,Tencent_raw
2025-09-03,002634.SZ,4.7500,4.8200,4.6000,4.6400,145742.0000,,Tencent_raw
2025-09-04,002634.SZ,4.5200,4.8500,4.5200,4.6700,216376.0000,,Tencent_raw
2025-09-05,002634.SZ,4.6800,4.7700,4.5800,4.7700,127941.0000,,Tencent_raw
2025-09-08,002634.SZ,4.8000,4.8400,4.7000,4.7800,113889.0000,,Tencent_raw
2025-09-09,002634.SZ,4.7800,4.9500,4.7200,4.8200,182388.0000,,Tencent_raw
2025-09-10,002634.SZ,4.8300,4.8600,4.6500,4.7400,120601.0000,,Tencent_raw
2025-09-11,002634.SZ,4.7300,4.7300,4.5800,4.7000,118935.0000,,Tencent_raw
2025-09-12,002634.SZ,4.7800,4.7800,4.5800,4.6400,97319.0000,,Tencent_raw
2025-09-15,002634.SZ,4.6500,4.8500,4.6000,4.6400,118482.0000,,Tencent_raw
2025-09-16,002634.SZ,4.6600,4.7700,4.6400,4.7400,131893.0000,,Tencent_raw
2025-09-17,002634.SZ,4.7300,4.7800,4.6300,4.6800,115177.0000,,Tencent_raw
2025-09-18,002634.SZ,4.7100,4.7100,4.4600,4.5000,135712.0000,,Tencent_raw
2025-09-19,002634.SZ,4.5100,4.5300,4.4000,4.4800,78883.0000,,Tencent_raw
2025-09-22,002634.SZ,4.4700,4.4700,4.3400,4.4200,97910.0000,,Tencent_raw
2025-09-23,002634.SZ,4.3800,4.4700,4.2600,4.4300,117535.0000,,Tencent_raw
2025-09-24,002634.SZ,4.4100,4.8500,4.3500,4.6900,245451.0000,,Tencent_raw
2025-09-25,002634.SZ,4.7000,4.9500,4.6000,4.8900,276978.0000,,Tencent_raw
2025-09-26,002634.SZ,4.8600,5.0400,4.8500,4.9100,205358.0000,,Tencent_raw
2025-09-29,002634.SZ,4.9000,4.9500,4.6500,4.9400,169333.0000,,Tencent_raw
2025-09-30,002634.SZ,5.0000,5.0200,4.8900,4.9400,98478.0000,,Tencent_raw
2025-10-09,002634.SZ,4.9700,4.9700,4.7200,4.9300,169556.0000,,Tencent_raw
2025-10-10,002634.SZ,4.9200,5.2000,4.8900,5.0700,163377.0000,,Tencent_raw
2025-10-13,002634.SZ,4.9100,5.0700,4.6900,4.9500,158457.0000,,Tencent_raw
2025-10-14,002634.SZ,5.0500,5.0800,4.9100,4.9400,115597.0000,,Tencent_raw
2025-10-15,002634.SZ,4.9400,5.0600,4.8500,5.0400,103268.0000,,Tencent_raw
2025-10-16,002634.SZ,5.0700,5.3800,5.0300,5.2300,254985.0000,,Tencent_raw
2025-10-17,002634.SZ,5.2300,5.2700,4.9500,4.9700,173627.0000,,Tencent_raw
2025-10-20,002634.SZ,5.1000,5.1200,4.9400,4.9800,105796.0000,,Tencent_raw
2025-10-21,002634.SZ,4.9800,5.0500,4.9500,5.0300,87837.0000,,Tencent_raw
2025-10-22,002634.SZ,5.0000,5.0700,4.9200,4.9500,87106.0000,,Tencent_raw
2025-10-23,002634.SZ,4.9300,5.0100,4.8900,4.9800,77915.0000,,Tencent_raw
2025-10-24,002634.SZ,4.9900,5.1000,4.9600,5.0100,95392.0000,,Tencent_raw
2025-10-27,002634.SZ,5.0200,5.1400,4.8900,4.9200,133506.0000,,Tencent_raw
2025-10-28,002634.SZ,4.9000,5.0800,4.8700,5.0500,133976.0000,,Tencent_raw
2025-10-29,002634.SZ,5.0300,5.3900,4.8400,5.1000,257051.0000,,Tencent_raw
2025-10-30,002634.SZ,5.1000,5.1700,4.8200,4.8800,187626.0000,,Tencent_raw
2025-10-31,002634.SZ,4.9500,5.3700,4.8900,5.0800,351479.0000,,Tencent_raw
2025-11-03,002634.SZ,5.2400,5.5900,5.1900,5.5900,326694.0000,,Tencent_raw
2025-11-04,002634.SZ,5.7100,5.8400,5.3400,5.4500,582796.0000,,Tencent_raw
2025-11-05,002634.SZ,5.3800,5.7900,5.2600,5.7700,397020.0000,,Tencent_raw
2025-11-06,002634.SZ,5.7100,5.7300,5.5100,5.5500,235438.0000,,Tencent_raw
2025-11-07,002634.SZ,5.6000,5.9200,5.4900,5.7600,281298.0000,,Tencent_raw
2025-11-10,002634.SZ,5.7900,5.8100,5.6500,5.7100,182421.0000,,Tencent_raw
2025-11-11,002634.SZ,5.7200,5.8900,5.6500,5.7800,149297.0000,,Tencent_raw
2025-11-12,002634.SZ,5.8300,5.9600,5.7300,5.8100,141608.0000,,Tencent_raw
2025-11-13,002634.SZ,5.8900,5.8900,5.6800,5.7200,117303.0000,,Tencent_raw
2025-11-14,002634.SZ,5.7000,5.7900,5.6200,5.6400,142805.0000,,Tencent_raw
2025-11-17,002634.SZ,5.6500,5.7300,5.5900,5.6500,119822.0000,,Tencent_raw
2025-11-18,002634.SZ,5.6600,5.8000,5.4600,5.7700,158947.0000,,Tencent_raw
2025-11-19,002634.SZ,5.7700,5.8600,5.5200,5.7400,144559.0000,,Tencent_raw
2025-11-20,002634.SZ,5.7500,6.2500,5.6800,6.0300,282090.0000,,Tencent_raw
2025-11-21,002634.SZ,6.1500,6.4700,5.7500,5.7900,278810.0000,,Tencent_raw
2025-11-24,002634.SZ,5.8300,5.9100,5.6400,5.8000,157411.0000,,Tencent_raw
2025-11-25,002634.SZ,5.8900,6.0400,5.6800,6.0000,151689.0000,,Tencent_raw
2025-11-26,002634.SZ,6.0100,6.4500,5.9100,6.3000,283222.0000,,Tencent_raw
2025-11-27,002634.SZ,6.2200,6.5300,6.1300,6.4000,218585.0000,,Tencent_raw
2025-11-28,002634.SZ,6.4500,6.4500,6.1600,6.2000,217714.0000,,Tencent_raw
2025-12-01,002634.SZ,6.2400,6.3800,6.0400,6.1400,232592.0000,,Tencent_raw
2025-12-02,002634.SZ,6.1500,6.4500,6.0800,6.4200,293837.0000,,Tencent_raw
2025-12-03,002634.SZ,6.3700,6.5300,6.2600,6.3700,201735.0000,,Tencent_raw
2025-12-04,002634.SZ,6.3800,6.4500,6.0600,6.3600,179131.0000,,Tencent_raw
2025-12-05,002634.SZ,6.3600,6.4400,6.2000,6.2300,148813.0000,,Tencent_raw
2025-12-08,002634.SZ,6.2300,6.3800,5.6100,5.7600,462525.0000,,Tencent_raw
2025-12-09,002634.SZ,5.7200,5.8900,5.6700,5.7100,256384.0000,,Tencent_raw
2025-12-10,002634.SZ,5.6800,5.7100,5.5100,5.5700,157812.0000,,Tencent_raw
2025-12-11,002634.SZ,5.5500,5.5700,5.2700,5.3200,199672.0000,,Tencent_raw
2025-12-12,002634.SZ,5.3000,5.4100,5.0300,5.1000,150747.0000,,Tencent_raw
2025-12-15,002634.SZ,5.0700,5.3100,5.0200,5.2100,151038.0000,,Tencent_raw
2025-12-16,002634.SZ,5.2300,5.3100,5.1100,5.1900,139542.0000,,Tencent_raw
2025-12-17,002634.SZ,5.1900,5.2400,5.0800,5.2200,91812.0000,,Tencent_raw
2025-12-18,002634.SZ,5.2000,5.3900,5.2000,5.2800,101283.0000,,Tencent_raw
2025-12-19,002634.SZ,5.3200,5.7100,5.2800,5.5800,150970.0000,,Tencent_raw
2025-12-22,002634.SZ,5.6300,5.7500,5.5100,5.5300,168279.0000,,Tencent_raw
2025-12-23,002634.SZ,5.5100,5.6000,5.1200,5.2800,210185.0000,,Tencent_raw
2025-12-24,002634.SZ,5.2800,5.3600,5.2000,5.3400,116350.0000,,Tencent_raw
2025-12-25,002634.SZ,5.3400,5.3400,5.2400,5.2900,62685.0000,,Tencent_raw
2025-12-26,002634.SZ,5.3300,5.3300,5.1400,5.1500,86005.0000,,Tencent_raw
2025-12-29,002634.SZ,5.1500,5.2800,5.1200,5.1600,87344.0000,,Tencent_raw
2025-12-30,002634.SZ,5.1100,5.2000,5.0500,5.1400,87135.0000,,Tencent_raw
2025-12-31,002634.SZ,5.1400,5.6500,5.1400,5.6500,239532.0000,,Tencent_raw
2026-01-05,002634.SZ,5.4900,5.9000,5.4900,5.7700,327013.0000,,Tencent_raw
2026-01-06,002634.SZ,5.8900,5.9500,5.6300,5.7600,269773.0000,,Tencent_raw
2026-01-07,002634.SZ,5.7800,6.1600,5.7100,6.0100,229026.0000,,Tencent_raw
2026-01-08,002634.SZ,6.0000,6.1400,5.8800,5.9700,160381.0000,,Tencent_raw
2026-01-09,002634.SZ,5.9800,6.1700,5.9100,6.1500,152492.0000,,Tencent_raw
2026-01-12,002634.SZ,6.1900,6.3300,6.0500,6.1200,149152.0000,,Tencent_raw
2026-01-13,002634.SZ,6.0900,6.2000,5.9700,5.9900,107297.0000,,Tencent_raw
2026-01-14,002634.SZ,5.9500,6.1800,5.9200,6.0000,119347.0000,,Tencent_raw
2026-01-15,002634.SZ,6.0100,6.0400,5.8600,5.9800,90021.0000,,Tencent_raw
2026-01-16,002634.SZ,5.9800,6.0100,5.8900,5.9500,72250.0000,,Tencent_raw
2026-01-19,002634.SZ,5.9500,5.9900,5.7600,5.7900,125579.0000,,Tencent_raw
2026-01-20,002634.SZ,5.7900,5.8500,5.4700,5.6000,129914.0000,,Tencent_raw
2026-01-21,002634.SZ,5.5800,5.7500,5.5200,5.7300,120760.0000,,Tencent_raw
2026-01-22,002634.SZ,5.7700,5.8000,5.5600,5.6000,138324.0000,,Tencent_raw
2026-01-23,002634.SZ,5.6100,6.0400,5.5800,5.9200,231924.0000,,Tencent_raw
2026-01-26,002634.SZ,5.9500,5.9900,5.3300,5.3700,277738.0000,,Tencent_raw
2026-01-27,002634.SZ,5.3900,5.9100,5.2800,5.9100,159343.0000,,Tencent_raw
2026-01-28,002634.SZ,6.0000,6.0600,5.5800,5.6300,379804.0000,,Tencent_raw
2026-01-29,002634.SZ,5.5200,5.5700,5.3600,5.4000,192415.0000,,Tencent_raw
2026-01-30,002634.SZ,5.6700,5.8800,5.4100,5.5200,276213.0000,,Tencent_raw
2026-02-02,002634.SZ,4.9700,5.8400,4.9700,5.5000,380690.0000,,Tencent_raw
2026-02-03,002634.SZ,5.6000,5.8200,5.5700,5.7600,240050.0000,,Tencent_raw
2026-02-04,002634.SZ,5.9000,6.0800,5.8000,5.9900,203230.0000,,Tencent_raw
2026-02-05,002634.SZ,6.0900,6.3200,5.9700,6.2700,201639.0000,,Tencent_raw
2026-02-06,002634.SZ,6.3500,6.9000,6.3500,6.9000,144619.0000,,Tencent_raw
2026-02-09,002634.SZ,6.8400,7.1700,6.5600,6.6600,568229.0000,,Tencent_raw
2026-02-10,002634.SZ,6.5300,7.3000,6.4800,7.2000,420853.0000,,Tencent_raw
2026-02-11,002634.SZ,7.1800,7.6800,7.1200,7.4800,330845.0000,,Tencent_raw
2026-02-12,002634.SZ,7.4600,7.7400,7.4000,7.5400,251172.0000,,Tencent_raw
2026-02-13,002634.SZ,7.5300,7.8000,7.3500,7.6500,241157.0000,,Tencent_raw
2026-02-24,002634.SZ,7.8100,8.0400,7.4400,7.5100,220079.0000,,Tencent_raw
2026-02-25,002634.SZ,7.5900,7.6000,7.1200,7.2100,242907.0000,,Tencent_raw
2026-02-26,002634.SZ,7.2500,7.3400,6.9700,7.1400,221914.0000,,Tencent_raw
2026-02-27,002634.SZ,7.1000,7.4200,7.0700,7.2900,128124.0000,,Tencent_raw
2026-03-02,002634.SZ,7.2000,7.2100,6.7700,6.8800,209621.0000,,Tencent_raw
2026-03-03,002634.SZ,6.9100,7.2700,6.8200,6.8800,141775.0000,,Tencent_raw
2026-03-04,002634.SZ,6.8100,6.9500,6.5700,6.6900,136832.0000,,Tencent_raw
2026-03-05,002634.SZ,6.9400,7.2400,6.7200,7.1800,150192.0000,,Tencent_raw
2026-03-06,002634.SZ,7.1600,7.2200,7.0000,7.1300,106915.0000,,Tencent_raw
2026-03-09,002634.SZ,7.0600,7.1100,6.8100,7.0600,98306.0000,,Tencent_raw
2026-03-10,002634.SZ,7.1300,7.7700,7.1200,7.4400,315630.0000,,Tencent_raw
2026-03-11,002634.SZ,7.6100,7.6100,7.1600,7.2500,164589.0000,,Tencent_raw
2026-03-12,002634.SZ,7.2400,7.3800,7.1200,7.1400,90804.0000,,Tencent_raw
2026-03-13,002634.SZ,7.0700,7.1400,6.8000,6.8600,96027.0000,,Tencent_raw
2026-03-16,002634.SZ,6.8700,6.8700,6.5800,6.6900,94195.0000,,Tencent_raw
2026-03-17,002634.SZ,6.7200,6.8400,6.5000,6.5200,68981.0000,,Tencent_raw
2026-03-18,002634.SZ,6.5000,6.6400,6.4100,6.5800,71337.0000,,Tencent_raw
2026-03-19,002634.SZ,6.4500,6.6200,6.4000,6.5100,73802.0000,,Tencent_raw
2026-03-20,002634.SZ,6.5100,6.5400,6.2900,6.3500,78814.0000,,Tencent_raw
2026-03-23,002634.SZ,6.1100,6.1300,5.7700,5.8900,205281.0000,,Tencent_raw
2026-03-24,002634.SZ,6.0400,6.4500,5.8800,6.3800,172985.0000,,Tencent_raw
2026-03-25,002634.SZ,6.4200,6.9100,6.3300,6.9100,206999.0000,,Tencent_raw
2026-03-26,002634.SZ,6.8500,7.1400,6.8300,6.9500,139995.0000,,Tencent_raw
2026-03-27,002634.SZ,6.9500,7.4300,6.8100,7.3900,156213.0000,,Tencent_raw
2026-03-30,002634.SZ,7.3500,8.1300,7.3200,8.1300,324823.0000,,Tencent_raw
2026-03-31,002634.SZ,8.7000,8.9400,8.4000,8.9400,352942.0000,,Tencent_raw
2026-04-01,002634.SZ,8.8500,9.4500,8.7100,9.1700,616251.0000,,Tencent_raw
2026-04-02,002634.SZ,9.0900,9.4000,8.9100,9.2100,366653.0000,,Tencent_raw
2026-04-03,002634.SZ,9.3800,9.3800,9.0100,9.2400,314716.0000,,Tencent_raw
2026-04-07,002634.SZ,8.7100,9.3700,8.4100,8.7900,444961.0000,,Tencent_raw
2026-04-08,002634.SZ,8.8100,9.6700,8.8000,9.6700,283588.0000,,Tencent_raw
2026-04-09,002634.SZ,9.5000,9.6700,9.1200,9.3400,332861.0000,,Tencent_raw
2026-04-10,002634.SZ,9.1500,9.4300,8.6100,8.7200,382251.0000,,Tencent_raw
2026-04-13,002634.SZ,8.6500,8.6900,8.2500,8.2900,302096.0000,,Tencent_raw
2026-04-14,002634.SZ,8.1700,8.1700,7.4600,7.4600,284672.0000,,Tencent_raw
2026-04-15,002634.SZ,6.7100,6.7100,6.7100,6.7100,47788.0000,,Tencent_raw
2026-04-16,002634.SZ,6.0400,6.5000,6.0400,6.0400,895439.0000,,Tencent_raw
2026-04-17,002634.SZ,5.8500,5.9200,5.4400,5.8000,922665.0000,,Tencent_raw
2026-04-20,002634.SZ,5.5100,5.7400,5.4400,5.6900,499424.0000,,Tencent_raw
2026-04-21,002634.SZ,5.6500,5.8400,5.5400,5.6000,436436.0000,,Tencent_raw
2026-04-22,002634.SZ,5.5200,5.5500,5.2300,5.2500,495385.0000,,Tencent_raw
2026-04-23,002634.SZ,5.2000,5.2400,4.7300,4.7500,483289.0000,,Tencent_raw
2026-04-24,002634.SZ,4.8000,5.0600,4.7700,5.0500,415410.0000,,Tencent_raw
2026-04-28,002634.SZ,4.8900,5.0400,4.8000,4.8200,430114.0000,,Tencent_raw
2026-04-29,002634.SZ,4.7300,5.0600,4.7100,5.0600,198357.0000,,Tencent_raw
2026-04-30,002634.SZ,5.1600,5.3100,5.0600,5.3100,231717.0000,,Tencent_raw
2026-05-06,002634.SZ,5.5800,5.5800,5.5000,5.5800,98191.0000,,Tencent_raw
2026-05-07,002634.SZ,5.8600,5.8600,5.3000,5.3200,465245.0000,,Tencent_raw
2026-05-08,002634.SZ,5.1500,5.5500,5.1300,5.4300,201250.0000,,Tencent_raw
2026-05-11,002634.SZ,5.3900,5.4500,5.1600,5.1600,284879.0000,,Tencent_raw
2026-05-12,002634.SZ,5.1600,5.3600,4.9500,5.2100,229040.0000,,Tencent_raw
2026-05-13,002634.SZ,5.1700,5.2000,5.0500,5.0600,142221.0000,,Tencent_raw
2026-05-14,002634.SZ,5.0800,5.1300,4.9700,5.0100,131508.0000,,Tencent_raw
2026-05-15,002634.SZ,5.0000,5.0500,4.8900,4.9000,103626.0000,,Tencent_raw
2026-05-18,002634.SZ,4.8500,4.8500,4.6600,4.6600,96591.0000,,Tencent_raw
2026-05-19,002634.SZ,4.5900,4.6600,4.4300,4.6600,219215.0000,,Tencent_raw
2026-05-20,002634.SZ,4.6100,4.6900,4.4500,4.5100,127213.0000,,Tencent_raw
2026-05-21,002634.SZ,4.4600,4.5000,4.2800,4.2800,143131.0000,,Tencent_raw
2026-05-22,002634.SZ,4.3200,4.4900,4.2500,4.4900,71499.0000,,Tencent_raw
2026-05-25,002634.SZ,4.6500,4.7100,4.5500,4.7100,100229.0000,,Tencent_raw
2026-05-26,002634.SZ,4.7600,4.7700,4.4700,4.4700,144888.0000,,Tencent_raw
2026-05-27,002634.SZ,4.4600,4.4800,4.2500,4.3400,133270.0000,,Tencent_raw
2026-05-28,002634.SZ,4.2900,4.4300,4.2900,4.3400,68725.0000,,Tencent_raw
2026-05-29,002634.SZ,4.4800,4.5600,4.4100,4.5600,111011.0000,,Tencent_raw
2026-06-01,002634.SZ,4.6300,4.7900,4.5600,4.7900,165499.0000,,Tencent_raw
2026-06-02,002634.SZ,4.9900,5.0300,4.9400,5.0300,61275.0000,,Tencent_raw
2026-06-03,002634.SZ,5.2300,5.2500,4.7900,4.9300,239852.0000,,Tencent_raw
2026-06-04,002634.SZ,4.8600,4.9600,4.7500,4.8000,113495.0000,,Tencent_raw
2026-06-05,002634.SZ,4.8700,5.0300,4.6800,4.7800,99533.0000,,Tencent_raw
2026-06-08,002634.SZ,4.7400,5.0200,4.6900,4.9900,238526.0000,,Tencent_raw
2026-06-09,002634.SZ,4.9200,4.9900,4.7400,4.7500,173766.0000,,Tencent_raw
2026-06-10,002634.SZ,4.7000,4.7800,4.5100,4.5600,108311.0000,,Tencent_raw
2026-06-11,002634.SZ,4.6000,4.7900,4.3600,4.7300,118906.0000,,Tencent_raw
2026-06-12,002634.SZ,4.7400,4.8900,4.6500,4.7100,93531.0000,,Tencent_raw
2026-06-15,002634.SZ,4.7800,4.9500,4.7700,4.9500,56058.0000,,Tencent_raw
2026-06-16,002634.SZ,5.1200,5.1800,4.8200,5.1400,186572.0000,,Tencent_raw
2026-06-17,002634.SZ,5.1800,5.3800,5.0200,5.2100,175884.0000,,Tencent_raw
2026-06-18,002634.SZ,5.1300,5.1500,4.9500,4.9500,65569.0000,,Tencent_raw
2026-06-22,002634.SZ,4.7200,4.7500,4.7000,4.7000,37555.0000,,Tencent_raw
2026-06-23,002634.SZ,4.5200,4.5900,4.4700,4.4700,155872.0000,,Tencent_raw
2026-06-24,002634.SZ,4.4200,4.5100,4.2500,4.2500,172977.0000,,Tencent_raw
2026-06-25,002634.SZ,4.2700,4.4600,4.2500,4.3900,139934.0000,,Tencent_raw
2026-06-26,002634.SZ,4.3900,4.4000,4.1700,4.2400,96717.0000,,Tencent_raw
2026-06-29,002634.SZ,4.4100,4.4400,4.2200,4.2600,118957.0000,,Tencent_raw
2026-06-30,002634.SZ,4.1600,4.3900,4.0500,4.3600,89414.0000,,Tencent_raw
2026-07-01,002634.SZ,4.3500,4.4700,4.3100,4.3900,88968.0000,,Tencent_raw
2026-07-02,002634.SZ,4.3200,4.6100,4.3200,4.6100,101578.0000,,Tencent_raw
2026-07-03,002634.SZ,4.6500,4.7200,4.5200,4.6500,97099.0000,,Tencent_raw
2026-07-06,002634.SZ,4.7100,4.7100,4.3700,4.3800,83228.0000,,Tencent_raw
2026-07-07,002634.SZ,4.4000,4.4600,4.2600,4.2900,55019.0000,,Tencent_raw
2026-07-08,002634.SZ,4.4300,4.4800,4.2800,4.3700,46143.0000,,Tencent_raw
2026-07-09,002634.SZ,4.3200,4.3800,4.2200,4.3200,42653.0000,,Tencent_raw
2026-07-10,002634.SZ,4.2900,4.3700,4.2400,4.3000,48182.0000,,Tencent_raw
2026-07-13,002634.SZ,4.3000,4.3000,4.1800,4.1800,50660.0000,,Tencent_raw
2026-07-14,002634.SZ,4.1800,4.2300,4.1500,4.1900,32890.0000,,Tencent_raw
2026-07-15,002634.SZ,4.1900,4.2100,4.0900,4.1100,44927.0000,,Tencent_raw
2026-07-16,002634.SZ,4.1300,4.1300,3.9700,3.9700,75544.0000,,Tencent_raw
2026-07-17,002634.SZ,3.9600,4.0100,3.7300,3.7400,80484.0000,,Tencent_raw
2026-07-20,002634.SZ,3.7400,3.8000,3.5000,3.5500,70186.0000,,Tencent_raw
2026-07-21,002634.SZ,3.5500,3.6400,3.3800,3.5900,62224.0000,,Tencent_raw
2026-07-22,002634.SZ,3.5800,3.6100,3.4500,3.5100,50226.0000,,Tencent_raw
2026-07-23,002634.SZ,3.5200,3.7400,3.4700,3.7300,82087.0000,,Tencent_raw
2026-07-24,002634.SZ,3.6600,4.0300,3.6600,3.9400,102974.0000,,Tencent_raw
2026-07-27,002634.SZ,3.9000,4.1400,3.9000,3.9900,82383.0000,,Tencent_raw
2026-07-28,002634.SZ,3.9600,4.1400,3.9600,4.0300,62205.0000,,Tencent_raw
2026-07-29,002634.SZ,4.0100,4.0500,3.8600,4.0300,66285.0000,,Tencent_raw
2026-07-30,002634.SZ,4.0000,4.0700,3.9400,4.0300,47206.0000,,Tencent_raw
2026-07-31,002634.SZ,4.1000,4.1800,4.0700,4.1700,64379.0000,,Tencent_raw
2026-08-03,002634.SZ,4.2300,4.3000,4.1300,4.1500,50862.0000,,Tencent_raw
2026-08-04,002634.SZ,4.1200,4.1900,4.0800,4.1100,51530.0000,,Tencent_raw
2026-08-05,002634.SZ,4.1500,4.1600,4.0600,4.0900,43531.0000,,Tencent_raw
2026-08-06,002634.SZ,4.1000,4.1700,4.0600,4.1000,35394.0000,,Tencent_raw
2026-08-07,002634.SZ,4.1300,4.1700,4.0900,4.1400,39387.0000,,Tencent_raw
2026-08-10,002634.SZ,4.0900,4.5000,4.0800,4.4800,101721.0000,,Tencent_raw
2026-08-11,002634.SZ,4.4700,4.6000,4.3600,4.4700,68512.0000,,Tencent_raw
2026-08-12,002634.SZ,4.4700,4.5000,4.3500,4.4100,45685.0000,,Tencent_raw
2026-08-13,002634.SZ,4.3600,4.4300,4.3300,4.3300,47977.0000,,Tencent_raw
2026-08-14,002634.SZ,4.3700,4.3700,4.2600,4.3200,27711.0000,,Tencent_raw
2026-08-17,002634.SZ,4.3200,4.3500,4.2800,4.3500,25810.0000,,Tencent_raw
2026-08-18,002634.SZ,4.3800,4.5300,4.3500,4.4000,58328.0000,,Tencent_raw
2026-08-19,002634.SZ,4.4000,4.4000,4.2000,4.2700,39266.0000,,Tencent_raw
2026-08-20,002634.SZ,4.3100,4.3300,4.2600,4.2800,22341.0000,,Tencent_raw
2026-08-21,002634.SZ,4.3100,4.3600,4.2100,4.3500,41377.0000,,Tencent_raw
2026-08-24,002634.SZ,4.3500,4.3600,4.2500,4.2600,28028.0000,,Tencent_raw
2026-08-25,002634.SZ,4.2200,4.2800,4.1800,4.2400,36617.0000,,Tencent_raw
2026-08-26,002634.SZ,4.2400,4.3100,4.2300,4.2800,28250.0000,,Tencent_raw
2026-08-27,002634.SZ,4.2800,4.3200,4.2200,4.2700,36818.0000,,Tencent_raw
2026-08-28,002634.SZ,4.2600,4.2700,4.2300,4.2500,30601.0000,,Tencent_raw
2026-08-31,002634.SZ,4.2500,4.2600,4.2000,4.2200,26892.0000,,Tencent_raw
2026-09-01,002634.SZ,4.2300,4.2400,4.1400,4.1500,41081.0000,,Tencent_raw
2026-09-02,002634.SZ,4.1500,4.1900,4.0100,4.1400,45463.0000,,Tencent_raw
2026-09-03,002634.SZ,4.1500,4.1600,4.0200,4.0600,43280.0000,,Tencent_raw
2026-09-04,002634.SZ,4.1800,4.2800,4.1300,4.1800,62525.0000,,Tencent_raw
2026-09-07,002634.SZ,4.1400,4.2500,4.1200,4.2300,43311.0000,,Tencent_raw
2026-09-08,002634.SZ,4.2900,4.3800,4.2400,4.3500,62059.0000,,Tencent_raw
2026-09-09,002634.SZ,4.3500,4.3900,4.2900,4.3100,34203.0000,,Tencent_raw
2026-09-10,002634.SZ,4.3100,4.3900,4.2700,4.3800,58647.0000,,Tencent_raw
2026-09-11,002634.SZ,4.3500,4.4400,4.2700,4.2700,59087.0000,,Tencent_raw
2026-09-14,002634.SZ,4.2600,4.3200,4.1600,4.1900,36968.0000,,Tencent_raw
2026-09-15,002634.SZ,4.1800,4.1900,4.0900,4.1000,28128.0000,,Tencent_raw
2026-09-16,002634.SZ,4.1100,4.1900,4.0700,4.1000,27800.0000,,Tencent_raw
2026-09-17,002634.SZ,4.1000,4.1000,4.0000,4.0200,44839.0000,,Tencent_raw
2026-09-18,002634.SZ,4.0300,4.0600,3.9600,4.0600,42352.0000,,Tencent_raw
2026-09-21,002634.SZ,4.0400,4.0400,3.9700,4.0300,56159.0000,,Tencent_raw
2026-09-22,002634.SZ,4.0600,4.2600,4.0100,4.1300,95177.0000,,Tencent_raw
2026-09-23,002634.SZ,4.0900,4.1500,4.0000,4.0100,59681.0000,,Tencent_raw
2026-09-24,002634.SZ,4.0300,4.0800,3.9900,4.0400,36406.0000,,Tencent_raw
2026-09-28,002634.SZ,4.0500,4.0500,3.9100,4.0400,64075.0000,,Tencent_raw
2025-09-01,002726.SZ,5.4000,5.4700,5.3800,5.4500,173982.0000,,Tencent_raw
2025-09-02,002726.SZ,5.4500,5.5200,5.4300,5.5100,258868.0000,,Tencent_raw
2025-09-03,002726.SZ,5.5100,5.5200,5.3700,5.3900,193047.0000,,Tencent_raw
2025-09-04,002726.SZ,5.3900,5.5500,5.3400,5.5400,364258.0000,,Tencent_raw
2025-09-05,002726.SZ,5.5300,5.5600,5.4700,5.5500,224153.0000,,Tencent_raw
2025-09-08,002726.SZ,5.5600,5.6600,5.5400,5.6500,361281.0000,,Tencent_raw
2025-09-09,002726.SZ,5.6300,5.6500,5.5900,5.6500,207608.0000,,Tencent_raw
2025-09-10,002726.SZ,5.6500,5.6600,5.5800,5.6100,162246.0000,,Tencent_raw
2025-09-11,002726.SZ,5.6300,5.6900,5.6000,5.6900,317202.0000,,Tencent_raw
2025-09-12,002726.SZ,5.6800,5.8500,5.6600,5.8000,434269.0000,,Tencent_raw
2025-09-15,002726.SZ,5.8500,6.3800,5.7900,6.1300,1211593.0000,,Tencent_raw
2025-09-16,002726.SZ,6.1400,6.1900,6.0000,6.0300,615994.0000,,Tencent_raw
2025-09-17,002726.SZ,6.0300,6.0600,5.8500,5.8700,539210.0000,,Tencent_raw
2025-09-18,002726.SZ,5.8800,5.9300,5.6800,5.7200,444976.0000,,Tencent_raw
2025-09-19,002726.SZ,5.7100,5.7400,5.6400,5.7200,248386.0000,,Tencent_raw
2025-09-22,002726.SZ,5.7200,5.7400,5.5600,5.5900,274789.0000,,Tencent_raw
2025-09-23,002726.SZ,5.5900,5.6000,5.4000,5.4700,364074.0000,,Tencent_raw
2025-09-24,002726.SZ,5.4500,5.5100,5.4200,5.4800,189443.0000,,Tencent_raw
2025-09-25,002726.SZ,5.4800,5.4900,5.3700,5.3800,211893.0000,,Tencent_raw
2025-09-26,002726.SZ,5.3500,5.3600,5.2400,5.2500,337553.0000,,Tencent_raw
2025-09-29,002726.SZ,5.2200,5.2400,4.9700,5.0700,379638.0000,,Tencent_raw
2025-09-30,002726.SZ,5.0700,5.1000,5.0100,5.0100,203380.0000,,Tencent_raw
2025-10-09,002726.SZ,5.0000,5.0000,4.9100,4.9500,279824.0000,,Tencent_raw
2025-10-10,002726.SZ,4.9300,5.0100,4.9200,4.9600,272451.0000,,Tencent_raw
2025-10-13,002726.SZ,4.8000,4.8800,4.7600,4.8800,282320.0000,,Tencent_raw
2025-10-14,002726.SZ,4.8700,4.9300,4.8700,4.9100,206719.0000,,Tencent_raw
2025-10-15,002726.SZ,4.9200,4.9300,4.8700,4.9200,161230.0000,,Tencent_raw
2025-10-16,002726.SZ,4.9200,4.9300,4.8400,4.9000,177739.0000,,Tencent_raw
2025-10-17,002726.SZ,4.8800,4.9000,4.8500,4.8600,151900.0000,,Tencent_raw
2025-10-20,002726.SZ,4.8900,4.9100,4.8500,4.9000,133199.0000,,Tencent_raw
2025-10-21,002726.SZ,4.9100,4.9700,4.8900,4.9700,167244.0000,,Tencent_raw
2025-10-22,002726.SZ,4.9600,5.0100,4.9400,4.9800,155458.0000,,Tencent_raw
2025-10-23,002726.SZ,4.9700,5.0100,4.9400,5.0100,123365.0000,,Tencent_raw
2025-10-24,002726.SZ,5.0100,5.0200,4.9400,4.9500,191511.0000,,Tencent_raw
2025-10-27,002726.SZ,4.9500,4.9800,4.9100,4.9600,172519.0000,,Tencent_raw
2025-10-28,002726.SZ,4.9500,4.9600,4.9000,4.9000,156178.0000,,Tencent_raw
2025-10-29,002726.SZ,4.9000,4.9000,4.8100,4.8500,178074.0000,,Tencent_raw
2025-10-30,002726.SZ,4.8300,4.8400,4.7900,4.7900,163126.0000,,Tencent_raw
2025-10-31,002726.SZ,4.7200,4.8200,4.6800,4.8100,215252.0000,,Tencent_raw
2025-11-03,002726.SZ,4.8000,4.8400,4.7800,4.8300,143754.0000,,Tencent_raw
2025-11-04,002726.SZ,4.8400,4.8400,4.7700,4.8000,128550.0000,,Tencent_raw
2025-11-05,002726.SZ,4.7800,4.8800,4.7700,4.8400,130240.0000,,Tencent_raw
2025-11-06,002726.SZ,4.8400,4.8500,4.8000,4.8100,130592.0000,,Tencent_raw
2025-11-07,002726.SZ,4.7900,4.8500,4.7900,4.8200,112425.0000,,Tencent_raw
2025-11-10,002726.SZ,4.8200,4.9200,4.8000,4.9100,205748.0000,,Tencent_raw
2025-11-11,002726.SZ,4.9000,4.9800,4.8800,4.9700,200752.0000,,Tencent_raw
2025-11-12,002726.SZ,4.9700,4.9900,4.9300,4.9400,136235.0000,,Tencent_raw
2025-11-13,002726.SZ,4.9400,4.9900,4.9000,4.9800,184218.0000,,Tencent_raw
2025-11-14,002726.SZ,4.9800,5.0600,4.9600,4.9700,209823.0000,,Tencent_raw
2025-11-17,002726.SZ,4.9900,4.9900,4.9200,4.9500,192042.0000,,Tencent_raw
2025-11-18,002726.SZ,4.9300,4.9500,4.8300,4.8700,237976.0000,,Tencent_raw
2025-11-19,002726.SZ,4.8600,4.9100,4.7700,4.8800,245753.0000,,Tencent_raw
2025-11-20,002726.SZ,4.8800,4.8800,4.7700,4.7700,220580.0000,,Tencent_raw
2025-11-21,002726.SZ,4.7400,4.8000,4.5600,4.5800,311076.0000,,Tencent_raw
2025-11-24,002726.SZ,4.5900,4.6200,4.5500,4.5900,156061.0000,,Tencent_raw
2025-11-25,002726.SZ,4.5900,4.6700,4.5500,4.6600,222301.0000,,Tencent_raw
2025-11-26,002726.SZ,4.6500,4.7700,4.6000,4.6100,261748.0000,,Tencent_raw
2025-11-27,002726.SZ,4.6400,4.7100,4.6100,4.6500,197460.0000,,Tencent_raw
2025-11-28,002726.SZ,4.6500,4.6800,4.6000,4.6600,167015.0000,,Tencent_raw
2025-12-01,002726.SZ,4.6600,4.6800,4.6300,4.6500,164389.0000,,Tencent_raw
2025-12-02,002726.SZ,4.6300,4.6600,4.5700,4.5900,239304.0000,,Tencent_raw
2025-12-03,002726.SZ,4.5700,4.5900,4.4500,4.4800,264020.0000,,Tencent_raw
2025-12-04,002726.SZ,4.4700,4.4700,4.2900,4.3000,290321.0000,,Tencent_raw
2025-12-05,002726.SZ,4.2900,4.3600,4.2400,4.3500,255840.0000,,Tencent_raw
2025-12-08,002726.SZ,4.3500,4.3700,4.3200,4.3400,170035.0000,,Tencent_raw
2025-12-09,002726.SZ,4.3300,4.4100,4.2400,4.3400,272083.0000,,Tencent_raw
2025-12-10,002726.SZ,4.3200,4.4100,4.2900,4.3500,199595.0000,,Tencent_raw
2025-12-11,002726.SZ,4.3500,4.3700,4.2400,4.2500,214367.0000,,Tencent_raw
2025-12-12,002726.SZ,4.2400,4.2500,4.1000,4.1300,372385.0000,,Tencent_raw
2025-12-15,002726.SZ,4.1000,4.2000,4.0800,4.1700,234656.0000,,Tencent_raw
2025-12-16,002726.SZ,4.1600,4.2900,4.1400,4.1700,213295.0000,,Tencent_raw
2025-12-17,002726.SZ,4.2700,4.3100,4.1600,4.2100,271998.0000,,Tencent_raw
2025-12-18,002726.SZ,4.1900,4.3500,4.1800,4.2700,275220.0000,,Tencent_raw
2025-12-19,002726.SZ,4.2700,4.3700,4.2300,4.3500,265144.0000,,Tencent_raw
2025-12-22,002726.SZ,4.3400,4.3500,4.2800,4.3100,182361.0000,,Tencent_raw
2025-12-23,002726.SZ,4.3000,4.3000,4.2000,4.2000,228700.0000,,Tencent_raw
2025-12-24,002726.SZ,4.2000,4.2200,4.1800,4.2000,152854.0000,,Tencent_raw
2025-12-25,002726.SZ,4.2000,4.2200,4.1700,4.2100,131797.0000,,Tencent_raw
2025-12-26,002726.SZ,4.2100,4.2500,4.1900,4.2200,138982.0000,,Tencent_raw
2025-12-29,002726.SZ,4.2100,4.2200,4.1600,4.1600,138442.0000,,Tencent_raw
2025-12-30,002726.SZ,4.1400,4.1900,4.1200,4.1500,119459.0000,,Tencent_raw
2025-12-31,002726.SZ,4.1400,4.1600,4.0800,4.1100,145259.0000,,Tencent_raw
2026-01-05,002726.SZ,4.1000,4.1500,4.0900,4.1500,143292.0000,,Tencent_raw
2026-01-06,002726.SZ,4.1500,4.2100,4.1400,4.2100,176385.0000,,Tencent_raw
2026-01-07,002726.SZ,4.2000,4.2200,4.1500,4.1700,152143.0000,,Tencent_raw
2026-01-08,002726.SZ,4.1500,4.2200,4.1400,4.2100,130814.0000,,Tencent_raw
2026-01-09,002726.SZ,4.2000,4.2400,4.1800,4.2200,152757.0000,,Tencent_raw
2026-01-12,002726.SZ,4.2100,4.3000,4.1900,4.2900,208326.0000,,Tencent_raw
2026-01-13,002726.SZ,4.2900,4.3000,4.2300,4.2400,166699.0000,,Tencent_raw
2026-01-14,002726.SZ,4.2500,4.2800,4.1800,4.2100,204481.0000,,Tencent_raw
2026-01-15,002726.SZ,4.2100,4.2300,4.1700,4.1800,144191.0000,,Tencent_raw
2026-01-16,002726.SZ,4.1900,4.2000,4.1100,4.1100,165962.0000,,Tencent_raw
2026-01-19,002726.SZ,4.1000,4.2200,4.0900,4.2200,162907.0000,,Tencent_raw
2026-01-20,002726.SZ,4.2200,4.2500,4.1900,4.2500,184838.0000,,Tencent_raw
2026-01-21,002726.SZ,4.2300,4.2400,4.1700,4.1900,160742.0000,,Tencent_raw
2026-01-22,002726.SZ,4.2000,4.2700,4.1700,4.2600,186730.0000,,Tencent_raw
2026-01-23,002726.SZ,4.2900,4.3100,4.2500,4.2700,160862.0000,,Tencent_raw
2026-01-26,002726.SZ,4.2700,4.3400,4.2200,4.3200,265265.0000,,Tencent_raw
2026-01-27,002726.SZ,4.3300,4.3400,4.1700,4.2200,249126.0000,,Tencent_raw
2026-01-28,002726.SZ,4.2100,4.2500,4.1900,4.2000,181723.0000,,Tencent_raw
2026-01-29,002726.SZ,4.2000,4.2700,4.1800,4.2700,180491.0000,,Tencent_raw
2026-01-30,002726.SZ,4.2800,4.3600,4.2500,4.2600,287614.0000,,Tencent_raw
2026-02-02,002726.SZ,4.1300,4.2900,4.0300,4.1700,324315.0000,,Tencent_raw
2026-02-03,002726.SZ,4.1900,4.2000,3.9900,4.0100,446778.0000,,Tencent_raw
2026-02-04,002726.SZ,4.0100,4.0900,3.9700,4.0800,213312.0000,,Tencent_raw
2026-02-05,002726.SZ,4.0700,4.1800,4.0400,4.1100,199946.0000,,Tencent_raw
2026-02-06,002726.SZ,4.0900,4.1700,4.0600,4.1200,146832.0000,,Tencent_raw
2026-02-09,002726.SZ,4.1700,4.1900,4.1300,4.1700,141731.0000,,Tencent_raw
2026-02-10,002726.SZ,4.1700,4.2200,4.1200,4.2000,154199.0000,,Tencent_raw
2026-02-11,002726.SZ,4.2100,4.2500,4.1700,4.2100,155913.0000,,Tencent_raw
2026-02-12,002726.SZ,4.2600,4.2600,4.0600,4.0600,255056.0000,,Tencent_raw
2026-02-13,002726.SZ,4.0900,4.1000,4.0100,4.0200,131080.0000,,Tencent_raw
2026-02-24,002726.SZ,4.0400,4.0900,4.0300,4.0800,101324.0000,,Tencent_raw
2026-02-25,002726.SZ,4.0700,4.2100,4.0700,4.1400,186753.0000,,Tencent_raw
2026-02-26,002726.SZ,4.1600,4.1600,4.0700,4.0900,119790.0000,,Tencent_raw
2026-02-27,002726.SZ,4.0900,4.1400,4.0800,4.1300,82476.0000,,Tencent_raw
2026-03-02,002726.SZ,4.0900,4.1400,4.0100,4.0600,157430.0000,,Tencent_raw
2026-03-03,002726.SZ,4.0600,4.1100,3.9800,3.9800,185415.0000,,Tencent_raw
2026-03-04,002726.SZ,3.9700,3.9800,3.7900,3.8200,290785.0000,,Tencent_raw
2026-03-05,002726.SZ,3.8600,3.8700,3.7100,3.7500,263928.0000,,Tencent_raw
2026-03-06,002726.SZ,3.7300,3.9200,3.7100,3.9000,290101.0000,,Tencent_raw
2026-03-09,002726.SZ,3.8600,3.9400,3.8600,3.9200,179626.0000,,Tencent_raw
2026-03-10,002726.SZ,3.9300,3.9500,3.8900,3.9200,98162.0000,,Tencent_raw
2026-03-11,002726.SZ,3.9300,3.9500,3.8800,3.9500,121677.0000,,Tencent_raw
2026-03-12,002726.SZ,3.9500,4.0200,3.9100,3.9700,122746.0000,,Tencent_raw
2026-03-13,002726.SZ,3.9600,4.0100,3.8900,3.9100,149795.0000,,Tencent_raw
2026-03-16,002726.SZ,3.9000,4.0300,3.8900,4.0100,218211.0000,,Tencent_raw
2026-03-17,002726.SZ,4.0300,4.0800,3.9500,3.9700,183346.0000,,Tencent_raw
2026-03-18,002726.SZ,3.9400,3.9700,3.8100,3.8500,203832.0000,,Tencent_raw
2026-03-19,002726.SZ,3.8400,3.9100,3.8300,3.8600,142866.0000,,Tencent_raw
2026-03-20,002726.SZ,3.8400,3.8500,3.5000,3.5300,530255.0000,,Tencent_raw
2026-03-23,002726.SZ,3.4600,3.4600,3.1800,3.1800,573467.0000,,Tencent_raw
2026-03-24,002726.SZ,3.3200,3.3600,3.1100,3.3600,653107.0000,,Tencent_raw
2026-03-25,002726.SZ,3.3700,3.4000,3.3200,3.3900,325565.0000,,Tencent_raw
2026-03-26,002726.SZ,3.3600,3.4500,3.3300,3.3500,241510.0000,,Tencent_raw
2026-03-27,002726.SZ,3.3200,3.4100,3.3000,3.3900,239501.0000,,Tencent_raw
2026-03-30,002726.SZ,3.3300,3.4200,3.3100,3.3800,243240.0000,,Tencent_raw
2026-03-31,002726.SZ,3.4000,3.4600,3.2700,3.2900,259688.0000,,Tencent_raw
2026-04-01,002726.SZ,3.3500,3.3800,3.2500,3.2900,229695.0000,,Tencent_raw
2026-04-02,002726.SZ,3.3000,3.3200,3.1700,3.2000,247637.0000,,Tencent_raw
2026-04-03,002726.SZ,3.2000,3.2100,3.0500,3.0700,273372.0000,,Tencent_raw
2026-04-07,002726.SZ,3.0700,3.2800,3.0300,3.2300,401037.0000,,Tencent_raw
2026-04-08,002726.SZ,3.2600,3.2700,3.1800,3.2400,382345.0000,,Tencent_raw
2026-04-09,002726.SZ,3.2200,3.2600,3.0900,3.1000,368967.0000,,Tencent_raw
2026-04-10,002726.SZ,3.1300,3.1400,3.0700,3.0800,271457.0000,,Tencent_raw
2026-04-13,002726.SZ,3.0600,3.2100,3.0500,3.2000,400355.0000,,Tencent_raw
2026-04-14,002726.SZ,3.2100,3.2800,3.1400,3.2700,449760.0000,,Tencent_raw
2026-04-15,002726.SZ,3.2700,3.3100,3.1900,3.2900,337933.0000,,Tencent_raw
2026-04-16,002726.SZ,3.6200,3.6200,3.5700,3.6200,439009.0000,,Tencent_raw
2026-04-17,002726.SZ,3.6200,3.6600,3.3700,3.4900,1163188.0000,,Tencent_raw
2026-04-20,002726.SZ,3.4400,3.5800,3.3700,3.4600,854696.0000,,Tencent_raw
2026-04-21,002726.SZ,3.4300,3.4600,3.3000,3.3300,595983.0000,,Tencent_raw
2026-04-22,002726.SZ,3.3300,3.6600,3.3100,3.4200,869466.0000,,Tencent_raw
2026-04-23,002726.SZ,3.3400,3.3800,3.1500,3.1500,669600.0000,,Tencent_raw
2026-04-24,002726.SZ,3.1500,3.1800,3.0600,3.0800,373930.0000,,Tencent_raw
2026-04-27,002726.SZ,3.0700,3.0800,2.9500,3.0200,344450.0000,,Tencent_raw
2026-04-28,002726.SZ,3.0100,3.0600,2.9900,3.0100,262081.0000,,Tencent_raw
2026-04-30,002726.SZ,2.8600,2.8600,2.8600,2.8600,12671.0000,,Tencent_raw
2026-05-06,002726.SZ,2.7200,2.7200,2.7200,2.7200,4306.0000,,Tencent_raw
2026-05-07,002726.SZ,2.5800,2.5800,2.5800,2.5800,6714.0000,,Tencent_raw
2026-05-08,002726.SZ,2.4500,2.4500,2.4500,2.4500,9411.0000,,Tencent_raw
2026-05-11,002726.SZ,2.3300,2.3300,2.3300,2.3300,15412.0000,,Tencent_raw
2026-05-12,002726.SZ,2.2100,2.2100,2.2100,2.2100,16937.0000,,Tencent_raw
2026-05-13,002726.SZ,2.1000,2.1900,2.1000,2.1300,874518.0000,,Tencent_raw
2026-05-14,002726.SZ,2.0700,2.0700,2.0200,2.0200,1252860.0000,,Tencent_raw
2026-05-15,002726.SZ,1.9500,1.9500,1.9200,1.9200,351859.0000,,Tencent_raw
2026-05-18,002726.SZ,1.8200,1.8300,1.8200,1.8200,191153.0000,,Tencent_raw
2026-05-19,002726.SZ,1.7300,1.8800,1.7300,1.8300,767023.0000,,Tencent_raw
2026-05-20,002726.SZ,1.7800,1.9100,1.7400,1.8600,762920.0000,,Tencent_raw
2026-05-21,002726.SZ,1.8200,1.8600,1.7700,1.7700,445586.0000,,Tencent_raw
2026-05-22,002726.SZ,1.7400,1.7700,1.7000,1.7300,317903.0000,,Tencent_raw
2026-05-25,002726.SZ,1.6600,1.7100,1.6400,1.6400,377050.0000,,Tencent_raw
2026-05-26,002726.SZ,1.6300,1.6300,1.5600,1.5700,507403.0000,,Tencent_raw
2026-05-27,002726.SZ,1.5700,1.6500,1.5600,1.6500,654297.0000,,Tencent_raw
2026-05-28,002726.SZ,1.6000,1.7100,1.5800,1.6800,543287.0000,,Tencent_raw
2026-05-29,002726.SZ,1.7000,1.7600,1.7000,1.7100,677727.0000,,Tencent_raw
2026-06-01,002726.SZ,1.6700,1.7600,1.6200,1.7600,596727.0000,,Tencent_raw
2026-06-02,002726.SZ,1.7500,1.8000,1.6900,1.7700,538825.0000,,Tencent_raw
2026-06-03,002726.SZ,1.7700,1.8300,1.6900,1.6900,500496.0000,,Tencent_raw
2026-06-04,002726.SZ,1.6600,1.7400,1.6400,1.6900,359356.0000,,Tencent_raw
2026-06-05,002726.SZ,1.6600,1.7000,1.6200,1.6700,356025.0000,,Tencent_raw
2026-06-08,002726.SZ,1.6100,1.6600,1.5900,1.5900,354555.0000,,Tencent_raw
2026-06-09,002726.SZ,1.6100,1.6200,1.5600,1.5800,225877.0000,,Tencent_raw
2026-06-10,002726.SZ,1.5600,1.5800,1.5000,1.5000,270942.0000,,Tencent_raw
2026-06-11,002726.SZ,1.4700,1.4700,1.4300,1.4300,262559.0000,,Tencent_raw
2026-06-12,002726.SZ,1.4300,1.4800,1.3600,1.4500,470322.0000,,Tencent_raw
2026-06-15,002726.SZ,1.4500,1.5100,1.4300,1.4700,323231.0000,,Tencent_raw
2026-06-16,002726.SZ,1.4800,1.5400,1.4300,1.5400,380778.0000,,Tencent_raw
2026-06-17,002726.SZ,1.5600,1.6000,1.4700,1.4800,365555.0000,,Tencent_raw
2026-06-18,002726.SZ,1.4900,1.5500,1.4200,1.5000,313719.0000,,Tencent_raw
2026-06-22,002726.SZ,1.4800,1.5000,1.4300,1.4500,308752.0000,,Tencent_raw
2026-06-23,002726.SZ,1.4300,1.5200,1.4300,1.5200,282091.0000,,Tencent_raw
2026-06-24,002726.SZ,1.5300,1.5500,1.4400,1.4400,294290.0000,,Tencent_raw
2026-06-25,002726.SZ,1.4100,1.4200,1.3700,1.3700,236548.0000,,Tencent_raw
2026-06-26,002726.SZ,1.3000,1.3000,1.3000,1.3000,44522.0000,,Tencent_raw
2026-06-29,002726.SZ,1.2400,1.2400,1.2400,1.2400,58832.0000,,Tencent_raw
2026-06-30,002726.SZ,1.1800,1.2200,1.1800,1.1800,675434.0000,,Tencent_raw
2026-07-01,002726.SZ,1.1500,1.2400,1.1300,1.2200,808624.0000,,Tencent_raw
2026-07-02,002726.SZ,1.2100,1.2800,1.2000,1.2800,724430.0000,,Tencent_raw
2026-07-03,002726.SZ,1.2800,1.3400,1.2600,1.3400,787745.0000,,Tencent_raw
2026-07-06,002726.SZ,1.4700,1.4700,1.4700,1.4700,57134.0000,,Tencent_raw
2026-07-07,002726.SZ,1.5800,1.6200,1.4600,1.4600,1558353.0000,,Tencent_raw
2026-07-08,002726.SZ,1.3100,1.5600,1.3100,1.4600,1199541.0000,,Tencent_raw
2026-07-09,002726.SZ,1.4600,1.5900,1.4500,1.5200,1106777.0000,,Tencent_raw
2026-07-10,002726.SZ,1.5300,1.6400,1.4900,1.5800,1206686.0000,,Tencent_raw
2026-07-13,002726.SZ,1.5400,1.7400,1.5200,1.7200,1347662.0000,,Tencent_raw
2026-07-14,002726.SZ,1.6800,1.8100,1.6300,1.6900,1364453.0000,,Tencent_raw
2026-07-15,002726.SZ,1.7200,1.8300,1.6800,1.8300,1158227.0000,,Tencent_raw
2026-07-16,002726.SZ,1.9300,2.0100,1.8800,2.0100,878199.0000,,Tencent_raw
2026-07-17,002726.SZ,2.1500,2.2100,2.0000,2.0800,2087519.0000,,Tencent_raw
2026-07-20,002726.SZ,1.9800,2.0700,1.8700,1.8700,1428192.0000,,Tencent_raw
2026-07-21,002726.SZ,1.9500,2.0500,1.7200,1.9800,1528663.0000,,Tencent_raw
2026-07-22,002726.SZ,1.8800,2.0100,1.8600,1.9700,899951.0000,,Tencent_raw
2026-07-23,002726.SZ,1.9400,1.9900,1.8900,1.9200,671069.0000,,Tencent_raw
2026-07-24,002726.SZ,1.8800,1.9000,1.7400,1.7600,919951.0000,,Tencent_raw
2026-07-27,002726.SZ,1.7800,1.8900,1.7500,1.8800,852698.0000,,Tencent_raw
2026-07-28,002726.SZ,1.8400,1.9300,1.8200,1.8900,702219.0000,,Tencent_raw
2026-07-29,002726.SZ,1.9000,2.0800,1.8800,2.0800,1362188.0000,,Tencent_raw
2026-07-30,002726.SZ,2.0400,2.2800,1.9800,2.1900,1489426.0000,,Tencent_raw
2026-07-31,002726.SZ,2.0600,2.3100,2.0600,2.1700,1195599.0000,,Tencent_raw
2026-08-03,002726.SZ,2.1600,2.2600,2.1200,2.2100,853967.0000,,Tencent_raw
2026-08-04,002726.SZ,2.1900,2.2200,2.0600,2.0700,1034466.0000,,Tencent_raw
2026-08-05,002726.SZ,2.0600,2.1100,1.9600,2.0400,894569.0000,,Tencent_raw
2026-08-06,002726.SZ,2.0200,2.1300,2.0100,2.1000,761710.0000,,Tencent_raw
2026-08-07,002726.SZ,2.0900,2.0900,2.0300,2.0400,592094.0000,,Tencent_raw
2026-08-10,002726.SZ,2.0300,2.2300,2.0000,2.1700,919015.0000,,Tencent_raw
2026-08-11,002726.SZ,2.1600,2.2500,2.1300,2.1900,716660.0000,,Tencent_raw
2026-08-12,002726.SZ,2.2100,2.2400,2.1500,2.1800,591993.0000,,Tencent_raw
2026-08-13,002726.SZ,2.1600,2.1900,2.0900,2.1200,620550.0000,,Tencent_raw
2026-08-14,002726.SZ,2.1600,2.3300,2.1200,2.3300,1225077.0000,,Tencent_raw
2026-08-17,002726.SZ,2.3600,2.4500,2.2800,2.3600,1044114.0000,,Tencent_raw
2026-08-18,002726.SZ,2.3700,2.6000,2.3700,2.5500,1255338.0000,,Tencent_raw
2026-08-19,002726.SZ,2.4600,2.7800,2.4500,2.6800,1382096.0000,,Tencent_raw
2026-08-20,002726.SZ,2.6600,2.9500,2.6100,2.9500,1409080.0000,,Tencent_raw
2026-08-21,002726.SZ,2.9400,3.0200,2.6600,2.7700,1550575.0000,,Tencent_raw
2026-08-24,002726.SZ,2.8000,2.9400,2.5600,2.9000,1288740.0000,,Tencent_raw
2026-08-25,002726.SZ,2.8500,3.0900,2.7900,2.8500,1376976.0000,,Tencent_raw
2026-08-26,002726.SZ,2.7600,2.8400,2.6500,2.6600,1104583.0000,,Tencent_raw
2026-08-27,002726.SZ,2.7000,2.7600,2.5100,2.5700,1072742.0000,,Tencent_raw
2026-08-28,002726.SZ,2.5600,2.7500,2.5200,2.7300,941095.0000,,Tencent_raw
2026-08-31,002726.SZ,2.7600,2.7600,2.5800,2.6200,736891.0000,,Tencent_raw
2026-09-01,002726.SZ,2.5800,2.7200,2.5400,2.5700,724098.0000,,Tencent_raw
2026-09-02,002726.SZ,2.5400,2.6000,2.4600,2.6000,662335.0000,,Tencent_raw
2026-09-03,002726.SZ,2.5800,2.6500,2.5400,2.5800,465216.0000,,Tencent_raw
2026-09-04,002726.SZ,2.5700,2.7300,2.5400,2.7100,797981.0000,,Tencent_raw
2026-09-07,002726.SZ,2.7000,2.8600,2.6700,2.8400,831336.0000,,Tencent_raw
2026-09-08,002726.SZ,2.8200,2.8600,2.7400,2.7500,655333.0000,,Tencent_raw
2026-09-09,002726.SZ,2.7300,2.7800,2.6500,2.6900,556453.0000,,Tencent_raw
2026-09-10,002726.SZ,2.6400,2.6500,2.5600,2.5700,591640.0000,,Tencent_raw
2026-09-11,002726.SZ,2.5700,2.6800,2.5500,2.6000,486646.0000,,Tencent_raw
2026-09-14,002726.SZ,2.5600,2.5800,2.3700,2.4800,693437.0000,,Tencent_raw
2026-09-15,002726.SZ,2.4600,2.5000,2.3300,2.3400,573055.0000,,Tencent_raw
2026-09-16,002726.SZ,2.3200,2.3700,2.2900,2.3300,383018.0000,,Tencent_raw
2026-09-17,002726.SZ,2.3400,2.4300,2.3300,2.3800,410244.0000,,Tencent_raw
2026-09-18,002726.SZ,2.3800,2.4000,2.3300,2.3800,338486.0000,,Tencent_raw
2026-09-21,002726.SZ,2.3900,2.5400,2.3800,2.5400,501472.0000,,Tencent_raw
2026-09-22,002726.SZ,2.5000,2.5600,2.4800,2.5400,388503.0000,,Tencent_raw
2026-09-23,002726.SZ,2.5300,2.6200,2.4700,2.4800,504320.0000,,Tencent_raw
2026-09-24,002726.SZ,2.4600,2.5100,2.3700,2.3900,447725.0000,,Tencent_raw
2026-09-28,002726.SZ,2.3300,2.4900,2.2800,2.4300,461309.0000,,Tencent_raw
2025-09-01,002743.SZ,5.9800,6.0600,5.8600,6.0100,119611.0000,,Tencent_raw
2025-09-02,002743.SZ,6.0300,6.0300,5.8200,5.9000,133804.0000,,Tencent_raw
2025-09-03,002743.SZ,5.9000,5.9700,5.7600,5.7700,88350.0000,,Tencent_raw
2025-09-04,002743.SZ,5.7800,5.9000,5.7100,5.8700,124808.0000,,Tencent_raw
2025-09-05,002743.SZ,5.8800,5.8900,5.7500,5.8900,80107.0000,,Tencent_raw
2025-09-08,002743.SZ,5.8800,6.0400,5.8800,6.0300,127816.0000,,Tencent_raw
2025-09-09,002743.SZ,6.0300,6.0600,5.9300,5.9600,83546.0000,,Tencent_raw
2025-09-10,002743.SZ,5.9800,5.9900,5.9200,5.9800,70171.0000,,Tencent_raw
2025-09-11,002743.SZ,5.9700,6.0300,5.8600,6.0200,82574.0000,,Tencent_raw
2025-09-12,002743.SZ,6.0200,6.1900,5.9700,6.0700,139613.0000,,Tencent_raw
2025-09-15,002743.SZ,6.0800,6.1000,5.9500,5.9800,85867.0000,,Tencent_raw
2025-09-16,002743.SZ,6.0000,6.1000,5.9800,6.1000,112349.0000,,Tencent_raw
2025-09-17,002743.SZ,6.1000,6.1200,6.0300,6.0400,71917.0000,,Tencent_raw
2025-09-18,002743.SZ,6.0400,6.0700,5.8900,5.9000,103227.0000,,Tencent_raw
2025-09-19,002743.SZ,5.9000,5.9600,5.8500,5.8900,61578.0000,,Tencent_raw
2025-09-22,002743.SZ,5.8500,5.8900,5.7500,5.7900,73908.0000,,Tencent_raw
2025-09-23,002743.SZ,5.7700,5.8000,5.5800,5.7300,94400.0000,,Tencent_raw
2025-09-24,002743.SZ,5.7200,6.0700,5.6900,5.9700,162322.0000,,Tencent_raw
2025-09-25,002743.SZ,5.9800,6.0900,5.8600,5.8700,128622.0000,,Tencent_raw
2025-09-26,002743.SZ,5.8400,6.0100,5.8200,5.9100,109346.0000,,Tencent_raw
2025-09-29,002743.SZ,5.3200,5.3200,5.3200,5.3200,55071.0000,,Tencent_raw
2025-09-30,002743.SZ,5.0700,5.2400,4.9200,5.0100,616799.0000,,Tencent_raw
2025-10-09,002743.SZ,4.9800,5.2400,4.9600,5.1400,397560.0000,,Tencent_raw
2025-10-10,002743.SZ,5.3300,5.4800,5.1500,5.3600,310626.0000,,Tencent_raw
2025-10-13,002743.SZ,5.1900,5.4600,5.1200,5.4200,213310.0000,,Tencent_raw
2025-10-14,002743.SZ,5.4800,5.5800,5.4300,5.4800,179148.0000,,Tencent_raw
2025-10-15,002743.SZ,5.4700,5.5700,5.4200,5.5300,113279.0000,,Tencent_raw
2025-10-16,002743.SZ,5.5500,5.5500,5.3400,5.3600,133312.0000,,Tencent_raw
2025-10-17,002743.SZ,5.3700,5.4700,5.3000,5.3100,100873.0000,,Tencent_raw
2025-10-20,002743.SZ,5.3600,5.4100,5.3100,5.4000,89752.0000,,Tencent_raw
2025-10-21,002743.SZ,5.4100,5.6500,5.4100,5.6300,139120.0000,,Tencent_raw
2025-10-22,002743.SZ,5.6300,5.7000,5.5700,5.6300,103290.0000,,Tencent_raw
2025-10-23,002743.SZ,5.6300,5.6700,5.5300,5.6100,96196.0000,,Tencent_raw
2025-10-24,002743.SZ,5.6100,5.6500,5.5100,5.5300,84595.0000,,Tencent_raw
2025-10-27,002743.SZ,5.5500,5.6100,5.4900,5.5800,102695.0000,,Tencent_raw
2025-10-28,002743.SZ,5.5500,5.6300,5.5100,5.5800,67382.0000,,Tencent_raw
2025-10-29,002743.SZ,5.5800,5.6000,5.4900,5.5500,71012.0000,,Tencent_raw
2025-10-30,002743.SZ,5.5400,5.5700,5.4700,5.4800,63047.0000,,Tencent_raw
2025-10-31,002743.SZ,5.4900,5.5300,5.4500,5.4900,77470.0000,,Tencent_raw
2025-11-03,002743.SZ,5.5000,5.5700,5.4800,5.5700,107471.0000,,Tencent_raw
2025-11-04,002743.SZ,5.5900,5.6100,5.4700,5.5200,95476.0000,,Tencent_raw
2025-11-05,002743.SZ,5.5200,5.6500,5.4600,5.6400,111639.0000,,Tencent_raw
2025-11-06,002743.SZ,5.6500,5.6500,5.5600,5.6000,104487.0000,,Tencent_raw
2025-11-07,002743.SZ,5.6000,5.6500,5.5700,5.6400,89724.0000,,Tencent_raw
2025-11-10,002743.SZ,5.6800,5.7400,5.6700,5.7000,106940.0000,,Tencent_raw
2025-11-11,002743.SZ,5.7000,5.7800,5.6700,5.7700,76497.0000,,Tencent_raw
2025-11-12,002743.SZ,5.7700,5.7700,5.6800,5.7100,73086.0000,,Tencent_raw
2025-11-13,002743.SZ,5.7600,5.7800,5.6700,5.7700,79147.0000,,Tencent_raw
2025-11-14,002743.SZ,5.7300,5.9000,5.7100,5.8400,100690.0000,,Tencent_raw
2025-11-17,002743.SZ,5.8700,5.9200,5.7600,5.8800,64510.0000,,Tencent_raw
2025-11-18,002743.SZ,5.8700,5.8800,5.7200,5.7500,95380.0000,,Tencent_raw
2025-11-19,002743.SZ,5.7800,5.8000,5.5700,5.6500,98648.0000,,Tencent_raw
2025-11-20,002743.SZ,5.6500,5.6900,5.5300,5.6100,80536.0000,,Tencent_raw
2025-11-21,002743.SZ,5.5400,5.6200,5.2300,5.3000,152546.0000,,Tencent_raw
2025-11-24,002743.SZ,5.3600,5.5100,5.3500,5.4800,107500.0000,,Tencent_raw
2025-11-25,002743.SZ,5.5300,5.6000,5.4500,5.5600,79602.0000,,Tencent_raw
2025-11-26,002743.SZ,5.5800,5.6000,5.4000,5.4300,76156.0000,,Tencent_raw
2025-11-27,002743.SZ,5.4600,5.5000,5.4000,5.4600,58735.0000,,Tencent_raw
2025-11-28,002743.SZ,5.4700,5.5500,5.3900,5.5500,77872.0000,,Tencent_raw
2025-12-01,002743.SZ,5.5500,5.6500,5.5000,5.5300,84250.0000,,Tencent_raw
2025-12-02,002743.SZ,5.5300,5.5800,5.4400,5.5600,72670.0000,,Tencent_raw
2025-12-03,002743.SZ,5.5700,5.6900,5.5200,5.5600,85475.0000,,Tencent_raw
2025-12-04,002743.SZ,5.5600,5.5900,5.4400,5.4500,91605.0000,,Tencent_raw
2025-12-05,002743.SZ,5.4600,5.5800,5.4100,5.5700,77205.0000,,Tencent_raw
2025-12-08,002743.SZ,5.5700,5.7000,5.5500,5.6200,102318.0000,,Tencent_raw
2025-12-09,002743.SZ,5.6000,5.6600,5.4600,5.5000,84535.0000,,Tencent_raw
2025-12-10,002743.SZ,5.4800,5.5400,5.4400,5.4700,85941.0000,,Tencent_raw
2025-12-11,002743.SZ,5.4700,5.4900,5.3100,5.3600,91106.0000,,Tencent_raw
2025-12-12,002743.SZ,5.3400,5.3900,5.2500,5.2900,91871.0000,,Tencent_raw
2025-12-15,002743.SZ,5.2400,5.3300,5.1900,5.3000,69539.0000,,Tencent_raw
2025-12-16,002743.SZ,5.2800,5.2800,5.1600,5.2300,76910.0000,,Tencent_raw
2025-12-17,002743.SZ,5.2100,5.2200,5.0900,5.1800,80823.0000,,Tencent_raw
2025-12-18,002743.SZ,5.1500,5.2700,5.1100,5.2100,72645.0000,,Tencent_raw
2025-12-19,002743.SZ,5.2700,5.3800,5.2300,5.3700,100884.0000,,Tencent_raw
2025-12-22,002743.SZ,5.3900,5.4100,5.3400,5.3800,69581.0000,,Tencent_raw
2025-12-23,002743.SZ,5.3800,5.4400,5.3400,5.3900,61390.0000,,Tencent_raw
2025-12-24,002743.SZ,5.4000,5.4600,5.3700,5.4400,62906.0000,,Tencent_raw
2025-12-25,002743.SZ,5.4500,5.5200,5.4400,5.4800,66940.0000,,Tencent_raw
2025-12-26,002743.SZ,5.4900,5.5000,5.4100,5.4200,61653.0000,,Tencent_raw
2025-12-29,002743.SZ,5.4100,5.5600,5.3500,5.5000,116322.0000,,Tencent_raw
2025-12-30,002743.SZ,5.5000,5.5200,5.3500,5.4200,79403.0000,,Tencent_raw
2025-12-31,002743.SZ,5.4300,5.5400,5.3100,5.4400,78903.0000,,Tencent_raw
2026-01-05,002743.SZ,5.4700,5.5500,5.4000,5.4700,97903.0000,,Tencent_raw
2026-01-06,002743.SZ,5.4900,5.5600,5.4500,5.5100,74179.0000,,Tencent_raw
2026-01-07,002743.SZ,5.5200,5.5700,5.4500,5.5000,77541.0000,,Tencent_raw
2026-01-08,002743.SZ,5.5100,5.7900,5.5000,5.6800,180936.0000,,Tencent_raw
2026-01-09,002743.SZ,5.6900,5.7300,5.5800,5.6300,110920.0000,,Tencent_raw
2026-01-12,002743.SZ,5.6600,5.7300,5.6300,5.7000,111408.0000,,Tencent_raw
2026-01-13,002743.SZ,5.7000,5.7300,5.6300,5.6600,87251.0000,,Tencent_raw
2026-01-14,002743.SZ,5.6200,5.6900,5.5200,5.6100,115341.0000,,Tencent_raw
2026-01-15,002743.SZ,5.6100,5.9600,5.5500,5.8400,299638.0000,,Tencent_raw
2026-01-16,002743.SZ,5.8300,5.8600,5.7200,5.8000,150832.0000,,Tencent_raw
2026-01-19,002743.SZ,5.8000,5.9100,5.7100,5.9000,131514.0000,,Tencent_raw
2026-01-20,002743.SZ,5.8900,5.9100,5.7600,5.8100,98496.0000,,Tencent_raw
2026-01-21,002743.SZ,5.8100,5.9400,5.7700,5.9100,128475.0000,,Tencent_raw
2026-01-22,002743.SZ,5.9100,5.9800,5.8700,5.9700,86320.0000,,Tencent_raw
2026-01-23,002743.SZ,5.9900,5.9900,5.8900,5.9400,91204.0000,,Tencent_raw
2026-01-26,002743.SZ,5.9600,5.9600,5.8200,5.8800,135535.0000,,Tencent_raw
2026-01-27,002743.SZ,5.8600,5.8600,5.6800,5.7900,114540.0000,,Tencent_raw
2026-01-28,002743.SZ,5.7800,5.8500,5.7400,5.7500,71287.0000,,Tencent_raw
2026-01-29,002743.SZ,5.7600,5.8500,5.7100,5.7600,85092.0000,,Tencent_raw
2026-01-30,002743.SZ,5.7100,5.8400,5.6900,5.7600,112279.0000,,Tencent_raw
2026-02-02,002743.SZ,5.4500,5.7100,5.3600,5.5500,199161.0000,,Tencent_raw
2026-02-03,002743.SZ,5.6100,5.7600,5.5900,5.7300,175533.0000,,Tencent_raw
2026-02-04,002743.SZ,5.8200,5.8600,5.7400,5.8400,101827.0000,,Tencent_raw
2026-02-05,002743.SZ,5.8300,5.8800,5.7500,5.7600,73230.0000,,Tencent_raw
2026-02-06,002743.SZ,5.7700,5.8700,5.7300,5.8300,75291.0000,,Tencent_raw
2026-02-09,002743.SZ,5.8900,5.9200,5.8400,5.8800,72240.0000,,Tencent_raw
2026-02-10,002743.SZ,5.8800,5.9000,5.8100,5.8300,72289.0000,,Tencent_raw
2026-02-11,002743.SZ,5.8600,5.8900,5.8000,5.8600,62009.0000,,Tencent_raw
2026-02-12,002743.SZ,5.8400,5.8500,5.6700,5.6800,72196.0000,,Tencent_raw
2026-02-13,002743.SZ,5.6800,5.7400,5.6400,5.6900,66641.0000,,Tencent_raw
2026-02-24,002743.SZ,5.8100,6.0300,5.7100,5.9800,164925.0000,,Tencent_raw
2026-02-25,002743.SZ,6.0100,6.0200,5.8800,5.9400,98306.0000,,Tencent_raw
2026-02-26,002743.SZ,5.9600,6.0000,5.8800,5.9000,67439.0000,,Tencent_raw
2026-02-27,002743.SZ,5.9000,5.9700,5.8700,5.9100,67681.0000,,Tencent_raw
2026-03-02,002743.SZ,5.9000,5.9700,5.7000,5.7300,99644.0000,,Tencent_raw
2026-03-03,002743.SZ,5.7400,5.7800,5.5500,5.5700,101807.0000,,Tencent_raw
2026-03-04,002743.SZ,5.5500,5.6300,5.4500,5.5100,79994.0000,,Tencent_raw
2026-03-05,002743.SZ,5.6700,5.7800,5.5500,5.5800,76609.0000,,Tencent_raw
2026-03-06,002743.SZ,5.5900,5.7800,5.5200,5.7600,72689.0000,,Tencent_raw
2026-03-09,002743.SZ,5.7500,5.8200,5.6300,5.7600,81990.0000,,Tencent_raw
2026-03-10,002743.SZ,5.8000,5.9400,5.8000,5.9400,95830.0000,,Tencent_raw
2026-03-11,002743.SZ,5.9500,5.9600,5.8400,5.8800,66245.0000,,Tencent_raw
2026-03-12,002743.SZ,5.9300,5.9300,5.8100,5.8400,67086.0000,,Tencent_raw
2026-03-13,002743.SZ,5.8300,6.4200,5.8100,6.1600,519733.0000,,Tencent_raw
2026-03-16,002743.SZ,6.3900,6.6100,6.0400,6.1000,510922.0000,,Tencent_raw
2026-03-17,002743.SZ,6.0800,6.1500,5.8900,5.9000,276236.0000,,Tencent_raw
2026-03-18,002743.SZ,5.9200,5.9600,5.7700,5.8500,186556.0000,,Tencent_raw
2026-03-19,002743.SZ,5.8700,5.8800,5.5700,5.6100,148409.0000,,Tencent_raw
2026-03-20,002743.SZ,5.6000,5.6800,5.2900,5.3000,174281.0000,,Tencent_raw
2026-03-23,002743.SZ,5.1800,5.3000,5.0200,5.0800,183747.0000,,Tencent_raw
2026-03-24,002743.SZ,5.2700,5.3900,5.0900,5.3900,132053.0000,,Tencent_raw
2026-03-25,002743.SZ,5.4300,5.4500,5.3400,5.4300,97764.0000,,Tencent_raw
2026-03-26,002743.SZ,5.4000,5.5500,5.3000,5.3700,77170.0000,,Tencent_raw
2026-03-27,002743.SZ,5.2700,5.5200,5.2700,5.4800,65978.0000,,Tencent_raw
2026-03-30,002743.SZ,5.4700,5.6100,5.3800,5.5500,89475.0000,,Tencent_raw
2026-03-31,002743.SZ,5.5800,5.6800,5.4800,5.4900,69674.0000,,Tencent_raw
2026-04-01,002743.SZ,5.6000,5.6600,5.4400,5.5000,62042.0000,,Tencent_raw
2026-04-02,002743.SZ,5.5400,5.5500,5.3200,5.3700,64087.0000,,Tencent_raw
2026-04-03,002743.SZ,5.3200,5.3700,5.0700,5.0800,80933.0000,,Tencent_raw
2026-04-07,002743.SZ,5.0900,5.3600,5.0200,5.3400,111526.0000,,Tencent_raw
2026-04-08,002743.SZ,5.4400,5.6000,5.4100,5.5800,93590.0000,,Tencent_raw
2026-04-09,002743.SZ,5.6000,5.6000,5.4200,5.4500,80821.0000,,Tencent_raw
2026-04-10,002743.SZ,5.4900,5.5500,5.4400,5.4700,48444.0000,,Tencent_raw
2026-04-13,002743.SZ,5.4800,5.5000,5.3500,5.4200,71168.0000,,Tencent_raw
2026-04-14,002743.SZ,5.4700,5.4800,5.3300,5.4100,68991.0000,,Tencent_raw
2026-04-15,002743.SZ,5.4700,5.4700,5.2600,5.2900,68289.0000,,Tencent_raw
2026-04-16,002743.SZ,5.3200,5.3900,5.2000,5.3500,68883.0000,,Tencent_raw
2026-04-17,002743.SZ,5.3500,5.4000,5.2200,5.3200,83969.0000,,Tencent_raw
2026-04-20,002743.SZ,5.3400,5.3400,5.2500,5.3300,61971.0000,,Tencent_raw
2026-04-21,002743.SZ,5.3400,5.4000,5.2600,5.2900,75686.0000,,Tencent_raw
2026-04-22,002743.SZ,5.2700,5.2800,5.1600,5.1800,81170.0000,,Tencent_raw
2026-04-23,002743.SZ,5.2000,5.2100,5.0700,5.1100,76650.0000,,Tencent_raw
2026-04-24,002743.SZ,5.0900,5.2200,5.0700,5.1900,70382.0000,,Tencent_raw
2026-04-27,002743.SZ,5.2500,5.3300,5.0600,5.3000,76101.0000,,Tencent_raw
2026-04-28,002743.SZ,5.2800,5.3900,5.2600,5.3400,82086.0000,,Tencent_raw
2026-04-29,002743.SZ,5.0800,5.3700,5.0300,5.3200,125493.0000,,Tencent_raw
2026-04-30,002743.SZ,5.2900,5.3300,5.0900,5.1300,189177.0000,,Tencent_raw
2026-05-06,002743.SZ,5.2200,5.3800,5.1900,5.2900,176337.0000,,Tencent_raw
2026-05-07,002743.SZ,5.3500,5.4700,5.2600,5.4200,151346.0000,,Tencent_raw
2026-05-08,002743.SZ,5.4100,5.5200,5.3400,5.4700,105012.0000,,Tencent_raw
2026-05-11,002743.SZ,5.4800,5.5800,5.3700,5.4800,115317.0000,,Tencent_raw
2026-05-12,002743.SZ,5.4700,5.4700,5.2600,5.2800,108978.0000,,Tencent_raw
2026-05-13,002743.SZ,5.3300,5.4800,5.2800,5.3700,95368.0000,,Tencent_raw
2026-05-14,002743.SZ,5.4100,5.4400,5.2800,5.3400,79535.0000,,Tencent_raw
2026-05-15,002743.SZ,5.3500,5.3800,5.1400,5.1700,91969.0000,,Tencent_raw
2026-05-18,002743.SZ,5.3400,5.4900,5.1700,5.4000,142776.0000,,Tencent_raw
2026-05-19,002743.SZ,5.4200,5.4400,5.2700,5.3600,98238.0000,,Tencent_raw
2026-05-20,002743.SZ,5.3600,5.3600,5.2500,5.2600,61389.0000,,Tencent_raw
2026-05-21,002743.SZ,5.2700,5.3400,4.9900,5.0000,107608.0000,,Tencent_raw
2026-05-22,002743.SZ,5.0100,5.2100,4.9200,5.1700,86978.0000,,Tencent_raw
2026-05-25,002743.SZ,5.1800,5.3200,5.0200,5.0900,83378.0000,,Tencent_raw
2026-05-26,002743.SZ,5.0800,5.1000,4.8200,4.8700,95709.0000,,Tencent_raw
2026-05-27,002743.SZ,4.9000,4.9500,4.7000,4.7800,71797.0000,,Tencent_raw
2026-05-28,002743.SZ,4.7800,4.9400,4.7200,4.8600,55001.0000,,Tencent_raw
2026-05-29,002743.SZ,4.8700,4.9300,4.7000,4.7500,56560.0000,,Tencent_raw
2026-06-01,002743.SZ,4.7500,4.9900,4.6800,4.9400,72279.0000,,Tencent_raw
2026-06-02,002743.SZ,4.9600,4.9600,4.7300,4.7500,79553.0000,,Tencent_raw
2026-06-03,002743.SZ,4.7500,4.7700,4.6100,4.6800,62185.0000,,Tencent_raw
2026-06-04,002743.SZ,4.6800,4.7200,4.5700,4.6400,55950.0000,,Tencent_raw
2026-06-05,002743.SZ,4.6400,4.7400,4.5400,4.6600,56695.0000,,Tencent_raw
2026-06-08,002743.SZ,4.5500,4.7400,4.4800,4.5400,60913.0000,,Tencent_raw
2026-06-09,002743.SZ,4.5400,4.6800,4.4800,4.5700,60060.0000,,Tencent_raw
2026-06-10,002743.SZ,4.5400,4.6100,4.3800,4.4600,52652.0000,,Tencent_raw
2026-06-11,002743.SZ,4.4300,4.4600,4.2900,4.4000,48789.0000,,Tencent_raw
2026-06-12,002743.SZ,4.4900,4.5300,4.3400,4.4600,59752.0000,,Tencent_raw
2026-06-15,002743.SZ,4.4800,4.7500,4.3400,4.4100,108808.0000,,Tencent_raw
2026-06-16,002743.SZ,4.4000,4.4500,4.2900,4.3700,74339.0000,,Tencent_raw
2026-06-17,002743.SZ,4.3500,4.3700,4.1000,4.1400,109067.0000,,Tencent_raw
2026-06-18,002743.SZ,4.1500,4.2500,4.0500,4.2100,93604.0000,,Tencent_raw
2026-06-22,002743.SZ,4.1800,4.2100,3.9600,4.1300,121503.0000,,Tencent_raw
2026-06-23,002743.SZ,4.1200,4.3300,4.0600,4.2500,123521.0000,,Tencent_raw
2026-06-24,002743.SZ,4.2700,4.3100,4.0900,4.1800,115154.0000,,Tencent_raw
2026-06-25,002743.SZ,4.2000,4.2000,3.9700,4.0100,104552.0000,,Tencent_raw
2026-06-26,002743.SZ,4.0000,4.0100,3.8500,3.9200,93897.0000,,Tencent_raw
2026-06-29,002743.SZ,3.9600,4.0100,3.7800,3.9600,86955.0000,,Tencent_raw
2026-06-30,002743.SZ,3.9500,4.0200,3.8200,3.8600,67807.0000,,Tencent_raw
2026-07-01,002743.SZ,3.8600,4.1100,3.8000,4.0500,114884.0000,,Tencent_raw
2026-07-02,002743.SZ,4.0500,4.1700,3.9900,4.0000,86329.0000,,Tencent_raw
2026-07-03,002743.SZ,4.1100,4.1700,4.0000,4.1100,90625.0000,,Tencent_raw
2026-07-06,002743.SZ,4.1100,4.1800,4.0200,4.0700,64509.0000,,Tencent_raw
2026-07-07,002743.SZ,4.0600,4.1100,3.9000,3.9300,72113.0000,,Tencent_raw
2026-07-08,002743.SZ,3.9300,3.9400,3.8300,3.8900,65195.0000,,Tencent_raw
2026-07-09,002743.SZ,3.8500,3.9600,3.7600,3.8200,62694.0000,,Tencent_raw
2026-07-10,002743.SZ,3.8300,4.0800,3.7700,3.9600,109383.0000,,Tencent_raw
2026-07-13,002743.SZ,3.9400,4.0200,3.7900,3.7900,82120.0000,,Tencent_raw
2026-07-14,002743.SZ,3.8000,3.9000,3.7300,3.8900,68114.0000,,Tencent_raw
2026-07-15,002743.SZ,3.8900,3.9900,3.6800,3.7400,205195.0000,,Tencent_raw
2026-07-16,002743.SZ,3.7400,3.8500,3.6500,3.8000,128068.0000,,Tencent_raw
2026-07-17,002743.SZ,3.8000,3.9600,3.5800,3.6100,166480.0000,,Tencent_raw
2026-07-20,002743.SZ,3.7000,3.7200,3.3700,3.4400,152243.0000,,Tencent_raw
2026-07-21,002743.SZ,3.4300,3.4400,3.1500,3.3400,186828.0000,,Tencent_raw
2026-07-22,002743.SZ,3.3400,3.4200,3.2500,3.2800,99468.0000,,Tencent_raw
2026-07-23,002743.SZ,3.2800,3.4000,3.2500,3.4000,114417.0000,,Tencent_raw
2026-07-24,002743.SZ,3.3600,3.4200,3.2500,3.3000,77423.0000,,Tencent_raw
2026-07-27,002743.SZ,3.3300,3.4500,3.3100,3.4200,98217.0000,,Tencent_raw
2026-07-28,002743.SZ,3.4100,3.5300,3.4100,3.4600,76817.0000,,Tencent_raw
2026-07-29,002743.SZ,3.4900,3.6300,3.4600,3.6100,101656.0000,,Tencent_raw
2026-07-30,002743.SZ,3.6000,3.6800,3.5000,3.5300,88621.0000,,Tencent_raw
2026-07-31,002743.SZ,3.5800,3.6500,3.5600,3.6400,76862.0000,,Tencent_raw
2026-08-03,002743.SZ,3.7100,3.8800,3.6500,3.8600,103996.0000,,Tencent_raw
2026-08-04,002743.SZ,3.9200,3.9500,3.8400,3.8700,99910.0000,,Tencent_raw
2026-08-05,002743.SZ,3.8900,3.9900,3.7900,3.8400,84746.0000,,Tencent_raw
2026-08-06,002743.SZ,3.8500,3.9100,3.8000,3.8900,66654.0000,,Tencent_raw
2026-08-07,002743.SZ,3.8900,3.9100,3.7600,3.8700,75621.0000,,Tencent_raw
2026-08-10,002743.SZ,3.8700,4.0700,3.8400,4.0500,126225.0000,,Tencent_raw
2026-08-11,002743.SZ,4.0500,4.0800,3.9700,4.0500,91390.0000,,Tencent_raw
2026-08-12,002743.SZ,4.0500,4.1200,4.0200,4.0900,79110.0000,,Tencent_raw
2026-08-13,002743.SZ,4.1400,4.1500,3.9900,4.0000,74401.0000,,Tencent_raw
2026-08-14,002743.SZ,3.9800,4.0200,3.9300,4.0100,62301.0000,,Tencent_raw
2026-08-17,002743.SZ,4.0100,4.0600,3.9600,4.0600,79946.0000,,Tencent_raw
2026-08-18,002743.SZ,4.1600,4.4700,4.1600,4.4700,142470.0000,,Tencent_raw
2026-08-19,002743.SZ,4.3300,4.3400,4.0200,4.0200,139833.0000,,Tencent_raw
2026-08-20,002743.SZ,4.0500,4.4200,4.0000,4.4200,465683.0000,,Tencent_raw
2026-08-21,002743.SZ,4.5900,4.8100,4.4700,4.6000,797931.0000,,Tencent_raw
2026-08-24,002743.SZ,4.5800,4.7000,4.4300,4.4700,367290.0000,,Tencent_raw
2026-08-25,002743.SZ,4.4700,4.6800,4.4200,4.6400,271195.0000,,Tencent_raw
2026-08-26,002743.SZ,4.8200,4.9200,4.6500,4.8500,244165.0000,,Tencent_raw
2026-08-27,002743.SZ,4.8500,4.9700,4.6300,4.6500,245155.0000,,Tencent_raw
2026-08-28,002743.SZ,4.6600,4.9000,4.6500,4.8800,214168.0000,,Tencent_raw
2026-08-31,002743.SZ,4.9500,5.1700,4.9000,5.1500,240027.0000,,Tencent_raw
2026-09-01,002743.SZ,5.1800,5.3300,5.0000,5.2500,220556.0000,,Tencent_raw
2026-09-02,002743.SZ,5.2000,5.2600,5.0300,5.0900,181639.0000,,Tencent_raw
2026-09-03,002743.SZ,5.0400,5.1500,4.8500,4.9200,198561.0000,,Tencent_raw
2026-09-04,002743.SZ,4.9400,5.0100,4.8000,4.8900,160240.0000,,Tencent_raw
2026-09-08,002743.SZ,4.6000,4.7300,4.4000,4.4000,762312.0000,,Tencent_raw
2026-09-09,002743.SZ,4.4700,4.6600,4.3300,4.5300,538915.0000,,Tencent_raw
2026-09-10,002743.SZ,4.5400,4.9800,4.5000,4.8900,412482.0000,,Tencent_raw
2026-09-11,002743.SZ,4.9800,5.2300,4.9500,5.0800,327441.0000,,Tencent_raw
2026-09-14,002743.SZ,5.0000,5.4500,4.9300,5.4100,283333.0000,,Tencent_raw
2026-09-15,002743.SZ,5.3700,5.5300,4.8700,4.8700,419176.0000,,Tencent_raw
2026-09-16,002743.SZ,4.9000,5.2800,4.8700,5.2800,290396.0000,,Tencent_raw
2026-09-17,002743.SZ,5.2700,5.5400,5.1500,5.3000,235057.0000,,Tencent_raw
2026-09-18,002743.SZ,5.3200,5.3300,5.0900,5.2400,160735.0000,,Tencent_raw
2026-09-21,002743.SZ,5.1900,5.2400,5.0500,5.1700,150370.0000,,Tencent_raw
2026-09-22,002743.SZ,5.0600,5.1500,4.6500,4.8200,398306.0000,,Tencent_raw
2026-09-23,002743.SZ,4.7000,4.7500,4.5100,4.5700,187560.0000,,Tencent_raw
2026-09-24,002743.SZ,4.5800,4.8000,4.5400,4.7500,164991.0000,,Tencent_raw
2026-09-28,002743.SZ,4.7000,4.7500,4.4000,4.4900,121754.0000,,Tencent_raw
2025-09-01,002789.SZ,9.1000,9.1100,8.8900,9.1100,80282.0000,,Tencent_raw
2025-09-02,002789.SZ,9.0900,9.5700,8.9000,9.4100,90820.0000,,Tencent_raw
2025-09-03,002789.SZ,9.4000,9.5300,9.1700,9.1800,47946.0000,,Tencent_raw
2025-09-04,002789.SZ,9.2000,9.2800,8.9300,8.9400,44173.0000,,Tencent_raw
2025-09-05,002789.SZ,9.0100,9.1200,8.9400,9.1000,32998.0000,,Tencent_raw
2025-09-08,002789.SZ,9.1200,9.3500,9.0800,9.2900,25230.0000,,Tencent_raw
2025-09-09,002789.SZ,9.3300,9.4700,9.2300,9.3200,28586.0000,,Tencent_raw
2025-09-10,002789.SZ,9.3500,9.7900,9.2400,9.6400,56638.0000,,Tencent_raw
2025-09-11,002789.SZ,9.6200,10.1100,9.5300,9.6600,71238.0000,,Tencent_raw
2025-09-12,002789.SZ,9.6500,9.8300,9.5700,9.7600,35169.0000,,Tencent_raw
2025-09-15,002789.SZ,9.7600,9.8400,9.5300,9.5400,31386.0000,,Tencent_raw
2025-09-16,002789.SZ,9.4600,9.6000,9.4100,9.5700,21874.0000,,Tencent_raw
2025-09-17,002789.SZ,9.5000,9.5600,9.4400,9.5000,19223.0000,,Tencent_raw
2025-09-18,002789.SZ,9.5500,9.5500,9.0800,9.1500,46802.0000,,Tencent_raw
2025-09-19,002789.SZ,9.2000,9.2600,9.0100,9.0900,19599.0000,,Tencent_raw
2025-09-22,002789.SZ,9.1000,9.3000,9.0700,9.2600,24862.0000,,Tencent_raw
2025-09-23,002789.SZ,9.2000,9.2600,8.8600,9.0000,31700.0000,,Tencent_raw
2025-09-24,002789.SZ,9.0000,9.1900,8.8800,9.1700,15207.0000,,Tencent_raw
2025-09-25,002789.SZ,9.1700,9.6300,9.1000,9.5000,55243.0000,,Tencent_raw
2025-09-26,002789.SZ,9.4000,9.5500,9.3000,9.5000,31912.0000,,Tencent_raw
2025-09-29,002789.SZ,9.6800,9.8800,9.5000,9.5000,40671.0000,,Tencent_raw
2025-09-30,002789.SZ,9.5100,9.6700,9.4500,9.5700,23575.0000,,Tencent_raw
2025-10-09,002789.SZ,9.6900,10.0500,9.6100,10.0000,47295.0000,,Tencent_raw
2025-10-10,002789.SZ,9.9200,10.5000,9.9200,10.5000,21067.0000,,Tencent_raw
2025-10-13,002789.SZ,10.5100,10.9100,10.2500,10.6000,85044.0000,,Tencent_raw
2025-10-14,002789.SZ,10.7500,10.8000,10.0800,10.1700,46171.0000,,Tencent_raw
2025-10-15,002789.SZ,10.1800,10.3800,9.9100,10.0000,34649.0000,,Tencent_raw
2025-10-16,002789.SZ,10.0300,10.1200,9.8900,10.0600,25178.0000,,Tencent_raw
2025-10-17,002789.SZ,10.0000,10.2200,9.7100,9.7300,30621.0000,,Tencent_raw
2025-10-20,002789.SZ,9.8800,10.2200,9.8100,10.1300,55248.0000,,Tencent_raw
2025-10-21,002789.SZ,9.9900,10.6000,9.9400,10.4400,45518.0000,,Tencent_raw
2025-10-22,002789.SZ,10.3900,10.6300,10.3800,10.4500,27957.0000,,Tencent_raw
2025-10-23,002789.SZ,10.4000,10.6900,10.2100,10.5900,29077.0000,,Tencent_raw
2025-10-24,002789.SZ,10.5100,11.1200,10.5100,10.8300,33371.0000,,Tencent_raw
2025-10-27,002789.SZ,10.8300,10.9800,10.4100,10.4700,34628.0000,,Tencent_raw
2025-10-28,002789.SZ,10.4900,10.5900,10.2100,10.3000,26644.0000,,Tencent_raw
2025-10-29,002789.SZ,10.2300,10.2900,9.9900,10.1400,34309.0000,,Tencent_raw
2025-10-30,002789.SZ,10.2000,10.6500,10.0600,10.6500,35250.0000,,Tencent_raw
2025-10-31,002789.SZ,11.1700,11.1800,10.8700,11.1800,56455.0000,,Tencent_raw
2025-11-03,002789.SZ,11.7200,11.7400,11.6200,11.7400,32890.0000,,Tencent_raw
2025-11-04,002789.SZ,12.3300,12.3300,11.3800,11.8800,203110.0000,,Tencent_raw
2025-11-05,002789.SZ,11.8000,12.4700,11.8000,12.1600,141025.0000,,Tencent_raw
2025-11-06,002789.SZ,11.9000,11.9700,11.5500,11.5500,32689.0000,,Tencent_raw
2025-11-07,002789.SZ,11.0000,11.5400,11.0000,11.2200,123630.0000,,Tencent_raw
2025-11-10,002789.SZ,11.0700,11.7800,10.9000,11.4500,96917.0000,,Tencent_raw
2025-11-11,002789.SZ,11.4600,11.9500,11.4600,11.9300,74521.0000,,Tencent_raw
2025-11-12,002789.SZ,11.7800,12.3100,11.3300,11.3300,71990.0000,,Tencent_raw
2025-11-13,002789.SZ,11.4500,11.5000,11.1800,11.3400,34839.0000,,Tencent_raw
2025-11-14,002789.SZ,11.2900,11.8400,11.2000,11.4600,49704.0000,,Tencent_raw
2025-11-17,002789.SZ,11.6400,12.0300,11.6000,12.0300,62686.0000,,Tencent_raw
2025-11-18,002789.SZ,12.6300,12.6300,12.4200,12.6300,19015.0000,,Tencent_raw
2025-11-19,002789.SZ,13.2600,13.2600,12.4400,12.5900,120786.0000,,Tencent_raw
2025-11-20,002789.SZ,12.7100,12.8800,11.9600,11.9600,34693.0000,,Tencent_raw
2025-11-21,002789.SZ,11.5800,11.6900,11.3600,11.3600,83848.0000,,Tencent_raw
2025-11-24,002789.SZ,11.0800,11.2000,10.7900,10.7900,68514.0000,,Tencent_raw
2025-11-25,002789.SZ,10.8100,11.3300,10.6300,11.3300,71309.0000,,Tencent_raw
2025-11-26,002789.SZ,11.1500,11.1800,10.7600,10.7600,53733.0000,,Tencent_raw
2025-11-27,002789.SZ,10.3500,11.0000,10.2200,10.5900,83446.0000,,Tencent_raw
2025-11-28,002789.SZ,10.5200,10.8100,10.4800,10.5900,53542.0000,,Tencent_raw
2025-12-01,002789.SZ,10.5200,11.1200,10.5200,11.1200,75117.0000,,Tencent_raw
2025-12-02,002789.SZ,11.1900,11.1900,10.5600,10.6100,84632.0000,,Tencent_raw
2025-12-03,002789.SZ,10.6400,10.9800,10.1500,10.4200,57702.0000,,Tencent_raw
2025-12-04,002789.SZ,10.3800,10.3800,9.9000,9.9000,56252.0000,,Tencent_raw
2025-12-05,002789.SZ,9.6300,10.2000,9.4500,10.1200,68466.0000,,Tencent_raw
2025-12-08,002789.SZ,10.0500,10.6300,9.8900,10.6300,81855.0000,,Tencent_raw
2025-12-09,002789.SZ,10.7900,10.9600,10.5600,10.5700,63648.0000,,Tencent_raw
2025-12-10,002789.SZ,10.5500,10.8800,10.4100,10.7000,43541.0000,,Tencent_raw
2025-12-11,002789.SZ,10.5000,10.5100,10.1700,10.1700,48341.0000,,Tencent_raw
2025-12-12,002789.SZ,9.6600,9.6600,9.6600,9.6600,16636.0000,,Tencent_raw
2025-12-15,002789.SZ,9.1800,9.1800,9.1800,9.1800,7005.0000,,Tencent_raw
2025-12-16,002789.SZ,8.7200,8.7200,8.7200,8.7200,1614.0000,,Tencent_raw
2025-12-17,002789.SZ,8.2800,8.2800,8.2800,8.2800,4953.0000,,Tencent_raw
2025-12-18,002789.SZ,7.8700,8.6800,7.8700,7.9900,141337.0000,,Tencent_raw
2025-12-19,002789.SZ,7.7800,8.2400,7.6200,8.2300,84387.0000,,Tencent_raw
2025-12-22,002789.SZ,8.1000,8.6400,8.1000,8.6400,15366.0000,,Tencent_raw
2025-12-23,002789.SZ,9.0700,9.0700,8.8800,9.0700,53519.0000,,Tencent_raw
2025-12-24,002789.SZ,9.0000,9.5200,8.9100,9.5200,73765.0000,,Tencent_raw
2025-12-25,002789.SZ,9.5300,10.0000,9.5300,10.0000,38054.0000,,Tencent_raw
2025-12-26,002789.SZ,10.5000,10.5000,10.5000,10.5000,2150.0000,,Tencent_raw
2025-12-29,002789.SZ,11.0300,11.0300,11.0300,11.0300,925.0000,,Tencent_raw
2025-12-30,002789.SZ,11.5800,11.5800,10.7600,10.7700,221170.0000,,Tencent_raw
2025-12-31,002789.SZ,10.8500,11.0000,10.3000,10.4800,131261.0000,,Tencent_raw
2026-01-05,002789.SZ,10.5000,11.0000,10.1300,10.5500,122307.0000,,Tencent_raw
2026-01-06,002789.SZ,10.4500,10.7700,10.3500,10.4700,73467.0000,,Tencent_raw
2026-01-07,002789.SZ,10.5400,10.8600,10.4600,10.5300,65680.0000,,Tencent_raw
2026-01-08,002789.SZ,10.4800,10.6900,10.4500,10.5100,50459.0000,,Tencent_raw
2026-01-09,002789.SZ,10.4000,10.5200,10.2200,10.4600,58500.0000,,Tencent_raw
2026-01-12,002789.SZ,10.4200,10.5200,10.1100,10.1900,61365.0000,,Tencent_raw
2026-01-13,002789.SZ,10.2100,10.2500,9.9700,10.0800,56014.0000,,Tencent_raw
2026-01-14,002789.SZ,10.1800,10.5800,10.1800,10.5800,118742.0000,,Tencent_raw
2026-01-15,002789.SZ,10.4500,10.4700,10.1500,10.2100,62401.0000,,Tencent_raw
2026-01-16,002789.SZ,10.1900,10.2400,9.9300,10.0300,46565.0000,,Tencent_raw
2026-01-19,002789.SZ,10.0800,10.3400,10.0400,10.2500,31087.0000,,Tencent_raw
2026-01-20,002789.SZ,10.2000,10.3800,10.0700,10.1400,34166.0000,,Tencent_raw
2026-01-21,002789.SZ,10.0800,10.2500,10.0700,10.2300,27147.0000,,Tencent_raw
2026-01-22,002789.SZ,10.1800,10.3200,10.0800,10.2400,32034.0000,,Tencent_raw
2026-01-23,002789.SZ,10.2300,10.5100,10.2300,10.3400,32123.0000,,Tencent_raw
2026-01-26,002789.SZ,10.3400,10.3400,10.0400,10.1200,44611.0000,,Tencent_raw
2026-01-27,002789.SZ,10.1100,10.1500,9.9900,10.0500,24512.0000,,Tencent_raw
2026-01-28,002789.SZ,10.0200,10.0600,9.7600,9.7900,30271.0000,,Tencent_raw
2026-01-29,002789.SZ,9.7500,9.9500,9.6400,9.7000,22444.0000,,Tencent_raw
2026-01-30,002789.SZ,9.6400,9.8300,9.4100,9.8000,28425.0000,,Tencent_raw
2026-02-02,002789.SZ,9.7000,10.1300,9.6600,9.9900,34956.0000,,Tencent_raw
2026-02-03,002789.SZ,10.0800,10.0800,9.8100,9.9100,29924.0000,,Tencent_raw
2026-02-04,002789.SZ,9.9200,10.1600,9.8200,10.1000,33171.0000,,Tencent_raw
2026-02-05,002789.SZ,10.0400,10.2300,10.0000,10.0500,20375.0000,,Tencent_raw
2026-02-06,002789.SZ,10.0000,10.1900,9.9000,10.0900,21087.0000,,Tencent_raw
2026-02-09,002789.SZ,10.1200,10.4100,10.0300,10.2200,34110.0000,,Tencent_raw
2026-02-10,002789.SZ,10.2700,10.5900,10.2100,10.2500,62019.0000,,Tencent_raw
2026-02-11,002789.SZ,10.2200,10.2900,9.9800,10.2900,34370.0000,,Tencent_raw
2026-02-12,002789.SZ,10.2400,10.2400,10.0800,10.2000,27120.0000,,Tencent_raw
2026-02-13,002789.SZ,10.1800,10.2900,10.1600,10.2400,17373.0000,,Tencent_raw
2026-02-24,002789.SZ,10.2400,10.2900,10.1400,10.2100,20224.0000,,Tencent_raw
2026-02-25,002789.SZ,10.1600,10.4200,10.1600,10.3500,24101.0000,,Tencent_raw
2026-02-26,002789.SZ,10.4200,10.4200,10.1400,10.1500,26384.0000,,Tencent_raw
2026-02-27,002789.SZ,10.1200,10.4900,10.1000,10.4700,44566.0000,,Tencent_raw
2026-03-02,002789.SZ,10.3000,10.3600,10.0100,10.1600,37737.0000,,Tencent_raw
2026-03-03,002789.SZ,10.3300,10.3800,9.7200,9.8700,42214.0000,,Tencent_raw
2026-03-04,002789.SZ,9.6000,9.8100,9.5100,9.7000,24440.0000,,Tencent_raw
2026-03-05,002789.SZ,9.8200,9.8900,9.7000,9.8000,19149.0000,,Tencent_raw
2026-03-06,002789.SZ,9.8000,10.0000,9.7000,9.9200,20713.0000,,Tencent_raw
2026-03-09,002789.SZ,9.9000,9.9000,9.6600,9.8300,15175.0000,,Tencent_raw
2026-03-10,002789.SZ,9.8500,10.3200,9.8500,10.3200,39818.0000,,Tencent_raw
2026-03-11,002789.SZ,10.4100,10.7300,10.3200,10.6400,38475.0000,,Tencent_raw
2026-03-12,002789.SZ,10.5800,10.7700,10.3800,10.3900,25598.0000,,Tencent_raw
2026-03-13,002789.SZ,10.4300,10.9100,10.3500,10.9100,46141.0000,,Tencent_raw
2026-03-16,002789.SZ,11.0500,11.4600,11.0000,11.4600,88579.0000,,Tencent_raw
2026-03-17,002789.SZ,11.2700,11.4200,10.9600,11.0200,64646.0000,,Tencent_raw
2026-03-18,002789.SZ,11.1200,11.5700,11.1200,11.5700,75127.0000,,Tencent_raw
2026-03-19,002789.SZ,11.4400,12.0000,11.3000,11.5700,74916.0000,,Tencent_raw
2026-03-20,002789.SZ,11.8300,12.0900,11.4000,11.5600,56733.0000,,Tencent_raw
2026-03-23,002789.SZ,11.3500,11.6000,10.9800,11.1900,42753.0000,,Tencent_raw
2026-03-24,002789.SZ,11.3600,11.7500,11.3600,11.7500,37404.0000,,Tencent_raw
2026-03-25,002789.SZ,12.1700,12.3400,12.0200,12.3400,19041.0000,,Tencent_raw
2026-03-26,002789.SZ,12.4200,12.7900,12.1200,12.7200,52377.0000,,Tencent_raw
2026-03-27,002789.SZ,12.6000,13.0000,12.1100,12.3000,54762.0000,,Tencent_raw
2026-03-30,002789.SZ,12.3900,12.6300,11.9100,12.3000,35497.0000,,Tencent_raw
2026-03-31,002789.SZ,12.1000,12.6500,11.6900,11.8300,45989.0000,,Tencent_raw
2026-04-01,002789.SZ,12.0000,12.1000,11.5100,11.8000,22634.0000,,Tencent_raw
2026-04-02,002789.SZ,11.8400,12.0000,11.5300,11.5700,16945.0000,,Tencent_raw
2026-04-03,002789.SZ,11.5700,11.5700,11.0300,11.1700,28237.0000,,Tencent_raw
2026-04-07,002789.SZ,11.1500,11.7300,11.0500,11.7300,29180.0000,,Tencent_raw
2026-04-08,002789.SZ,11.9000,12.1900,11.8700,12.0000,25510.0000,,Tencent_raw
2026-04-09,002789.SZ,12.0600,12.1100,11.7400,12.0200,20424.0000,,Tencent_raw
2026-04-10,002789.SZ,12.1500,12.1500,11.8000,12.0000,16791.0000,,Tencent_raw
2026-04-13,002789.SZ,12.1400,12.6000,12.0000,12.6000,35948.0000,,Tencent_raw
2026-04-14,002789.SZ,12.7800,13.2300,12.7000,12.9500,49428.0000,,Tencent_raw
2026-04-15,002789.SZ,12.8500,13.1200,12.5600,13.0000,25556.0000,,Tencent_raw
2026-04-16,002789.SZ,12.9200,13.4300,12.8600,13.1000,21817.0000,,Tencent_raw
2026-04-17,002789.SZ,13.1000,13.3300,12.7800,12.9200,21367.0000,,Tencent_raw
2026-04-20,002789.SZ,12.7600,13.5100,12.7000,13.3600,23415.0000,,Tencent_raw
2026-04-21,002789.SZ,13.3000,14.0300,13.2000,13.8500,46854.0000,,Tencent_raw
2026-04-22,002789.SZ,13.6000,14.2200,13.4300,13.9700,28787.0000,,Tencent_raw
2026-04-23,002789.SZ,13.6600,14.0000,13.2700,13.2700,19468.0000,,Tencent_raw
2026-04-24,002789.SZ,12.8700,13.1900,12.6100,12.6100,20438.0000,,Tencent_raw
2026-04-27,002789.SZ,12.3200,13.2400,12.3000,13.1000,41270.0000,,Tencent_raw
2026-04-28,002789.SZ,12.5000,12.7500,12.4500,12.4500,20090.0000,,Tencent_raw
2026-04-29,002789.SZ,12.1500,12.8000,11.8300,12.4300,57970.0000,,Tencent_raw
2026-04-30,002789.SZ,12.5900,12.9900,12.2700,12.8900,30056.0000,,Tencent_raw
2026-05-06,002789.SZ,12.8900,13.2100,12.6200,12.8300,36972.0000,,Tencent_raw
2026-05-07,002789.SZ,12.8400,13.4700,12.8400,13.3800,43898.0000,,Tencent_raw
2026-05-08,002789.SZ,13.1400,13.1900,12.9000,13.0700,39863.0000,,Tencent_raw
2026-05-11,002789.SZ,13.2400,13.7200,13.0700,13.7200,43103.0000,,Tencent_raw
2026-05-12,002789.SZ,14.0200,14.4100,13.9300,14.4100,62046.0000,,Tencent_raw
2026-05-13,002789.SZ,14.4100,14.9300,13.8500,13.9500,59250.0000,,Tencent_raw
2026-05-14,002789.SZ,14.1200,14.6500,13.9800,14.6500,23322.0000,,Tencent_raw
2026-05-15,002789.SZ,14.9100,15.0600,14.0000,14.2000,47695.0000,,Tencent_raw
2026-05-18,002789.SZ,13.9900,14.1900,13.4900,13.5700,46834.0000,,Tencent_raw
2026-05-19,002789.SZ,13.8800,14.0100,13.5100,13.6300,18606.0000,,Tencent_raw
2026-05-20,002789.SZ,13.5500,13.7100,13.2100,13.4700,18661.0000,,Tencent_raw
2026-05-21,002789.SZ,13.4700,13.6700,12.8600,12.9800,28118.0000,,Tencent_raw
2026-05-22,002789.SZ,13.0500,13.2500,12.8500,13.2300,22741.0000,,Tencent_raw
2026-05-25,002789.SZ,13.2300,13.2400,12.6800,12.8500,23068.0000,,Tencent_raw
2026-05-26,002789.SZ,12.9200,13.2500,12.2100,12.2300,40104.0000,,Tencent_raw
2026-05-27,002789.SZ,12.3900,12.7000,11.8700,12.4000,30932.0000,,Tencent_raw
2026-05-28,002789.SZ,12.4000,13.0200,12.4000,13.0200,31267.0000,,Tencent_raw
2026-05-29,002789.SZ,13.5600,13.6700,12.9000,13.2400,47490.0000,,Tencent_raw
2026-06-01,002789.SZ,12.9200,13.6700,12.9200,13.4000,24060.0000,,Tencent_raw
2026-06-02,002789.SZ,13.5300,13.9800,12.9700,13.7800,51817.0000,,Tencent_raw
2026-06-03,002789.SZ,13.8300,14.4700,13.7600,13.7900,76518.0000,,Tencent_raw
2026-06-04,002789.SZ,13.5000,13.9600,13.1000,13.1000,75112.0000,,Tencent_raw
2026-06-05,002789.SZ,13.1400,13.5900,12.8100,13.3700,45137.0000,,Tencent_raw
2026-06-08,002789.SZ,12.8700,13.4200,12.7100,13.0200,33217.0000,,Tencent_raw
2026-06-09,002789.SZ,13.2300,13.5900,13.1700,13.3300,45289.0000,,Tencent_raw
2026-06-10,002789.SZ,13.3300,13.3300,12.6600,12.7500,35871.0000,,Tencent_raw
2026-06-11,002789.SZ,12.7500,13.0400,12.4500,12.9900,26345.0000,,Tencent_raw
2026-06-12,002789.SZ,13.1200,13.6400,13.1200,13.6400,52423.0000,,Tencent_raw
2026-06-15,002789.SZ,13.7500,13.7500,12.9700,13.1000,48781.0000,,Tencent_raw
2026-06-16,002789.SZ,12.9800,13.5000,12.7900,13.4900,30392.0000,,Tencent_raw
2026-06-17,002789.SZ,14.1600,14.1600,14.1600,14.1600,5850.0000,,Tencent_raw
2026-06-18,002789.SZ,14.8700,14.8700,14.8700,14.8700,2247.0000,,Tencent_raw
2026-06-22,002789.SZ,15.6100,15.6100,14.1300,14.1300,59790.0000,,Tencent_raw
2026-06-23,002789.SZ,13.4300,13.9800,13.4200,13.4200,56726.0000,,Tencent_raw
2026-06-24,002789.SZ,13.3500,13.4200,12.7500,12.7500,32595.0000,,Tencent_raw
2026-06-25,002789.SZ,12.1500,12.7700,12.1100,12.1100,47020.0000,,Tencent_raw
2026-06-26,002789.SZ,11.8400,12.1600,11.5000,11.5000,49706.0000,,Tencent_raw
2026-06-29,002789.SZ,11.1000,12.0200,11.0800,11.8000,38837.0000,,Tencent_raw
2026-06-30,002789.SZ,11.9800,12.3900,11.5200,11.5500,31582.0000,,Tencent_raw
2026-07-01,002789.SZ,11.7600,12.1000,11.1500,12.0000,31477.0000,,Tencent_raw
2026-07-02,002789.SZ,11.9000,12.2600,11.7400,11.7900,25660.0000,,Tencent_raw
2026-07-03,002789.SZ,11.8000,11.9000,11.5600,11.7400,32277.0000,,Tencent_raw
2026-07-06,002789.SZ,11.7000,12.0500,11.3100,11.3300,30207.0000,,Tencent_raw
2026-07-07,002789.SZ,11.3300,11.4000,10.2000,10.2000,51292.0000,,Tencent_raw
2026-07-08,002789.SZ,10.1600,10.8000,9.9800,10.5500,37590.0000,,Tencent_raw
2026-07-09,002789.SZ,10.5400,10.6600,10.0900,10.3800,20308.0000,,Tencent_raw
2026-07-10,002789.SZ,10.3900,10.5000,10.1700,10.2100,20962.0000,,Tencent_raw
2026-07-13,002789.SZ,10.2300,10.8400,9.9600,10.4600,23590.0000,,Tencent_raw
2026-07-14,002789.SZ,10.3300,10.5100,10.0000,10.2600,17905.0000,,Tencent_raw
2026-07-15,002789.SZ,10.2200,10.5700,10.1200,10.3000,17263.0000,,Tencent_raw
2026-07-16,002789.SZ,10.2700,10.5000,10.1800,10.4000,12291.0000,,Tencent_raw
2026-07-17,002789.SZ,10.4500,10.5500,9.3600,9.5000,49362.0000,,Tencent_raw
2026-07-20,002789.SZ,9.5000,9.8300,8.5500,8.5500,44945.0000,,Tencent_raw
2026-07-21,002789.SZ,8.5500,8.7300,7.8300,8.4100,37245.0000,,Tencent_raw
2026-07-22,002789.SZ,8.4600,8.6300,7.9700,8.0800,31550.0000,,Tencent_raw
2026-07-23,002789.SZ,8.1100,8.8600,8.1100,8.8100,31216.0000,,Tencent_raw
2026-07-24,002789.SZ,8.7800,8.8500,8.5000,8.7300,20931.0000,,Tencent_raw
2026-07-27,002789.SZ,8.4800,8.9500,8.4800,8.9400,16790.0000,,Tencent_raw
2026-07-28,002789.SZ,8.7700,9.2400,8.7000,8.8600,22196.0000,,Tencent_raw
2026-07-29,002789.SZ,8.8000,9.2000,8.8000,8.9700,19412.0000,,Tencent_raw
2026-07-30,002789.SZ,8.9500,9.1300,8.7100,8.8200,23021.0000,,Tencent_raw
2026-07-31,002789.SZ,8.8700,9.5700,8.8000,9.5700,31376.0000,,Tencent_raw
2026-08-03,002789.SZ,9.5400,10.0700,9.4100,10.0400,28975.0000,,Tencent_raw
2026-08-04,002789.SZ,10.2200,10.5100,9.9500,10.2000,29683.0000,,Tencent_raw
2026-08-05,002789.SZ,10.2000,10.3200,9.8300,9.9300,27549.0000,,Tencent_raw
2026-08-06,002789.SZ,10.0200,10.4500,9.9600,10.3800,21463.0000,,Tencent_raw
2026-08-07,002789.SZ,10.4200,10.4200,9.8100,9.8300,42888.0000,,Tencent_raw
2026-08-10,002789.SZ,9.9600,9.9600,9.6100,9.7500,28921.0000,,Tencent_raw
2026-08-11,002789.SZ,9.7500,10.1800,9.6600,10.0300,19844.0000,,Tencent_raw
2026-08-12,002789.SZ,10.0700,10.2300,9.9500,10.1100,14220.0000,,Tencent_raw
2026-08-13,002789.SZ,10.0000,10.3400,10.0000,10.1900,18322.0000,,Tencent_raw
2026-08-14,002789.SZ,10.0600,10.3400,10.0100,10.1500,12907.0000,,Tencent_raw
2026-08-17,002789.SZ,10.1700,10.2900,10.0600,10.2200,11995.0000,,Tencent_raw
2026-08-18,002789.SZ,10.1800,10.4700,10.1100,10.3000,17488.0000,,Tencent_raw
2026-08-19,002789.SZ,10.3500,10.3500,9.8100,9.8600,19435.0000,,Tencent_raw
2026-08-20,002789.SZ,9.8600,10.1600,9.8600,9.9700,15053.0000,,Tencent_raw
2026-08-21,002789.SZ,9.8400,10.2000,9.7800,10.1600,15332.0000,,Tencent_raw
2026-08-24,002789.SZ,10.1200,10.1300,9.5900,9.6800,25845.0000,,Tencent_raw
2026-08-25,002789.SZ,9.7000,10.3600,9.6500,10.2300,27148.0000,,Tencent_raw
2026-08-26,002789.SZ,10.2700,10.4600,9.9200,10.3000,20186.0000,,Tencent_raw
2026-08-27,002789.SZ,10.2100,10.2800,10.0600,10.1500,15680.0000,,Tencent_raw
2026-08-28,002789.SZ,10.1300,10.5500,10.1100,10.4800,21015.0000,,Tencent_raw
2026-08-31,002789.SZ,10.5000,11.2300,10.4000,11.0000,32232.0000,,Tencent_raw
2026-09-01,002789.SZ,10.9600,11.5200,10.9000,11.5200,32555.0000,,Tencent_raw
2026-09-02,002789.SZ,11.4300,11.8200,11.3200,11.7200,29930.0000,,Tencent_raw
2026-09-03,002789.SZ,11.5100,11.8800,11.2900,11.7700,35867.0000,,Tencent_raw
2026-09-04,002789.SZ,11.9000,12.9500,11.7500,12.8000,89413.0000,,Tencent_raw
2026-09-07,002789.SZ,12.7600,13.1300,12.5700,12.9000,44508.0000,,Tencent_raw
2026-09-08,002789.SZ,12.7000,13.9800,12.7000,13.6000,54597.0000,,Tencent_raw
2026-09-09,002789.SZ,13.6000,13.8500,13.1500,13.2800,30558.0000,,Tencent_raw
2026-09-10,002789.SZ,13.2900,14.1200,13.2400,13.9800,35048.0000,,Tencent_raw
2026-09-11,002789.SZ,13.7800,13.9600,13.1900,13.5000,37497.0000,,Tencent_raw
2026-09-14,002789.SZ,13.4800,13.8000,13.2000,13.4000,20687.0000,,Tencent_raw
2026-09-15,002789.SZ,13.2700,13.4100,12.6600,12.8400,38798.0000,,Tencent_raw
2026-09-16,002789.SZ,12.7500,13.0500,12.5000,13.0200,40540.0000,,Tencent_raw
2026-09-17,002789.SZ,13.0000,13.8800,12.9900,13.8500,41751.0000,,Tencent_raw
2026-09-18,002789.SZ,13.8000,14.2400,13.5000,13.9800,35399.0000,,Tencent_raw
2026-09-21,002789.SZ,13.8900,13.9900,13.4300,13.7800,23553.0000,,Tencent_raw
2026-09-22,002789.SZ,13.6400,13.7000,12.7100,13.2000,42432.0000,,Tencent_raw
2026-09-23,002789.SZ,12.9300,13.2400,12.6500,13.1700,20677.0000,,Tencent_raw
2026-09-24,002789.SZ,13.0000,14.1400,12.9200,14.0500,29782.0000,,Tencent_raw
2026-09-28,002789.SZ,14.0100,14.0600,13.5300,13.7400,15945.0000,,Tencent_raw
2025-09-01,002856.SZ,10.2600,10.6800,10.0100,10.5100,90628.0000,,Tencent_raw
2025-09-02,002856.SZ,10.5900,10.7200,10.1100,10.5100,73310.0000,,Tencent_raw
2025-09-03,002856.SZ,10.5500,10.6700,10.1200,10.2000,42130.0000,,Tencent_raw
2025-09-04,002856.SZ,10.2100,10.5900,10.1700,10.3200,69343.0000,,Tencent_raw
2025-09-05,002856.SZ,10.4000,10.5000,10.1500,10.4900,46930.0000,,Tencent_raw
2025-09-08,002856.SZ,10.5800,10.8100,10.4500,10.8000,50111.0000,,Tencent_raw
2025-09-09,002856.SZ,10.7700,10.9900,10.7000,10.7800,36113.0000,,Tencent_raw
2025-09-10,002856.SZ,10.7800,10.9600,10.7000,10.8300,29557.0000,,Tencent_raw
2025-09-11,002856.SZ,10.8700,10.9400,10.5600,10.9200,35257.0000,,Tencent_raw
2025-09-12,002856.SZ,10.9200,11.0400,10.7000,10.7800,34982.0000,,Tencent_raw
2025-09-15,002856.SZ,10.7400,10.7400,10.4200,10.6400,40134.0000,,Tencent_raw
2025-09-16,002856.SZ,10.7000,10.8400,10.5400,10.8000,35937.0000,,Tencent_raw
2025-09-17,002856.SZ,10.8600,10.9000,10.6300,10.7000,31504.0000,,Tencent_raw
2025-09-18,002856.SZ,10.7200,10.7200,10.2200,10.3000,44079.0000,,Tencent_raw
2025-09-19,002856.SZ,10.3600,10.4200,9.9500,10.1400,47249.0000,,Tencent_raw
2025-09-22,002856.SZ,10.1200,10.1200,9.8000,10.0000,50858.0000,,Tencent_raw
2025-09-23,002856.SZ,9.9800,10.0300,9.4300,9.8600,71847.0000,,Tencent_raw
2025-09-24,002856.SZ,9.8200,10.3100,9.7300,10.3000,62491.0000,,Tencent_raw
2025-09-25,002856.SZ,10.2900,10.4800,10.0600,10.1100,36827.0000,,Tencent_raw
2025-09-26,002856.SZ,10.1100,10.3100,9.9600,10.1900,36832.0000,,Tencent_raw
2025-09-29,002856.SZ,10.2000,10.4400,9.9200,10.3900,43422.0000,,Tencent_raw
2025-09-30,002856.SZ,10.5200,10.5700,10.3400,10.4800,29468.0000,,Tencent_raw
2025-10-09,002856.SZ,10.4800,10.7200,10.4800,10.5900,34404.0000,,Tencent_raw
2025-10-10,002856.SZ,10.6100,10.8500,10.4000,10.7200,46831.0000,,Tencent_raw
2025-10-13,002856.SZ,10.3300,10.7800,9.9100,10.6800,53844.0000,,Tencent_raw
2025-10-14,002856.SZ,10.6900,10.9000,10.5400,10.6400,31424.0000,,Tencent_raw
2025-10-15,002856.SZ,10.6700,10.8000,10.5600,10.6600,30948.0000,,Tencent_raw
2025-10-16,002856.SZ,10.7300,10.7500,10.3800,10.5100,35661.0000,,Tencent_raw
2025-10-17,002856.SZ,10.5100,10.6800,10.3000,10.4400,39516.0000,,Tencent_raw
2025-10-20,002856.SZ,10.5000,10.7600,10.4700,10.7000,35896.0000,,Tencent_raw
2025-10-21,002856.SZ,10.7300,11.0200,10.7200,11.0000,48092.0000,,Tencent_raw
2025-10-22,002856.SZ,11.0000,11.1600,10.9200,11.1000,48168.0000,,Tencent_raw
2025-10-23,002856.SZ,11.2500,11.4000,10.9100,11.1400,55980.0000,,Tencent_raw
2025-10-24,002856.SZ,11.1800,11.3200,11.0300,11.2300,41252.0000,,Tencent_raw
2025-10-27,002856.SZ,11.2300,11.4600,10.9200,11.0600,37651.0000,,Tencent_raw
2025-10-28,002856.SZ,11.1200,11.2300,10.9500,11.2300,35408.0000,,Tencent_raw
2025-10-29,002856.SZ,11.1800,11.2200,10.9100,11.0700,33783.0000,,Tencent_raw
2025-10-30,002856.SZ,11.0600,11.1000,10.9100,10.9500,39039.0000,,Tencent_raw
2025-10-31,002856.SZ,11.0400,11.3000,10.9400,11.2500,53845.0000,,Tencent_raw
2025-11-03,002856.SZ,11.3300,11.6000,11.2300,11.5000,62009.0000,,Tencent_raw
2025-11-04,002856.SZ,11.5100,11.8100,11.4300,11.7300,53884.0000,,Tencent_raw
2025-11-05,002856.SZ,11.7400,12.9000,11.5600,12.5500,177475.0000,,Tencent_raw
2025-11-06,002856.SZ,12.2200,12.8400,12.0500,12.4300,195651.0000,,Tencent_raw
2025-11-07,002856.SZ,12.3800,13.5900,12.2200,13.2000,167818.0000,,Tencent_raw
2025-11-10,002856.SZ,13.3400,13.6000,12.9500,13.1500,124344.0000,,Tencent_raw
2025-11-11,002856.SZ,13.1600,13.3500,12.9900,13.0000,74376.0000,,Tencent_raw
2025-11-12,002856.SZ,13.0700,13.3500,12.6000,12.7500,58503.0000,,Tencent_raw
2025-11-13,002856.SZ,12.6900,12.9500,12.5600,12.8300,69577.0000,,Tencent_raw
2025-11-14,002856.SZ,12.9500,13.1800,12.8300,12.9200,49427.0000,,Tencent_raw
2025-11-17,002856.SZ,13.1900,13.2600,12.7400,12.9200,37405.0000,,Tencent_raw
2025-11-18,002856.SZ,13.0000,13.0100,12.6200,12.8700,40220.0000,,Tencent_raw
2025-11-19,002856.SZ,12.9000,12.9500,12.2200,12.5000,58165.0000,,Tencent_raw
2025-11-20,002856.SZ,12.5100,12.6500,12.0600,12.3000,49400.0000,,Tencent_raw
2025-11-21,002856.SZ,12.0800,12.3700,11.4000,11.6100,73866.0000,,Tencent_raw
2025-11-24,002856.SZ,11.6300,11.8700,11.4000,11.7100,67634.0000,,Tencent_raw
2025-11-25,002856.SZ,11.7700,12.8800,11.6800,12.8800,97220.0000,,Tencent_raw
2025-11-26,002856.SZ,12.7900,13.1400,12.0500,12.1100,243951.0000,,Tencent_raw
2025-11-27,002856.SZ,11.3500,13.3200,11.3500,13.3200,172575.0000,,Tencent_raw
2025-11-28,002856.SZ,13.2500,13.4000,12.8000,12.8200,172395.0000,,Tencent_raw
2025-12-01,002856.SZ,12.9800,13.5600,12.8400,13.1000,127926.0000,,Tencent_raw
2025-12-02,002856.SZ,13.1000,13.4300,12.8500,13.1500,90823.0000,,Tencent_raw
2025-12-03,002856.SZ,13.3100,13.3400,12.6900,12.8500,54658.0000,,Tencent_raw
2025-12-04,002856.SZ,12.8500,13.0300,12.4400,12.4700,51840.0000,,Tencent_raw
2025-12-05,002856.SZ,12.6400,13.7200,12.3100,13.1600,135763.0000,,Tencent_raw
2025-12-08,002856.SZ,13.4300,13.6500,13.1900,13.2300,87892.0000,,Tencent_raw
2025-12-09,002856.SZ,13.2900,13.3600,12.8800,13.0300,59713.0000,,Tencent_raw
2025-12-10,002856.SZ,13.0800,13.0900,12.6000,12.6500,62377.0000,,Tencent_raw
2025-12-11,002856.SZ,12.6300,12.7400,11.9200,11.9800,80393.0000,,Tencent_raw
2025-12-12,002856.SZ,11.9800,12.2400,11.6200,11.7500,76143.0000,,Tencent_raw
2025-12-15,002856.SZ,11.8200,11.9300,11.4200,11.8000,59954.0000,,Tencent_raw
2025-12-16,002856.SZ,11.6700,12.2900,11.6100,11.8100,73612.0000,,Tencent_raw
2025-12-17,002856.SZ,11.8100,11.9000,11.3000,11.7400,69559.0000,,Tencent_raw
2025-12-18,002856.SZ,11.6500,12.0900,11.6400,11.8600,61682.0000,,Tencent_raw
2025-12-19,002856.SZ,11.9700,12.1500,11.8200,12.1200,49365.0000,,Tencent_raw
2025-12-22,002856.SZ,12.2300,12.2800,11.9000,11.9800,48648.0000,,Tencent_raw
2025-12-23,002856.SZ,12.0900,12.1500,11.6000,11.9000,58870.0000,,Tencent_raw
2025-12-24,002856.SZ,11.9800,12.1000,11.4100,11.7200,69846.0000,,Tencent_raw
2025-12-25,002856.SZ,11.7800,11.9400,11.7300,11.8300,52602.0000,,Tencent_raw
2025-12-26,002856.SZ,12.0100,13.0100,11.9700,13.0100,92516.0000,,Tencent_raw
2025-12-29,002856.SZ,12.8700,13.0600,11.8900,12.1200,194466.0000,,Tencent_raw
2025-12-30,002856.SZ,12.0600,12.3300,11.7500,11.8500,109967.0000,,Tencent_raw
2025-12-31,002856.SZ,12.0800,12.1800,11.5500,11.8100,98280.0000,,Tencent_raw
2026-01-05,002856.SZ,11.8100,12.6800,11.6800,12.2000,117526.0000,,Tencent_raw
2026-01-06,002856.SZ,12.3900,12.4600,12.0800,12.1700,75727.0000,,Tencent_raw
2026-01-07,002856.SZ,12.1600,12.6600,12.0500,12.4700,73466.0000,,Tencent_raw
2026-01-08,002856.SZ,12.4700,12.8500,12.2000,12.6500,77079.0000,,Tencent_raw
2026-01-09,002856.SZ,12.7200,13.4000,12.5100,13.2700,90544.0000,,Tencent_raw
2026-01-12,002856.SZ,13.3000,14.6000,13.3000,14.6000,135391.0000,,Tencent_raw
2026-01-13,002856.SZ,14.4400,15.3000,14.1400,14.3000,183333.0000,,Tencent_raw
2026-01-14,002856.SZ,14.5200,15.2000,14.2500,15.0300,132156.0000,,Tencent_raw
2026-01-15,002856.SZ,15.0000,15.3000,14.5200,14.6800,80585.0000,,Tencent_raw
2026-01-16,002856.SZ,14.8000,15.0500,14.1900,14.4500,78904.0000,,Tencent_raw
2026-01-19,002856.SZ,14.5700,14.9000,14.1200,14.7900,66348.0000,,Tencent_raw
2026-01-20,002856.SZ,14.9100,14.9900,14.5200,14.6500,52224.0000,,Tencent_raw
2026-01-21,002856.SZ,14.6800,15.4900,14.6200,15.1800,58110.0000,,Tencent_raw
2026-01-22,002856.SZ,15.2100,15.4500,14.9100,15.3100,52222.0000,,Tencent_raw
2026-01-23,002856.SZ,15.2700,15.6000,14.9800,15.4500,51299.0000,,Tencent_raw
2026-01-26,002856.SZ,15.4500,15.9700,15.2900,15.6200,60791.0000,,Tencent_raw
2026-01-27,002856.SZ,15.6800,15.8200,15.0000,15.5400,59893.0000,,Tencent_raw
2026-01-28,002856.SZ,15.5400,16.1900,15.0800,15.1900,52598.0000,,Tencent_raw
2026-01-29,002856.SZ,15.1000,15.5600,14.8700,14.9600,53310.0000,,Tencent_raw
2026-01-30,002856.SZ,15.0100,15.3000,14.9300,15.0700,53030.0000,,Tencent_raw
2026-02-02,002856.SZ,15.1800,15.7300,15.0000,15.3100,65388.0000,,Tencent_raw
2026-02-03,002856.SZ,15.5100,15.9500,15.3000,15.4000,65199.0000,,Tencent_raw
2026-02-04,002856.SZ,15.5000,15.5900,15.1800,15.4300,52619.0000,,Tencent_raw
2026-02-05,002856.SZ,15.4600,15.6500,15.3100,15.5800,36346.0000,,Tencent_raw
2026-02-06,002856.SZ,15.6100,16.1600,15.4100,15.8400,48347.0000,,Tencent_raw
2026-02-09,002856.SZ,15.8200,16.5500,15.5500,15.6800,69049.0000,,Tencent_raw
2026-02-10,002856.SZ,15.8800,16.4500,15.6800,16.0400,85777.0000,,Tencent_raw
2026-02-11,002856.SZ,16.2000,16.3300,15.3700,15.6900,70729.0000,,Tencent_raw
2026-02-12,002856.SZ,15.6800,16.1000,15.3500,15.3500,51849.0000,,Tencent_raw
2026-02-13,002856.SZ,15.4000,15.7800,15.0800,15.1600,55090.0000,,Tencent_raw
2026-02-24,002856.SZ,15.2600,15.4400,14.6600,14.8100,77456.0000,,Tencent_raw
2026-02-25,002856.SZ,14.8800,14.9900,14.1000,14.4600,93353.0000,,Tencent_raw
2026-02-26,002856.SZ,14.5100,14.5300,14.1700,14.2400,47111.0000,,Tencent_raw
2026-02-27,002856.SZ,14.2000,14.2000,13.9000,14.0600,50757.0000,,Tencent_raw
2026-03-02,002856.SZ,13.9100,14.1500,13.4000,13.6100,64619.0000,,Tencent_raw
2026-03-03,002856.SZ,13.5400,13.9900,13.2800,13.2900,62749.0000,,Tencent_raw
2026-03-04,002856.SZ,13.0600,13.4800,13.0600,13.3100,45044.0000,,Tencent_raw
2026-03-05,002856.SZ,13.4100,13.6000,13.1500,13.2500,38698.0000,,Tencent_raw
2026-03-06,002856.SZ,13.2400,13.7600,13.1800,13.6900,45065.0000,,Tencent_raw
2026-03-09,002856.SZ,13.5800,14.0900,13.4800,13.9600,62093.0000,,Tencent_raw
2026-03-10,002856.SZ,14.0600,14.7900,13.8900,14.4400,66669.0000,,Tencent_raw
2026-03-11,002856.SZ,14.4100,14.7200,13.8700,14.0300,62415.0000,,Tencent_raw
2026-03-12,002856.SZ,14.0300,14.0500,13.4800,13.5500,40040.0000,,Tencent_raw
2026-03-13,002856.SZ,13.5800,13.8600,13.4300,13.6500,29444.0000,,Tencent_raw
2026-03-16,002856.SZ,13.3200,13.8200,13.3200,13.6400,28110.0000,,Tencent_raw
2026-03-17,002856.SZ,13.6400,13.7900,13.3500,13.4000,39119.0000,,Tencent_raw
2026-03-18,002856.SZ,12.0600,12.0600,12.0600,12.0600,9559.0000,,Tencent_raw
2026-03-19,002856.SZ,11.6900,12.3800,11.6900,11.8800,300182.0000,,Tencent_raw
2026-03-20,002856.SZ,11.8700,12.1100,11.1800,11.2400,160940.0000,,Tencent_raw
2026-03-23,002856.SZ,11.3000,11.3000,10.4100,10.4900,89388.0000,,Tencent_raw
2026-03-24,002856.SZ,10.9000,11.4600,10.6800,11.2900,128431.0000,,Tencent_raw
2026-03-25,002856.SZ,11.5600,11.9000,11.3100,11.5100,69766.0000,,Tencent_raw
2026-03-26,002856.SZ,11.6100,11.6200,10.9000,11.0700,51820.0000,,Tencent_raw
2026-03-27,002856.SZ,11.1700,11.5000,10.9600,11.3000,42691.0000,,Tencent_raw
2026-03-30,002856.SZ,11.2500,11.6500,10.9900,11.5500,50108.0000,,Tencent_raw
2026-03-31,002856.SZ,11.7000,11.7000,11.2100,11.2400,43782.0000,,Tencent_raw
2026-04-01,002856.SZ,11.5000,11.6900,11.1800,11.3000,40124.0000,,Tencent_raw
2026-04-02,002856.SZ,11.2900,11.3700,10.8100,10.9500,41328.0000,,Tencent_raw
2026-04-03,002856.SZ,10.9500,11.0800,10.4200,10.7500,52913.0000,,Tencent_raw
2026-04-07,002856.SZ,10.7500,11.0900,10.4500,10.9900,46322.0000,,Tencent_raw
2026-04-08,002856.SZ,11.3000,11.5800,11.2400,11.5000,43991.0000,,Tencent_raw
2026-04-09,002856.SZ,11.3800,11.4500,10.9000,11.2900,32930.0000,,Tencent_raw
2026-04-10,002856.SZ,11.3000,11.5000,11.1500,11.2500,36940.0000,,Tencent_raw
2026-04-13,002856.SZ,11.2500,11.3000,11.0700,11.1500,32527.0000,,Tencent_raw
2026-04-14,002856.SZ,11.3800,12.1700,11.2800,11.8300,106085.0000,,Tencent_raw
2026-04-15,002856.SZ,11.8800,11.9100,11.4200,11.5400,56915.0000,,Tencent_raw
2026-04-16,002856.SZ,11.6400,11.8500,11.3500,11.7200,41980.0000,,Tencent_raw
2026-04-17,002856.SZ,11.7500,11.8900,11.4000,11.5500,49525.0000,,Tencent_raw
2026-04-20,002856.SZ,11.4500,12.0100,11.4000,11.8200,62145.0000,,Tencent_raw
2026-04-21,002856.SZ,11.8200,12.5600,11.7400,12.5500,79674.0000,,Tencent_raw
2026-04-22,002856.SZ,12.3500,12.3900,11.8300,11.9000,90704.0000,,Tencent_raw
2026-04-23,002856.SZ,12.1400,12.2400,11.7100,11.8500,54602.0000,,Tencent_raw
2026-04-24,002856.SZ,11.7700,12.4900,11.7700,12.4800,60041.0000,,Tencent_raw
2026-04-27,002856.SZ,12.0600,13.7300,12.0600,13.1200,158537.0000,,Tencent_raw
2026-04-28,002856.SZ,13.1600,13.6300,12.7200,13.1200,112483.0000,,Tencent_raw
2026-04-30,002856.SZ,13.7800,13.7800,13.7800,13.7800,48568.0000,,Tencent_raw
2026-05-06,002856.SZ,14.4700,14.4700,14.4700,14.4700,98180.0000,,Tencent_raw
2026-05-07,002856.SZ,14.2800,14.5900,13.7500,13.7500,251188.0000,,Tencent_raw
2026-05-08,002856.SZ,14.1800,14.4400,13.9100,14.0800,164321.0000,,Tencent_raw
2026-05-11,002856.SZ,14.3700,14.7800,14.3100,14.7800,37862.0000,,Tencent_raw
2026-05-12,002856.SZ,15.2200,15.5200,15.0700,15.5200,58068.0000,,Tencent_raw
2026-05-13,002856.SZ,16.0000,16.3000,15.7000,16.3000,91196.0000,,Tencent_raw
2026-05-14,002856.SZ,16.9500,17.1200,16.9100,17.1200,26200.0000,,Tencent_raw
2026-05-15,002856.SZ,17.2500,17.9800,16.2600,17.9800,203512.0000,,Tencent_raw
2026-05-18,002856.SZ,17.1500,18.8800,17.1500,18.5100,147219.0000,,Tencent_raw
2026-05-19,002856.SZ,18.5200,19.4400,17.8700,19.4400,105381.0000,,Tencent_raw
2026-05-20,002856.SZ,19.9900,20.4100,19.0000,20.1200,141550.0000,,Tencent_raw
2026-05-21,002856.SZ,19.6000,19.7000,19.1100,19.1100,83618.0000,,Tencent_raw
2026-05-22,002856.SZ,18.3600,18.7900,18.1500,18.1500,97928.0000,,Tencent_raw
2026-05-25,002856.SZ,18.6900,19.0600,18.5100,19.0600,65250.0000,,Tencent_raw
2026-05-26,002856.SZ,20.0100,20.0100,18.6600,20.0100,117952.0000,,Tencent_raw
2026-05-27,002856.SZ,20.6800,21.0100,20.0200,21.0100,88037.0000,,Tencent_raw
2026-05-28,002856.SZ,19.9600,22.0600,19.9600,21.2000,196213.0000,,Tencent_raw
2026-05-29,002856.SZ,21.2000,22.2600,20.9000,22.2600,101477.0000,,Tencent_raw
2026-06-01,002856.SZ,23.2700,23.3700,23.0000,23.3700,12470.0000,,Tencent_raw
2026-06-02,002856.SZ,24.5400,24.5400,23.6500,24.5400,51980.0000,,Tencent_raw
2026-06-03,002856.SZ,25.7700,25.7700,25.0100,25.7700,114295.0000,,Tencent_raw
2026-06-04,002856.SZ,26.7800,27.0600,24.4800,24.4800,154316.0000,,Tencent_raw
2026-06-05,002856.SZ,25.0000,25.7000,24.9900,25.7000,70797.0000,,Tencent_raw
2026-06-08,002856.SZ,26.9000,26.9900,26.2300,26.9900,93486.0000,,Tencent_raw
2026-06-09,002856.SZ,28.3400,28.3400,25.6400,25.6400,184270.0000,,Tencent_raw
2026-06-10,002856.SZ,24.3600,24.3600,24.3600,24.3600,18951.0000,,Tencent_raw
2026-06-11,002856.SZ,23.1400,25.5800,23.1400,25.5800,138409.0000,,Tencent_raw
2026-06-12,002856.SZ,26.2500,26.8000,24.3000,24.3000,60682.0000,,Tencent_raw
2026-06-15,002856.SZ,23.0900,23.0900,23.0900,23.0900,12791.0000,,Tencent_raw
2026-06-16,002856.SZ,21.9400,23.4800,21.9400,21.9400,134305.0000,,Tencent_raw
2026-06-17,002856.SZ,20.8400,20.8400,20.8400,20.8400,10044.0000,,Tencent_raw
2026-06-18,002856.SZ,19.8000,19.8000,19.8000,19.8000,7091.0000,,Tencent_raw
2026-06-22,002856.SZ,18.8100,18.8100,18.8100,18.8100,9892.0000,,Tencent_raw
2026-06-23,002856.SZ,18.8200,19.7500,17.8700,19.5700,131548.0000,,Tencent_raw
2026-06-24,002856.SZ,18.5900,18.7700,18.5900,18.5900,50246.0000,,Tencent_raw
2026-06-25,002856.SZ,17.6600,17.6600,17.6600,17.6600,4782.0000,,Tencent_raw
2026-06-26,002856.SZ,16.7800,18.5300,16.7800,17.5100,146683.0000,,Tencent_raw
2026-06-29,002856.SZ,16.9900,18.3900,16.6300,18.3900,106772.0000,,Tencent_raw
2026-06-30,002856.SZ,19.3100,19.3100,18.9400,19.3100,49056.0000,,Tencent_raw
2026-07-01,002856.SZ,20.2800,20.2800,20.0800,20.2800,33093.0000,,Tencent_raw
2026-07-02,002856.SZ,21.2900,21.2900,20.9900,21.2900,25244.0000,,Tencent_raw
2026-07-03,002856.SZ,20.2300,21.4300,20.2300,20.2300,97852.0000,,Tencent_raw
2026-07-06,002856.SZ,19.1000,19.6000,18.2100,18.2100,70642.0000,,Tencent_raw
2026-07-07,002856.SZ,17.8900,17.8900,16.3900,16.3900,72836.0000,,Tencent_raw
2026-07-08,002856.SZ,16.1100,18.0300,16.1100,18.0300,93246.0000,,Tencent_raw
2026-07-09,002856.SZ,18.0300,18.9900,17.0000,17.0000,81173.0000,,Tencent_raw
2026-07-10,002856.SZ,17.0000,18.4800,17.0000,17.9600,73274.0000,,Tencent_raw
2026-07-13,002856.SZ,18.2000,18.4200,16.6000,16.8000,69178.0000,,Tencent_raw
2026-07-14,002856.SZ,16.9800,17.3000,15.5500,15.6100,75166.0000,,Tencent_raw
2026-07-15,002856.SZ,15.7800,16.0000,14.1000,14.1500,107508.0000,,Tencent_raw
2026-07-16,002856.SZ,14.5400,14.8900,13.8600,14.2400,80077.0000,,Tencent_raw
2026-07-17,002856.SZ,14.2400,14.4000,13.0100,13.3100,71589.0000,,Tencent_raw
2026-07-20,002856.SZ,13.5500,13.8200,11.9800,11.9800,72577.0000,,Tencent_raw
2026-07-21,002856.SZ,11.9800,12.6500,10.7800,11.8900,110411.0000,,Tencent_raw
2026-07-22,002856.SZ,11.7900,12.4000,11.3400,12.1500,63255.0000,,Tencent_raw
2026-07-23,002856.SZ,12.4000,13.3700,12.3700,13.3700,28958.0000,,Tencent_raw
2026-07-24,002856.SZ,14.5000,14.7100,13.2000,13.2900,118586.0000,,Tencent_raw
2026-07-27,002856.SZ,12.8100,14.2700,12.7800,14.1000,73116.0000,,Tencent_raw
2026-07-28,002856.SZ,14.0100,14.9300,13.8600,14.0000,73580.0000,,Tencent_raw
2026-07-29,002856.SZ,14.3200,14.6700,13.4000,14.5800,69419.0000,,Tencent_raw
2026-07-30,002856.SZ,14.3200,14.5000,13.4500,13.5900,62518.0000,,Tencent_raw
2026-07-31,002856.SZ,13.6000,14.6000,13.6000,14.0500,60672.0000,,Tencent_raw
2026-08-03,002856.SZ,13.7000,15.4600,13.6800,15.4600,75798.0000,,Tencent_raw
2026-08-04,002856.SZ,15.4600,15.9200,14.9900,15.2000,79297.0000,,Tencent_raw
2026-08-05,002856.SZ,15.0000,15.3900,14.7800,15.0800,51129.0000,,Tencent_raw
2026-08-06,002856.SZ,14.9900,15.5800,14.7000,15.4400,55614.0000,,Tencent_raw
2026-08-07,002856.SZ,15.5200,15.5300,14.7400,14.8300,47774.0000,,Tencent_raw
2026-08-10,002856.SZ,14.2900,14.8200,13.6000,14.3100,42369.0000,,Tencent_raw
2026-08-11,002856.SZ,14.2500,14.9600,13.8000,14.7400,45951.0000,,Tencent_raw
2026-08-12,002856.SZ,14.3800,14.6100,14.1900,14.3800,32196.0000,,Tencent_raw
2026-08-13,002856.SZ,14.4300,15.1000,14.0600,14.2500,50870.0000,,Tencent_raw
2026-08-14,002856.SZ,14.0400,14.2500,13.7100,14.1400,46777.0000,,Tencent_raw
2026-08-17,002856.SZ,14.1500,14.8800,13.9000,14.6200,50871.0000,,Tencent_raw
2026-08-18,002856.SZ,14.4800,15.1900,14.4400,14.9200,47762.0000,,Tencent_raw
2026-08-19,002856.SZ,14.9800,15.1500,13.8300,13.9100,51515.0000,,Tencent_raw
2026-08-20,002856.SZ,14.0000,14.1800,13.6700,14.0400,34374.0000,,Tencent_raw
2026-08-21,002856.SZ,13.9000,14.7700,13.4500,14.7300,53778.0000,,Tencent_raw
2026-08-24,002856.SZ,14.5000,14.8500,14.0600,14.0800,37455.0000,,Tencent_raw
2026-08-25,002856.SZ,13.9800,15.4900,13.9800,15.4900,47617.0000,,Tencent_raw
2026-08-26,002856.SZ,15.5200,17.0400,15.5200,16.6000,86876.0000,,Tencent_raw
2026-08-27,002856.SZ,16.4200,16.9100,16.1200,16.6200,59725.0000,,Tencent_raw
2026-08-28,002856.SZ,16.2200,17.4900,16.2200,16.8300,63936.0000,,Tencent_raw
2026-08-31,002856.SZ,16.8000,18.5100,16.6600,18.5100,78571.0000,,Tencent_raw
2026-09-01,002856.SZ,18.6200,19.3800,18.0600,19.2900,81584.0000,,Tencent_raw
2026-09-02,002856.SZ,19.0700,19.8200,17.8000,18.1800,74323.0000,,Tencent_raw
2026-09-03,002856.SZ,18.1800,18.8600,17.8900,18.5000,53274.0000,,Tencent_raw
2026-09-04,002856.SZ,20.0000,20.3500,19.8100,20.3500,31548.0000,,Tencent_raw
2026-09-07,002856.SZ,22.3900,22.3900,21.0100,21.7000,110290.0000,,Tencent_raw
2026-09-08,002856.SZ,22.3500,23.6900,21.3900,22.3500,106019.0000,,Tencent_raw
2026-09-09,002856.SZ,21.7200,22.5400,20.8300,21.3000,90036.0000,,Tencent_raw
2026-09-10,002856.SZ,21.7000,23.4300,21.5500,23.4300,97144.0000,,Tencent_raw
2026-09-11,002856.SZ,22.9500,25.5700,22.5100,25.3600,94221.0000,,Tencent_raw
2026-09-14,002856.SZ,25.2500,25.9900,24.3000,25.6700,66734.0000,,Tencent_raw
2026-09-15,002856.SZ,25.4600,26.2900,23.1000,23.1000,89741.0000,,Tencent_raw
2026-09-16,002856.SZ,22.5100,25.4000,21.6000,24.9800,92847.0000,,Tencent_raw
2026-09-17,002856.SZ,24.8500,25.2000,23.3300,23.9000,70539.0000,,Tencent_raw
2026-09-18,002856.SZ,24.2900,24.2900,22.7000,23.2000,59382.0000,,Tencent_raw
2026-09-21,002856.SZ,23.5000,24.3300,22.5100,23.6900,74496.0000,,Tencent_raw
2026-09-22,002856.SZ,22.9400,23.3000,21.8100,21.9700,80154.0000,,Tencent_raw
2026-09-23,002856.SZ,19.7700,19.7700,19.7700,19.7700,13612.0000,,Tencent_raw
2026-09-24,002856.SZ,18.0000,18.9700,17.7900,17.7900,131453.0000,,Tencent_raw
2026-09-28,002856.SZ,17.7700,18.4500,17.5000,18.0200,79857.0000,,Tencent_raw
2025-09-01,300027.SZ,2.6900,2.7400,2.5900,2.7200,1846597.0000,,Tencent_raw
2025-09-02,300027.SZ,2.7000,2.7800,2.6500,2.6800,1341571.0000,,Tencent_raw
2025-09-03,300027.SZ,2.6600,2.8000,2.6600,2.7300,1873345.0000,,Tencent_raw
2025-09-04,300027.SZ,2.7700,2.7700,2.6200,2.6700,1182633.0000,,Tencent_raw
2025-09-05,300027.SZ,2.6700,2.7400,2.6400,2.7300,975181.0000,,Tencent_raw
2025-09-08,300027.SZ,2.7500,2.7800,2.7000,2.7500,1111606.0000,,Tencent_raw
2025-09-09,300027.SZ,2.7400,2.7900,2.7100,2.7300,974163.0000,,Tencent_raw
2025-09-10,300027.SZ,2.7300,2.9500,2.7200,2.8900,2426666.0000,,Tencent_raw
2025-09-11,300027.SZ,2.8500,2.8700,2.7600,2.8600,1499294.0000,,Tencent_raw
2025-09-12,300027.SZ,2.8600,2.9300,2.8300,2.9100,1762773.0000,,Tencent_raw
2025-09-15,300027.SZ,2.8900,2.9800,2.8600,2.9500,1824251.0000,,Tencent_raw
2025-09-16,300027.SZ,2.9500,2.9600,2.8900,2.9200,1320865.0000,,Tencent_raw
2025-09-17,300027.SZ,2.9100,2.9200,2.8500,2.8900,1184204.0000,,Tencent_raw
2025-09-18,300027.SZ,2.8800,2.9600,2.8100,2.8500,1450046.0000,,Tencent_raw
2025-09-19,300027.SZ,2.8400,2.9100,2.7600,2.8400,1460662.0000,,Tencent_raw
2025-09-22,300027.SZ,2.8100,2.8200,2.6800,2.7000,1452478.0000,,Tencent_raw
2025-09-23,300027.SZ,2.6900,2.6900,2.5400,2.5900,1293335.0000,,Tencent_raw
2025-09-24,300027.SZ,2.5900,2.6300,2.5400,2.6200,828886.0000,,Tencent_raw
2025-09-25,300027.SZ,2.6400,2.7000,2.6100,2.6500,1027140.0000,,Tencent_raw
2025-09-26,300027.SZ,2.6500,2.6800,2.5800,2.6000,758940.0000,,Tencent_raw
2025-09-29,300027.SZ,2.6000,2.6400,2.5600,2.6300,691378.0000,,Tencent_raw
2025-09-30,300027.SZ,2.6400,2.6700,2.5900,2.5900,701104.0000,,Tencent_raw
2025-10-09,300027.SZ,2.6000,2.6000,2.4600,2.5100,982958.0000,,Tencent_raw
2025-10-10,300027.SZ,2.5100,2.5400,2.5000,2.5000,610094.0000,,Tencent_raw
2025-10-13,300027.SZ,2.4000,2.4500,2.3500,2.4400,733775.0000,,Tencent_raw
2025-10-14,300027.SZ,2.4500,2.4700,2.4000,2.4100,565246.0000,,Tencent_raw
2025-10-15,300027.SZ,2.4300,2.4500,2.4000,2.4400,420061.0000,,Tencent_raw
2025-10-16,300027.SZ,2.4300,2.4400,2.3900,2.3900,475494.0000,,Tencent_raw
2025-10-17,300027.SZ,2.4000,2.4400,2.3600,2.3700,697972.0000,,Tencent_raw
2025-10-20,300027.SZ,2.4100,2.4200,2.3900,2.4100,490828.0000,,Tencent_raw
2025-10-21,300027.SZ,2.4100,2.4700,2.3900,2.4600,568788.0000,,Tencent_raw
2025-10-22,300027.SZ,2.4600,2.5000,2.4400,2.4600,565825.0000,,Tencent_raw
2025-10-23,300027.SZ,2.4600,2.5500,2.4400,2.5300,913566.0000,,Tencent_raw
2025-10-24,300027.SZ,2.5200,2.5400,2.4700,2.4900,633726.0000,,Tencent_raw
2025-10-27,300027.SZ,2.4900,2.5000,2.4600,2.4900,444053.0000,,Tencent_raw
2025-10-28,300027.SZ,2.5000,2.5100,2.4700,2.4900,432871.0000,,Tencent_raw
2025-10-29,300027.SZ,2.5000,2.5000,2.4400,2.4700,463537.0000,,Tencent_raw
2025-10-30,300027.SZ,2.4600,2.4800,2.4400,2.4500,554605.0000,,Tencent_raw
2025-10-31,300027.SZ,2.4400,2.5200,2.4400,2.5100,755275.0000,,Tencent_raw
2025-11-03,300027.SZ,2.5100,2.5800,2.4900,2.5800,837910.0000,,Tencent_raw
2025-11-04,300027.SZ,2.5800,2.6000,2.5400,2.5800,694839.0000,,Tencent_raw
2025-11-05,300027.SZ,2.5600,2.6400,2.5500,2.6200,852802.0000,,Tencent_raw
2025-11-06,300027.SZ,2.6100,2.6200,2.5500,2.5600,731760.0000,,Tencent_raw
2025-11-07,300027.SZ,2.5500,2.5800,2.5300,2.5400,529731.0000,,Tencent_raw
2025-11-10,300027.SZ,2.5400,2.6100,2.5200,2.5900,699095.0000,,Tencent_raw
2025-11-11,300027.SZ,2.6100,2.6400,2.5700,2.6300,712658.0000,,Tencent_raw
2025-11-12,300027.SZ,2.6300,2.6600,2.5800,2.6000,647878.0000,,Tencent_raw
2025-11-13,300027.SZ,2.6000,2.6400,2.5700,2.6200,613138.0000,,Tencent_raw
2025-11-14,300027.SZ,2.6200,2.6600,2.6100,2.6400,719881.0000,,Tencent_raw
2025-11-17,300027.SZ,2.6300,2.6900,2.6200,2.6600,631418.0000,,Tencent_raw
2025-11-18,300027.SZ,2.6500,2.6700,2.6100,2.6300,663095.0000,,Tencent_raw
2025-11-19,300027.SZ,2.6200,2.6300,2.5300,2.5500,692066.0000,,Tencent_raw
2025-11-20,300027.SZ,2.5500,2.5600,2.4800,2.5100,564450.0000,,Tencent_raw
2025-11-21,300027.SZ,2.5000,2.6700,2.5000,2.5700,1388031.0000,,Tencent_raw
2025-11-24,300027.SZ,2.5400,2.6600,2.5200,2.6300,1458160.0000,,Tencent_raw
2025-11-25,300027.SZ,2.6200,2.6800,2.6100,2.6300,1203204.0000,,Tencent_raw
2025-11-26,300027.SZ,2.6200,2.7100,2.6000,2.6400,1195080.0000,,Tencent_raw
2025-11-27,300027.SZ,2.6400,2.6500,2.5500,2.5600,859251.0000,,Tencent_raw
2025-11-28,300027.SZ,2.5600,2.6200,2.5200,2.6200,831677.0000,,Tencent_raw
2025-12-01,300027.SZ,2.6600,2.7300,2.6300,2.7200,1368296.0000,,Tencent_raw
2025-12-02,300027.SZ,2.7100,2.7300,2.6600,2.7100,774825.0000,,Tencent_raw
2025-12-03,300027.SZ,2.7100,2.7500,2.6500,2.6800,833481.0000,,Tencent_raw
2025-12-04,300027.SZ,2.6700,2.8800,2.6300,2.7600,2183697.0000,,Tencent_raw
2025-12-05,300027.SZ,2.7200,2.7600,2.6400,2.6800,1643867.0000,,Tencent_raw
2025-12-08,300027.SZ,2.6800,2.7100,2.6400,2.6500,1011956.0000,,Tencent_raw
2025-12-09,300027.SZ,2.6400,2.6900,2.4700,2.4800,1820240.0000,,Tencent_raw
2025-12-10,300027.SZ,2.4300,2.4800,2.4000,2.4600,878677.0000,,Tencent_raw
2025-12-11,300027.SZ,2.4700,2.4700,2.2700,2.2800,1671005.0000,,Tencent_raw
2025-12-12,300027.SZ,2.2800,2.3200,2.2300,2.2300,931375.0000,,Tencent_raw
2025-12-15,300027.SZ,2.2000,2.2200,2.1300,2.1800,893560.0000,,Tencent_raw
2025-12-16,300027.SZ,2.1700,2.1800,2.1400,2.1500,556723.0000,,Tencent_raw
2025-12-17,300027.SZ,2.1500,2.1800,2.1100,2.1700,747011.0000,,Tencent_raw
2025-12-18,300027.SZ,2.1400,2.1900,2.0800,2.0800,1270727.0000,,Tencent_raw
2025-12-19,300027.SZ,2.0700,2.1600,2.0300,2.1400,1214539.0000,,Tencent_raw
2025-12-22,300027.SZ,2.1300,2.1500,2.1100,2.1400,591243.0000,,Tencent_raw
2025-12-23,300027.SZ,2.1300,2.1500,2.0800,2.0900,780247.0000,,Tencent_raw
2025-12-24,300027.SZ,2.0800,2.1400,2.0700,2.1300,627365.0000,,Tencent_raw
2025-12-25,300027.SZ,2.1400,2.1700,2.1300,2.1600,703432.0000,,Tencent_raw
2025-12-26,300027.SZ,2.1600,2.1800,2.1400,2.1700,647933.0000,,Tencent_raw
2025-12-29,300027.SZ,2.1600,2.1900,2.1300,2.1400,609129.0000,,Tencent_raw
2025-12-30,300027.SZ,2.1200,2.4100,2.1100,2.2400,2281207.0000,,Tencent_raw
2025-12-31,300027.SZ,2.2100,2.2200,2.1500,2.1700,1261952.0000,,Tencent_raw
2026-01-05,300027.SZ,2.1800,2.1900,2.1300,2.1700,970681.0000,,Tencent_raw
2026-01-06,300027.SZ,2.1600,2.2300,2.1400,2.2100,947296.0000,,Tencent_raw
2026-01-07,300027.SZ,2.2100,2.2300,2.1600,2.1800,771097.0000,,Tencent_raw
2026-01-08,300027.SZ,2.1700,2.2400,2.1600,2.2300,901523.0000,,Tencent_raw
2026-01-09,300027.SZ,2.2200,2.2800,2.2100,2.2800,1066342.0000,,Tencent_raw
2026-01-12,300027.SZ,2.3200,2.4000,2.3000,2.3900,1468501.0000,,Tencent_raw
2026-01-13,300027.SZ,2.3900,2.4300,2.3300,2.3500,1406340.0000,,Tencent_raw
2026-01-14,300027.SZ,2.3300,2.4300,2.3200,2.3700,1578024.0000,,Tencent_raw
2026-01-15,300027.SZ,2.3600,2.3600,2.2500,2.2700,1201676.0000,,Tencent_raw
2026-01-16,300027.SZ,2.2900,2.3000,2.1700,2.1900,1137835.0000,,Tencent_raw
2026-01-19,300027.SZ,2.1700,2.2000,2.1500,2.1800,630642.0000,,Tencent_raw
2026-01-20,300027.SZ,2.1800,2.2200,2.1600,2.1700,629481.0000,,Tencent_raw
2026-01-21,300027.SZ,2.1600,2.2100,2.1400,2.1600,753566.0000,,Tencent_raw
2026-01-22,300027.SZ,2.1800,2.2300,2.1600,2.2200,831536.0000,,Tencent_raw
2026-01-23,300027.SZ,2.2100,2.3000,2.2100,2.2900,1059590.0000,,Tencent_raw
2026-01-26,300027.SZ,2.2900,2.2900,2.1900,2.2300,986696.0000,,Tencent_raw
2026-01-27,300027.SZ,2.2200,2.2600,2.1600,2.1900,723535.0000,,Tencent_raw
2026-01-28,300027.SZ,2.1900,2.2200,2.1800,2.2000,645622.0000,,Tencent_raw
2026-01-29,300027.SZ,2.1900,2.2800,2.1600,2.2500,1058108.0000,,Tencent_raw
2026-01-30,300027.SZ,2.2400,2.3000,2.2100,2.2200,1121342.0000,,Tencent_raw
2026-02-02,300027.SZ,1.8000,1.9900,1.8000,1.8600,3058911.0000,,Tencent_raw
2026-02-03,300027.SZ,1.9100,1.9200,1.8100,1.8700,1744173.0000,,Tencent_raw
2026-02-04,300027.SZ,1.8700,1.8900,1.8200,1.8800,1396004.0000,,Tencent_raw
2026-02-05,300027.SZ,1.8600,1.9700,1.8500,1.9100,1346869.0000,,Tencent_raw
2026-02-06,300027.SZ,1.9000,2.0100,1.8500,1.9500,1667675.0000,,Tencent_raw
2026-02-09,300027.SZ,1.9800,2.1800,1.9800,2.0700,1987359.0000,,Tencent_raw
2026-02-10,300027.SZ,2.0600,2.4000,2.0500,2.3600,4283121.0000,,Tencent_raw
2026-02-11,300027.SZ,2.2100,2.2400,2.1000,2.1100,2835486.0000,,Tencent_raw
2026-02-12,300027.SZ,2.0800,2.1100,1.9600,1.9800,2018846.0000,,Tencent_raw
2026-02-13,300027.SZ,2.0200,2.0200,1.9300,1.9300,1464514.0000,,Tencent_raw
2026-02-24,300027.SZ,1.9100,1.9300,1.8300,1.8900,1266375.0000,,Tencent_raw
2026-02-25,300027.SZ,1.9100,1.9600,1.8800,1.9100,1247878.0000,,Tencent_raw
2026-02-26,300027.SZ,1.9300,1.9400,1.8600,1.8800,1142573.0000,,Tencent_raw
2026-02-27,300027.SZ,1.8800,1.9000,1.8600,1.8800,847174.0000,,Tencent_raw
2026-03-02,300027.SZ,1.8300,1.8400,1.7700,1.7800,1282121.0000,,Tencent_raw
2026-03-03,300027.SZ,1.7800,1.7900,1.6600,1.6700,1433319.0000,,Tencent_raw
2026-03-04,300027.SZ,1.6300,1.7000,1.6200,1.6800,799375.0000,,Tencent_raw
2026-03-05,300027.SZ,1.7200,1.7400,1.6800,1.6900,698697.0000,,Tencent_raw
2026-03-06,300027.SZ,1.6800,1.7700,1.6700,1.7700,836218.0000,,Tencent_raw
2026-03-09,300027.SZ,1.7400,1.7600,1.7000,1.7400,729500.0000,,Tencent_raw
2026-03-10,300027.SZ,1.7600,1.8100,1.7400,1.7500,649698.0000,,Tencent_raw
2026-03-11,300027.SZ,1.7400,1.7600,1.7100,1.7300,626797.0000,,Tencent_raw
2026-03-12,300027.SZ,1.7200,1.7500,1.7100,1.7300,649865.0000,,Tencent_raw
2026-03-13,300027.SZ,1.7300,1.7500,1.7000,1.7000,687665.0000,,Tencent_raw
2026-03-16,300027.SZ,1.6600,1.7100,1.6500,1.6800,774698.0000,,Tencent_raw
2026-03-17,300027.SZ,1.6800,1.7300,1.6700,1.6700,892502.0000,,Tencent_raw
2026-03-18,300027.SZ,1.6800,1.6800,1.6200,1.6500,817543.0000,,Tencent_raw
2026-03-19,300027.SZ,1.6300,1.6400,1.5900,1.5900,814070.0000,,Tencent_raw
2026-03-20,300027.SZ,1.6000,1.6200,1.5000,1.5500,1210224.0000,,Tencent_raw
2026-03-23,300027.SZ,1.5100,1.5500,1.4600,1.4800,1098050.0000,,Tencent_raw
2026-03-24,300027.SZ,1.5100,1.5300,1.4600,1.5300,877813.0000,,Tencent_raw
2026-03-25,300027.SZ,1.5300,1.5800,1.5300,1.5700,886019.0000,,Tencent_raw
2026-03-26,300027.SZ,1.5700,1.5900,1.5300,1.5500,695322.0000,,Tencent_raw
2026-03-27,300027.SZ,1.5300,1.5800,1.5200,1.5700,625844.0000,,Tencent_raw
2026-03-30,300027.SZ,1.5600,1.6300,1.5500,1.6200,1110911.0000,,Tencent_raw
2026-03-31,300027.SZ,1.6200,1.7100,1.6000,1.6100,1091702.0000,,Tencent_raw
2026-04-01,300027.SZ,1.6400,1.6500,1.5900,1.6200,670311.0000,,Tencent_raw
2026-04-02,300027.SZ,1.6000,1.6100,1.5400,1.5400,705282.0000,,Tencent_raw
2026-04-03,300027.SZ,1.5600,1.5600,1.4700,1.4900,651473.0000,,Tencent_raw
2026-04-07,300027.SZ,1.4800,1.4800,1.4300,1.4600,796333.0000,,Tencent_raw
2026-04-08,300027.SZ,1.4900,1.5700,1.4900,1.5600,1217568.0000,,Tencent_raw
2026-04-09,300027.SZ,1.5400,1.5800,1.5100,1.5200,883336.0000,,Tencent_raw
2026-04-10,300027.SZ,1.5300,1.6300,1.5300,1.5800,1207118.0000,,Tencent_raw
2026-04-13,300027.SZ,1.5800,1.7400,1.5600,1.7000,1707752.0000,,Tencent_raw
2026-04-14,300027.SZ,1.6800,1.8100,1.6800,1.7500,1693090.0000,,Tencent_raw
2026-04-15,300027.SZ,1.7300,1.7600,1.6600,1.7400,1384927.0000,,Tencent_raw
2026-04-16,300027.SZ,2.0900,2.0900,2.0000,2.0900,3876682.0000,,Tencent_raw
2026-04-17,300027.SZ,2.0200,2.2600,1.8700,2.0900,5559940.0000,,Tencent_raw
2026-04-20,300027.SZ,2.0300,2.1100,1.9500,1.9700,3175154.0000,,Tencent_raw
2026-04-21,300027.SZ,1.9700,2.0300,1.8800,1.9100,2218463.0000,,Tencent_raw
2026-04-22,300027.SZ,1.8900,1.9000,1.8200,1.8500,1777555.0000,,Tencent_raw
2026-04-23,300027.SZ,1.8500,2.0000,1.7800,1.9700,2828854.0000,,Tencent_raw
2026-04-24,300027.SZ,1.9500,1.9700,1.7700,1.7700,2748148.0000,,Tencent_raw
2026-04-27,300027.SZ,1.7400,1.8700,1.6600,1.8300,2646919.0000,,Tencent_raw
2026-04-28,300027.SZ,1.7800,1.8300,1.7200,1.7400,1613928.0000,,Tencent_raw
2026-04-30,300027.SZ,1.7500,1.8800,1.7500,1.8200,1903218.0000,,Tencent_raw
2026-05-06,300027.SZ,1.9200,1.9700,1.8600,1.9500,1656592.0000,,Tencent_raw
2026-05-07,300027.SZ,1.9500,1.9700,1.9000,1.9100,1328580.0000,,Tencent_raw
2026-05-08,300027.SZ,1.9100,2.0700,1.9100,2.0100,1490721.0000,,Tencent_raw
2026-05-11,300027.SZ,2.0100,2.1100,1.9700,2.0100,1408417.0000,,Tencent_raw
2026-05-12,300027.SZ,1.9900,2.0500,1.9600,1.9700,993970.0000,,Tencent_raw
2026-05-13,300027.SZ,1.9600,2.0000,1.9200,1.9500,818352.0000,,Tencent_raw
2026-05-14,300027.SZ,1.9400,2.0200,1.9100,1.9500,860357.0000,,Tencent_raw
2026-05-15,300027.SZ,1.9400,1.9600,1.9100,1.9200,682674.0000,,Tencent_raw
2026-05-18,300027.SZ,1.9100,1.9100,1.8100,1.8400,850484.0000,,Tencent_raw
2026-05-19,300027.SZ,1.8400,1.9700,1.8100,1.9500,1031769.0000,,Tencent_raw
2026-05-20,300027.SZ,1.9000,1.9300,1.8800,1.9000,710734.0000,,Tencent_raw
2026-05-21,300027.SZ,1.9000,1.9100,1.8300,1.8300,599257.0000,,Tencent_raw
2026-05-22,300027.SZ,1.8500,1.8900,1.8300,1.8700,397853.0000,,Tencent_raw
2026-05-25,300027.SZ,1.8500,1.8700,1.8200,1.8400,474253.0000,,Tencent_raw
2026-05-26,300027.SZ,1.8400,1.8600,1.8000,1.8200,478207.0000,,Tencent_raw
2026-05-27,300027.SZ,1.8200,1.8300,1.7600,1.7700,516411.0000,,Tencent_raw
2026-05-28,300027.SZ,1.7700,1.8400,1.7600,1.8100,468426.0000,,Tencent_raw
2026-05-29,300027.SZ,1.8100,1.8700,1.8000,1.8300,511952.0000,,Tencent_raw
2026-06-01,300027.SZ,1.8100,1.9300,1.8100,1.9000,626415.0000,,Tencent_raw
2026-06-02,300027.SZ,1.8900,1.8900,1.8300,1.8800,476979.0000,,Tencent_raw
2026-06-03,300027.SZ,1.8700,1.9300,1.8500,1.8800,518308.0000,,Tencent_raw
2026-06-04,300027.SZ,1.8700,1.9600,1.8500,1.9100,662189.0000,,Tencent_raw
2026-06-05,300027.SZ,1.9000,1.9300,1.8700,1.9200,548123.0000,,Tencent_raw
2026-06-08,300027.SZ,1.9500,2.0200,1.9200,1.9400,945938.0000,,Tencent_raw
2026-06-09,300027.SZ,1.9500,1.9900,1.8800,1.8900,965519.0000,,Tencent_raw
2026-06-10,300027.SZ,1.8400,1.8500,1.7800,1.7900,730383.0000,,Tencent_raw
2026-06-11,300027.SZ,1.7800,1.7900,1.7100,1.7400,486132.0000,,Tencent_raw
2026-06-12,300027.SZ,1.7600,1.8200,1.7400,1.8000,424378.0000,,Tencent_raw
2026-06-15,300027.SZ,1.8100,1.8600,1.7900,1.8200,377560.0000,,Tencent_raw
2026-06-16,300027.SZ,1.8000,1.8400,1.7700,1.8300,430549.0000,,Tencent_raw
2026-06-17,300027.SZ,1.8100,1.8300,1.7600,1.7800,470281.0000,,Tencent_raw
2026-06-18,300027.SZ,1.7700,1.7800,1.7400,1.7500,421993.0000,,Tencent_raw
2026-06-22,300027.SZ,1.7600,1.7700,1.6400,1.7200,692048.0000,,Tencent_raw
2026-06-23,300027.SZ,1.7100,1.7800,1.6900,1.7000,469271.0000,,Tencent_raw
2026-06-24,300027.SZ,1.6900,1.7000,1.6000,1.6200,602045.0000,,Tencent_raw
2026-06-25,300027.SZ,1.6000,1.6100,1.5100,1.5100,615206.0000,,Tencent_raw
2026-06-26,300027.SZ,1.5000,1.6400,1.4600,1.5900,701056.0000,,Tencent_raw
2026-06-29,300027.SZ,1.5800,1.6100,1.5500,1.5900,461405.0000,,Tencent_raw
2026-06-30,300027.SZ,1.5800,1.6400,1.5700,1.6400,403086.0000,,Tencent_raw
2026-07-01,300027.SZ,1.6400,1.7100,1.6400,1.6800,419364.0000,,Tencent_raw
2026-07-02,300027.SZ,1.6700,1.7400,1.6500,1.7300,425004.0000,,Tencent_raw
2026-07-03,300027.SZ,1.7200,1.7700,1.6900,1.7700,408794.0000,,Tencent_raw
2026-07-06,300027.SZ,1.7900,1.8800,1.7200,1.8500,659025.0000,,Tencent_raw
2026-07-07,300027.SZ,1.8400,1.8400,1.7300,1.7400,478562.0000,,Tencent_raw
2026-07-08,300027.SZ,1.8100,1.8300,1.7300,1.7300,454987.0000,,Tencent_raw
2026-07-09,300027.SZ,1.7000,1.7400,1.6800,1.7000,369562.0000,,Tencent_raw
2026-07-10,300027.SZ,1.6800,1.7500,1.6600,1.7100,350678.0000,,Tencent_raw
2026-07-13,300027.SZ,1.7000,1.7100,1.6200,1.6300,335971.0000,,Tencent_raw
2026-07-14,300027.SZ,1.6300,1.6700,1.6200,1.6600,256491.0000,,Tencent_raw
2026-07-15,300027.SZ,1.6300,1.7000,1.6300,1.6900,273374.0000,,Tencent_raw
2026-07-16,300027.SZ,1.6900,1.7200,1.6700,1.6900,291972.0000,,Tencent_raw
2026-07-17,300027.SZ,1.7000,1.7200,1.6300,1.6500,355937.0000,,Tencent_raw
2026-07-20,300027.SZ,1.6400,1.6700,1.5600,1.5900,352276.0000,,Tencent_raw
2026-07-21,300027.SZ,1.5800,1.6100,1.5500,1.5900,302897.0000,,Tencent_raw
2026-07-22,300027.SZ,1.5800,1.6100,1.5700,1.6000,187708.0000,,Tencent_raw
2026-07-23,300027.SZ,1.5800,1.6200,1.5800,1.6200,205309.0000,,Tencent_raw
2026-07-24,300027.SZ,1.6100,1.6300,1.5900,1.6000,245551.0000,,Tencent_raw
2026-07-27,300027.SZ,1.6000,1.6500,1.5900,1.6400,276250.0000,,Tencent_raw
2026-07-28,300027.SZ,1.6300,1.7800,1.6200,1.7300,504112.0000,,Tencent_raw
2026-07-29,300027.SZ,1.7500,1.7600,1.7000,1.7200,318041.0000,,Tencent_raw
2026-07-30,300027.SZ,1.7100,1.7600,1.7100,1.7200,290604.0000,,Tencent_raw
2026-07-31,300027.SZ,1.7300,1.8000,1.7200,1.7900,417976.0000,,Tencent_raw
2026-08-03,300027.SZ,1.7900,1.8500,1.7800,1.8500,410920.0000,,Tencent_raw
2026-08-04,300027.SZ,1.8500,1.8900,1.8300,1.8500,383863.0000,,Tencent_raw
2026-08-05,300027.SZ,1.8400,1.8600,1.8300,1.8600,291878.0000,,Tencent_raw
2026-08-06,300027.SZ,1.8500,1.9000,1.8500,1.8700,360271.0000,,Tencent_raw
2026-08-07,300027.SZ,1.8500,1.8600,1.7700,1.8000,447758.0000,,Tencent_raw
2026-08-10,300027.SZ,1.7600,1.8100,1.7500,1.7900,313117.0000,,Tencent_raw
2026-08-11,300027.SZ,1.7800,1.8400,1.7700,1.8200,298070.0000,,Tencent_raw
2026-08-12,300027.SZ,1.8100,1.8200,1.7900,1.8100,257234.0000,,Tencent_raw
2026-08-13,300027.SZ,1.8100,1.8300,1.8000,1.8200,206795.0000,,Tencent_raw
2026-08-14,300027.SZ,1.8100,1.8200,1.7600,1.7800,287220.0000,,Tencent_raw
2026-08-17,300027.SZ,1.7800,1.8000,1.7700,1.7900,213986.0000,,Tencent_raw
2026-08-18,300027.SZ,1.7800,1.8900,1.7700,1.8100,506299.0000,,Tencent_raw
2026-08-19,300027.SZ,1.7900,1.8100,1.7600,1.7600,288954.0000,,Tencent_raw
2026-08-20,300027.SZ,1.7700,1.8000,1.7500,1.7700,328625.0000,,Tencent_raw
2026-08-21,300027.SZ,1.7700,1.8000,1.7600,1.8000,251518.0000,,Tencent_raw
2026-08-24,300027.SZ,1.8200,1.8500,1.7800,1.8400,414304.0000,,Tencent_raw
2026-08-25,300027.SZ,1.8300,1.8500,1.8200,1.8400,249182.0000,,Tencent_raw
2026-08-26,300027.SZ,1.8500,1.8900,1.8300,1.8300,402422.0000,,Tencent_raw
2026-08-27,300027.SZ,1.8200,1.8300,1.7500,1.7800,468768.0000,,Tencent_raw
2026-08-28,300027.SZ,1.7700,1.7900,1.7600,1.7900,177607.0000,,Tencent_raw
2026-08-31,300027.SZ,1.7800,1.8500,1.7700,1.8300,383711.0000,,Tencent_raw
2026-09-01,300027.SZ,1.8300,1.8300,1.8000,1.8100,275106.0000,,Tencent_raw
2026-09-02,300027.SZ,1.8000,1.8000,1.7800,1.7900,165143.0000,,Tencent_raw
2026-09-03,300027.SZ,1.7900,1.8100,1.7800,1.7900,178748.0000,,Tencent_raw
2026-09-04,300027.SZ,1.7900,1.8000,1.7800,1.8000,212126.0000,,Tencent_raw
2026-09-07,300027.SZ,1.7900,1.8200,1.7800,1.8000,226786.0000,,Tencent_raw
2026-09-08,300027.SZ,1.8000,1.8300,1.7900,1.8300,249741.0000,,Tencent_raw
2026-09-09,300027.SZ,1.8200,1.8500,1.8200,1.8400,299432.0000,,Tencent_raw
2026-09-10,300027.SZ,1.8300,1.8400,1.8000,1.8200,207066.0000,,Tencent_raw
2026-09-11,300027.SZ,1.8100,1.9500,1.8100,1.8800,864923.0000,,Tencent_raw
2026-09-14,300027.SZ,1.8700,2.0700,1.8600,2.0500,1396489.0000,,Tencent_raw
2026-09-15,300027.SZ,2.0400,2.0500,1.9600,1.9700,902904.0000,,Tencent_raw
2026-09-16,300027.SZ,1.9500,2.0600,1.9500,1.9900,703836.0000,,Tencent_raw
2026-09-17,300027.SZ,1.9700,1.9700,1.7600,1.7900,1983382.0000,,Tencent_raw
2026-09-18,300027.SZ,1.7800,1.7800,1.7100,1.7400,973578.0000,,Tencent_raw
2026-09-21,300027.SZ,1.7700,1.7900,1.7400,1.7600,686885.0000,,Tencent_raw
2026-09-22,300027.SZ,1.7600,1.7700,1.7200,1.7200,628142.0000,,Tencent_raw
2026-09-23,300027.SZ,1.7100,1.7200,1.6800,1.6800,511470.0000,,Tencent_raw
2026-09-24,300027.SZ,1.6800,1.7000,1.6600,1.6800,463020.0000,,Tencent_raw
2026-09-28,300027.SZ,1.6900,1.7100,1.6300,1.6400,463221.0000,,Tencent_raw
2025-09-01,300044.SZ,4.3600,4.5100,4.3300,4.4600,319159.0000,,Tencent_raw
2025-09-02,300044.SZ,4.4400,4.4500,4.3000,4.3300,304285.0000,,Tencent_raw
2025-09-03,300044.SZ,4.3200,4.3400,4.1500,4.1800,279398.0000,,Tencent_raw
2025-09-04,300044.SZ,4.1800,4.2400,4.1200,4.1600,224313.0000,,Tencent_raw
2025-09-05,300044.SZ,4.1600,4.2700,4.1300,4.2600,179926.0000,,Tencent_raw
2025-09-08,300044.SZ,4.2000,4.2500,4.1900,4.2500,191334.0000,,Tencent_raw
2025-09-09,300044.SZ,4.2500,4.2500,4.1600,4.1800,191080.0000,,Tencent_raw
2025-09-10,300044.SZ,4.1900,4.4100,4.1600,4.3600,326283.0000,,Tencent_raw
2025-09-11,300044.SZ,4.3300,4.5400,4.3200,4.4400,463513.0000,,Tencent_raw
2025-09-12,300044.SZ,4.5100,4.5500,4.4000,4.4500,340936.0000,,Tencent_raw
2025-09-15,300044.SZ,4.4000,4.4500,4.3100,4.3500,262434.0000,,Tencent_raw
2025-09-16,300044.SZ,4.3300,4.3800,4.3000,4.3300,238819.0000,,Tencent_raw
2025-09-17,300044.SZ,4.3100,4.3900,4.2400,4.3700,264375.0000,,Tencent_raw
2025-09-18,300044.SZ,4.3500,4.3600,4.1900,4.2000,316106.0000,,Tencent_raw
2025-09-19,300044.SZ,4.1800,4.2300,4.1300,4.1500,232923.0000,,Tencent_raw
2025-09-22,300044.SZ,4.1300,4.1700,4.0700,4.0700,197278.0000,,Tencent_raw
2025-09-23,300044.SZ,4.0600,4.0700,3.7000,3.8400,430165.0000,,Tencent_raw
2025-09-24,300044.SZ,3.7900,3.8700,3.7500,3.8500,203708.0000,,Tencent_raw
2025-09-25,300044.SZ,3.8400,3.9700,3.8100,3.8700,231800.0000,,Tencent_raw
2025-09-26,300044.SZ,3.8400,3.9200,3.7800,3.8600,170801.0000,,Tencent_raw
2025-09-29,300044.SZ,3.8800,4.1200,3.8200,4.1000,290015.0000,,Tencent_raw
2025-09-30,300044.SZ,4.1200,4.1400,4.0200,4.0600,232134.0000,,Tencent_raw
2025-10-09,300044.SZ,4.0500,4.0600,3.9800,3.9900,172298.0000,,Tencent_raw
2025-10-10,300044.SZ,4.0300,4.1800,4.0000,4.0900,261120.0000,,Tencent_raw
2025-10-13,300044.SZ,3.8800,4.1700,3.8400,4.1700,250106.0000,,Tencent_raw
2025-10-14,300044.SZ,4.1600,4.3000,4.1100,4.1300,252643.0000,,Tencent_raw
2025-10-15,300044.SZ,4.1300,4.3300,4.1300,4.3000,334120.0000,,Tencent_raw
2025-10-16,300044.SZ,4.2700,4.3500,4.2600,4.3000,217722.0000,,Tencent_raw
2025-10-17,300044.SZ,4.3200,4.3300,4.1800,4.1800,230892.0000,,Tencent_raw
2025-10-20,300044.SZ,4.1900,4.2600,4.1500,4.2100,157445.0000,,Tencent_raw
2025-10-21,300044.SZ,4.2000,4.3100,4.1700,4.3000,192536.0000,,Tencent_raw
2025-10-22,300044.SZ,4.3000,4.4300,4.2700,4.4000,243053.0000,,Tencent_raw
2025-10-23,300044.SZ,4.4900,4.5700,4.2900,4.3500,333768.0000,,Tencent_raw
2025-10-24,300044.SZ,4.3500,4.4200,4.3200,4.3500,181635.0000,,Tencent_raw
2025-10-27,300044.SZ,4.3000,4.4400,4.2600,4.3500,267785.0000,,Tencent_raw
2025-10-28,300044.SZ,4.3400,4.3900,4.2300,4.2400,255285.0000,,Tencent_raw
2025-10-29,300044.SZ,4.2500,4.2900,4.1600,4.2600,183803.0000,,Tencent_raw
2025-10-30,300044.SZ,4.2400,4.2800,4.2000,4.2000,151101.0000,,Tencent_raw
2025-10-31,300044.SZ,4.2000,4.3200,4.1800,4.2800,176977.0000,,Tencent_raw
2025-11-03,300044.SZ,4.2600,4.3900,4.2400,4.3800,198035.0000,,Tencent_raw
2025-11-04,300044.SZ,4.3600,4.4800,4.3600,4.3900,227731.0000,,Tencent_raw
2025-11-05,300044.SZ,4.3700,4.5900,4.3600,4.5700,383372.0000,,Tencent_raw
2025-11-06,300044.SZ,4.6000,4.6600,4.4500,4.4500,262726.0000,,Tencent_raw
2025-11-07,300044.SZ,4.4400,4.5000,4.3200,4.3400,291307.0000,,Tencent_raw
2025-11-10,300044.SZ,4.3200,4.3800,4.2800,4.3300,193187.0000,,Tencent_raw
2025-11-11,300044.SZ,4.3300,4.3500,4.2600,4.2700,176515.0000,,Tencent_raw
2025-11-12,300044.SZ,4.2900,4.7000,4.2300,4.6900,537531.0000,,Tencent_raw
2025-11-13,300044.SZ,4.6400,4.9100,4.6000,4.7700,644341.0000,,Tencent_raw
2025-11-14,300044.SZ,4.7700,5.1700,4.7300,5.0600,598619.0000,,Tencent_raw
2025-11-17,300044.SZ,5.0700,5.1500,4.9100,5.1400,475386.0000,,Tencent_raw
2025-11-18,300044.SZ,5.1000,5.2700,4.9800,5.0100,435825.0000,,Tencent_raw
2025-11-19,300044.SZ,5.0200,5.0800,4.7600,4.8400,390772.0000,,Tencent_raw
2025-11-20,300044.SZ,4.8500,5.0400,4.7300,4.8800,346847.0000,,Tencent_raw
2025-11-21,300044.SZ,4.8000,4.9100,4.7000,4.7200,298113.0000,,Tencent_raw
2025-11-24,300044.SZ,4.7300,4.7800,4.5600,4.6900,265865.0000,,Tencent_raw
2025-11-25,300044.SZ,4.7200,4.8800,4.7100,4.8100,249679.0000,,Tencent_raw
2025-11-26,300044.SZ,4.7800,4.8700,4.7400,4.7600,199026.0000,,Tencent_raw
2025-11-27,300044.SZ,4.7400,4.7800,4.6700,4.7200,199013.0000,,Tencent_raw
2025-11-28,300044.SZ,4.7200,4.7700,4.6100,4.6500,219056.0000,,Tencent_raw
2025-12-01,300044.SZ,4.6100,4.6600,4.5300,4.5600,249125.0000,,Tencent_raw
2025-12-02,300044.SZ,4.5800,4.6300,4.4200,4.5000,251205.0000,,Tencent_raw
2025-12-03,300044.SZ,4.4100,4.4500,4.1200,4.1900,458541.0000,,Tencent_raw
2025-12-04,300044.SZ,4.1900,4.2100,3.9500,4.1500,375334.0000,,Tencent_raw
2025-12-05,300044.SZ,4.1100,4.3300,4.0700,4.3100,287650.0000,,Tencent_raw
2025-12-08,300044.SZ,4.2800,4.4500,4.2800,4.4100,202946.0000,,Tencent_raw
2025-12-09,300044.SZ,4.4100,4.5700,4.3500,4.5100,251426.0000,,Tencent_raw
2025-12-10,300044.SZ,4.4800,4.4800,4.4100,4.4300,128441.0000,,Tencent_raw
2025-12-11,300044.SZ,4.4400,4.5200,4.3300,4.3500,179826.0000,,Tencent_raw
2025-12-12,300044.SZ,4.3400,4.4000,4.2700,4.2800,136611.0000,,Tencent_raw
2025-12-15,300044.SZ,4.2600,4.2800,4.0900,4.1100,231201.0000,,Tencent_raw
2025-12-16,300044.SZ,4.0800,4.1400,4.0000,4.0000,180472.0000,,Tencent_raw
2025-12-17,300044.SZ,4.0000,4.0800,3.9700,4.0700,130515.0000,,Tencent_raw
2025-12-18,300044.SZ,4.0900,4.1200,4.0000,4.0100,154977.0000,,Tencent_raw
2025-12-19,300044.SZ,4.0300,4.0500,4.0000,4.0400,115568.0000,,Tencent_raw
2025-12-22,300044.SZ,4.0300,4.1400,4.0000,4.0800,169333.0000,,Tencent_raw
2025-12-23,300044.SZ,4.0400,4.0600,3.9700,3.9900,175606.0000,,Tencent_raw
2025-12-24,300044.SZ,3.9600,4.0100,3.9300,3.9900,118364.0000,,Tencent_raw
2025-12-25,300044.SZ,3.9900,4.0300,3.9400,3.9900,149556.0000,,Tencent_raw
2025-12-26,300044.SZ,4.0000,4.0200,3.9600,3.9700,141429.0000,,Tencent_raw
2025-12-29,300044.SZ,3.9800,3.9800,3.7700,3.9000,310661.0000,,Tencent_raw
2025-12-30,300044.SZ,3.8700,3.9000,3.7800,3.7900,192858.0000,,Tencent_raw
2025-12-31,300044.SZ,3.8200,4.0800,3.7500,3.9900,354974.0000,,Tencent_raw
2026-01-05,300044.SZ,3.9800,3.9800,3.8900,3.9400,212544.0000,,Tencent_raw
2026-01-06,300044.SZ,3.9400,4.1100,3.9300,4.0600,242199.0000,,Tencent_raw
2026-01-07,300044.SZ,4.0200,4.0800,3.9800,3.9900,186024.0000,,Tencent_raw
2026-01-08,300044.SZ,3.9700,4.3800,3.9200,4.3100,559305.0000,,Tencent_raw
2026-01-09,300044.SZ,4.7900,5.1700,4.5300,5.1700,1465887.0000,,Tencent_raw
2026-01-12,300044.SZ,5.5000,6.1000,5.4200,5.6200,1397956.0000,,Tencent_raw
2026-01-13,300044.SZ,5.6900,5.9000,5.3200,5.9000,1159606.0000,,Tencent_raw
2026-01-14,300044.SZ,5.9100,6.2400,5.6900,6.1700,1083748.0000,,Tencent_raw
2026-01-15,300044.SZ,6.1100,6.2100,5.9000,5.9400,664397.0000,,Tencent_raw
2026-01-16,300044.SZ,5.8800,6.2100,5.8700,5.8800,669074.0000,,Tencent_raw
2026-01-19,300044.SZ,5.7400,5.8600,5.3800,5.4000,883419.0000,,Tencent_raw
2026-01-20,300044.SZ,5.4800,5.7500,5.4600,5.6300,633771.0000,,Tencent_raw
2026-01-21,300044.SZ,5.5400,5.9400,5.5400,5.7700,622515.0000,,Tencent_raw
2026-01-22,300044.SZ,5.8400,6.0600,5.7500,6.0300,534108.0000,,Tencent_raw
2026-01-23,300044.SZ,6.1300,7.1100,6.0500,6.5600,942143.0000,,Tencent_raw
2026-01-26,300044.SZ,6.6100,7.0600,5.2600,5.6200,1206308.0000,,Tencent_raw
2026-01-27,300044.SZ,5.9400,6.2000,5.6600,6.0800,676549.0000,,Tencent_raw
2026-01-28,300044.SZ,6.1000,6.3600,5.8000,6.1600,633266.0000,,Tencent_raw
2026-01-29,300044.SZ,6.1100,6.1100,5.8800,5.9600,450284.0000,,Tencent_raw
2026-01-30,300044.SZ,6.2600,7.0000,6.0200,6.2500,1168234.0000,,Tencent_raw
2026-02-02,300044.SZ,6.1000,6.1400,5.8000,5.9800,638530.0000,,Tencent_raw
2026-02-03,300044.SZ,6.0100,6.2300,5.9500,6.1000,508091.0000,,Tencent_raw
2026-02-04,300044.SZ,6.1100,6.5500,6.0900,6.4800,638472.0000,,Tencent_raw
2026-02-05,300044.SZ,6.5000,6.6800,6.4300,6.4800,509567.0000,,Tencent_raw
2026-02-06,300044.SZ,6.4000,6.9800,6.4000,6.9300,624731.0000,,Tencent_raw
2026-02-09,300044.SZ,6.9200,7.3800,6.5500,6.8200,897158.0000,,Tencent_raw
2026-02-10,300044.SZ,6.8900,7.2600,6.8400,7.2500,630816.0000,,Tencent_raw
2026-02-11,300044.SZ,7.2900,7.6500,7.2000,7.6500,589217.0000,,Tencent_raw
2026-02-12,300044.SZ,7.7000,7.7200,7.2600,7.4300,590525.0000,,Tencent_raw
2026-02-13,300044.SZ,7.5100,7.6300,7.1700,7.2200,506334.0000,,Tencent_raw
2026-02-24,300044.SZ,7.5000,7.7300,7.2500,7.5800,488840.0000,,Tencent_raw
2026-02-25,300044.SZ,7.4900,7.5400,7.3200,7.4600,355563.0000,,Tencent_raw
2026-02-26,300044.SZ,7.4100,8.2800,7.4100,8.1500,554316.0000,,Tencent_raw
2026-02-27,300044.SZ,8.1800,8.4500,8.1000,8.2100,443901.0000,,Tencent_raw
2026-03-02,300044.SZ,7.9700,8.1800,7.7300,7.9000,475800.0000,,Tencent_raw
2026-03-03,300044.SZ,7.9900,8.0000,7.2000,7.2000,592407.0000,,Tencent_raw
2026-03-04,300044.SZ,6.9900,7.5700,6.9600,7.5500,417239.0000,,Tencent_raw
2026-03-05,300044.SZ,7.5000,8.1900,7.4500,8.0500,408122.0000,,Tencent_raw
2026-03-06,300044.SZ,7.9100,8.1700,7.8700,8.0600,287395.0000,,Tencent_raw
2026-03-09,300044.SZ,7.7700,7.9400,7.6600,7.8500,283942.0000,,Tencent_raw
2026-03-10,300044.SZ,7.8900,8.0600,6.8800,7.5000,493649.0000,,Tencent_raw
2026-03-11,300044.SZ,7.5400,7.8500,7.5200,7.6600,344450.0000,,Tencent_raw
2026-03-12,300044.SZ,7.6000,7.7800,7.2700,7.6300,455074.0000,,Tencent_raw
2026-03-13,300044.SZ,7.4900,7.7700,7.4600,7.6100,335692.0000,,Tencent_raw
2026-03-16,300044.SZ,7.6000,7.6800,7.4000,7.5600,240649.0000,,Tencent_raw
2026-03-17,300044.SZ,7.6200,8.1600,7.5800,7.9600,459953.0000,,Tencent_raw
2026-03-18,300044.SZ,7.9100,8.0500,7.7700,7.9700,273027.0000,,Tencent_raw
2026-03-19,300044.SZ,7.9100,8.2100,7.8900,7.9500,336101.0000,,Tencent_raw
2026-03-20,300044.SZ,7.9000,8.0800,7.8600,7.8700,309806.0000,,Tencent_raw
2026-03-23,300044.SZ,7.5400,7.6000,7.0000,7.0900,458394.0000,,Tencent_raw
2026-03-24,300044.SZ,7.2500,7.3400,7.1300,7.2900,258041.0000,,Tencent_raw
2026-03-25,300044.SZ,7.3000,7.8500,7.3000,7.8500,349206.0000,,Tencent_raw
2026-03-26,300044.SZ,7.7900,7.9100,7.5400,7.6400,262835.0000,,Tencent_raw
2026-03-27,300044.SZ,7.5000,7.8400,7.4700,7.6800,229038.0000,,Tencent_raw
2026-03-30,300044.SZ,7.4900,7.6400,7.3700,7.5300,229818.0000,,Tencent_raw
2026-03-31,300044.SZ,7.5400,7.9500,7.4500,7.7900,353607.0000,,Tencent_raw
2026-04-01,300044.SZ,7.8500,8.1100,7.7600,8.0700,360506.0000,,Tencent_raw
2026-04-02,300044.SZ,8.0400,8.2800,8.0300,8.0700,359392.0000,,Tencent_raw
2026-04-03,300044.SZ,8.1200,8.2200,7.9000,8.0700,306717.0000,,Tencent_raw
2026-04-07,300044.SZ,7.9800,8.0400,7.7800,7.8100,246119.0000,,Tencent_raw
2026-04-08,300044.SZ,7.9600,8.0500,7.8500,7.9600,264992.0000,,Tencent_raw
2026-04-09,300044.SZ,7.9000,8.0500,7.8000,7.9100,258446.0000,,Tencent_raw
2026-04-10,300044.SZ,7.9300,8.2000,7.9300,8.1200,314655.0000,,Tencent_raw
2026-04-13,300044.SZ,8.0400,8.4500,7.5000,7.7000,625972.0000,,Tencent_raw
2026-04-14,300044.SZ,7.5300,7.6900,7.0000,7.0000,665296.0000,,Tencent_raw
2026-04-15,300044.SZ,6.9800,7.2500,6.5000,7.0300,527389.0000,,Tencent_raw
2026-04-16,300044.SZ,6.9100,6.9600,6.5200,6.5700,463025.0000,,Tencent_raw
2026-04-17,300044.SZ,6.6000,6.8200,6.5700,6.6800,293295.0000,,Tencent_raw
2026-04-20,300044.SZ,6.5600,6.5600,6.0100,6.2300,574028.0000,,Tencent_raw
2026-04-22,300044.SZ,6.2300,7.1500,6.2200,6.9800,635277.0000,,Tencent_raw
2026-04-23,300044.SZ,6.9500,6.9500,6.6900,6.7100,318023.0000,,Tencent_raw
2026-04-24,300044.SZ,6.7300,7.0100,6.7300,6.9500,274250.0000,,Tencent_raw
2026-04-27,300044.SZ,6.8200,6.9100,6.6800,6.7200,219401.0000,,Tencent_raw
2026-04-28,300044.SZ,6.7200,6.7200,6.2800,6.3300,311656.0000,,Tencent_raw
2026-04-29,300044.SZ,6.2600,6.4600,6.2000,6.2600,259741.0000,,Tencent_raw
2026-04-30,300044.SZ,6.3200,6.5700,6.1800,6.4400,286511.0000,,Tencent_raw
2026-05-06,300044.SZ,6.4500,6.4500,6.2000,6.2300,300190.0000,,Tencent_raw
2026-05-07,300044.SZ,6.2400,6.2700,6.0500,6.2000,264973.0000,,Tencent_raw
2026-05-08,300044.SZ,6.1600,6.7300,6.1100,6.5200,365759.0000,,Tencent_raw
2026-05-11,300044.SZ,6.8000,7.0700,6.5500,6.9200,376317.0000,,Tencent_raw
2026-05-12,300044.SZ,6.9800,7.2600,6.8700,7.0100,342744.0000,,Tencent_raw
2026-05-13,300044.SZ,6.8900,6.9800,6.7700,6.8400,266218.0000,,Tencent_raw
2026-05-14,300044.SZ,6.8900,7.0800,6.8100,6.9700,264717.0000,,Tencent_raw
2026-05-15,300044.SZ,6.8700,7.0400,6.8100,6.8300,222113.0000,,Tencent_raw
2026-05-18,300044.SZ,6.6100,6.7500,6.2000,6.3700,324236.0000,,Tencent_raw
2026-05-19,300044.SZ,6.3600,6.7000,6.2800,6.5300,242856.0000,,Tencent_raw
2026-05-20,300044.SZ,6.5300,6.5300,6.3100,6.3900,164492.0000,,Tencent_raw
2026-05-21,300044.SZ,6.3300,6.5400,6.2000,6.2500,223796.0000,,Tencent_raw
2026-05-22,300044.SZ,6.2100,6.3700,6.1600,6.3300,149231.0000,,Tencent_raw
2026-05-25,300044.SZ,6.2700,6.3200,6.1500,6.1600,184552.0000,,Tencent_raw
2026-05-26,300044.SZ,6.1100,6.2500,6.0700,6.1700,173737.0000,,Tencent_raw
2026-05-27,300044.SZ,6.1300,6.1700,5.9000,5.9500,193951.0000,,Tencent_raw
2026-05-28,300044.SZ,5.8500,6.0700,5.7000,5.9600,215694.0000,,Tencent_raw
2026-05-29,300044.SZ,6.0000,6.0200,5.7200,5.7600,189846.0000,,Tencent_raw
2026-06-01,300044.SZ,5.6400,6.1000,5.6000,6.0000,243430.0000,,Tencent_raw
2026-06-02,300044.SZ,6.0300,6.0400,5.8400,5.9600,146245.0000,,Tencent_raw
2026-06-03,300044.SZ,5.9900,6.2500,5.9800,6.1000,200685.0000,,Tencent_raw
2026-06-04,300044.SZ,6.0400,6.0400,5.9200,5.9300,131637.0000,,Tencent_raw
2026-06-05,300044.SZ,5.9000,6.1500,5.8700,6.0300,182113.0000,,Tencent_raw
2026-06-08,300044.SZ,5.8000,5.9300,5.6900,5.7300,193649.0000,,Tencent_raw
2026-06-09,300044.SZ,5.7500,5.7900,5.6200,5.7100,126317.0000,,Tencent_raw
2026-06-10,300044.SZ,5.7100,5.7400,5.3000,5.4000,217817.0000,,Tencent_raw
2026-06-11,300044.SZ,5.3600,5.5300,5.2200,5.4200,159287.0000,,Tencent_raw
2026-06-12,300044.SZ,5.5100,5.7100,5.4500,5.5500,168127.0000,,Tencent_raw
2026-06-15,300044.SZ,5.5500,5.8100,5.5200,5.7100,161014.0000,,Tencent_raw
2026-06-16,300044.SZ,5.6500,5.8100,5.5700,5.6800,174041.0000,,Tencent_raw
2026-06-17,300044.SZ,5.6100,5.6600,5.4700,5.4800,151392.0000,,Tencent_raw
2026-06-18,300044.SZ,5.4100,5.5400,5.4100,5.4500,104870.0000,,Tencent_raw
2026-06-22,300044.SZ,5.4200,5.4200,5.0900,5.1600,238379.0000,,Tencent_raw
2026-06-23,300044.SZ,5.1200,5.3300,5.1200,5.1700,163823.0000,,Tencent_raw
2026-06-24,300044.SZ,5.0700,5.0700,4.8000,4.8300,271599.0000,,Tencent_raw
2026-06-25,300044.SZ,4.8500,4.9000,4.1700,4.5300,486128.0000,,Tencent_raw
2026-06-26,300044.SZ,4.5600,4.7600,4.4100,4.4600,260259.0000,,Tencent_raw
2026-06-29,300044.SZ,4.4700,4.5000,4.2400,4.2800,214027.0000,,Tencent_raw
2026-06-30,300044.SZ,4.2600,5.1400,4.2500,5.1400,427080.0000,,Tencent_raw
2026-07-01,300044.SZ,5.0000,6.0700,4.9200,5.5600,597488.0000,,Tencent_raw
2026-07-02,300044.SZ,5.5000,5.9800,5.4200,5.7800,352241.0000,,Tencent_raw
2026-07-03,300044.SZ,5.6400,5.8100,5.5300,5.6000,262879.0000,,Tencent_raw
2026-07-06,300044.SZ,5.6500,5.7900,5.4100,5.7000,260921.0000,,Tencent_raw
2026-07-07,300044.SZ,5.6300,5.9600,5.4200,5.7700,291531.0000,,Tencent_raw
2026-07-08,300044.SZ,5.7600,5.9700,5.6500,5.7900,217327.0000,,Tencent_raw
2026-07-09,300044.SZ,5.6900,5.8100,5.5400,5.5500,199481.0000,,Tencent_raw
2026-07-10,300044.SZ,5.5500,5.9500,5.5200,5.7500,247403.0000,,Tencent_raw
2026-07-13,300044.SZ,5.7000,5.8300,5.4900,5.4900,175610.0000,,Tencent_raw
2026-07-14,300044.SZ,5.5000,5.5200,4.9300,5.0800,259753.0000,,Tencent_raw
2026-07-15,300044.SZ,5.1000,5.8300,5.0600,5.7000,340590.0000,,Tencent_raw
2026-07-16,300044.SZ,5.6300,5.6300,5.4200,5.4200,195336.0000,,Tencent_raw
2026-07-17,300044.SZ,5.4200,5.6000,5.1900,5.4000,222770.0000,,Tencent_raw
2026-07-20,300044.SZ,5.4100,5.4800,5.1000,5.1300,197151.0000,,Tencent_raw
2026-07-21,300044.SZ,5.0900,5.1900,4.6000,5.1200,245754.0000,,Tencent_raw
2026-07-22,300044.SZ,5.1200,5.2200,4.9700,4.9900,167661.0000,,Tencent_raw
2026-07-23,300044.SZ,4.8800,5.2200,4.8400,5.1500,193881.0000,,Tencent_raw
2026-07-24,300044.SZ,5.0900,5.1800,4.9800,5.0400,163941.0000,,Tencent_raw
2026-07-27,300044.SZ,4.9000,5.0800,4.8900,5.0500,138588.0000,,Tencent_raw
2026-07-28,300044.SZ,5.0000,5.3400,5.0000,5.1700,214311.0000,,Tencent_raw
2026-07-29,300044.SZ,5.1600,5.2200,5.1200,5.1900,120681.0000,,Tencent_raw
2026-07-30,300044.SZ,5.1400,5.2100,5.0300,5.0300,133232.0000,,Tencent_raw
2026-07-31,300044.SZ,5.1000,5.2800,5.0700,5.1800,161933.0000,,Tencent_raw
2026-08-03,300044.SZ,5.1400,5.2000,5.1200,5.2000,134968.0000,,Tencent_raw
2026-08-04,300044.SZ,5.2000,5.2500,5.1700,5.2100,122773.0000,,Tencent_raw
2026-08-05,300044.SZ,5.2000,5.5500,5.1700,5.3100,251602.0000,,Tencent_raw
2026-08-06,300044.SZ,5.2800,5.3000,5.1500,5.1500,205822.0000,,Tencent_raw
2026-08-07,300044.SZ,5.1000,5.3100,5.0200,5.2000,215296.0000,,Tencent_raw
2026-08-10,300044.SZ,5.1400,5.2400,5.0800,5.2100,119774.0000,,Tencent_raw
2026-08-11,300044.SZ,5.2000,5.2700,5.1400,5.1800,93912.0000,,Tencent_raw
2026-08-12,300044.SZ,5.2400,5.4100,5.2100,5.3400,169971.0000,,Tencent_raw
2026-08-13,300044.SZ,5.3500,5.6100,5.3300,5.3300,205013.0000,,Tencent_raw
2026-08-14,300044.SZ,5.3200,5.3700,5.2200,5.2900,116856.0000,,Tencent_raw
2026-08-17,300044.SZ,5.2800,5.2900,5.1900,5.2300,115481.0000,,Tencent_raw
2026-08-18,300044.SZ,5.2000,5.3100,5.1600,5.2200,114072.0000,,Tencent_raw
2026-08-19,300044.SZ,5.1900,5.2000,5.0500,5.0600,133495.0000,,Tencent_raw
2026-08-20,300044.SZ,5.0600,5.2000,5.0500,5.0900,98552.0000,,Tencent_raw
2026-08-21,300044.SZ,5.0600,5.1800,5.0200,5.1500,90479.0000,,Tencent_raw
2026-08-24,300044.SZ,5.1100,5.5800,5.1000,5.4400,274491.0000,,Tencent_raw
2026-08-25,300044.SZ,5.3900,5.5000,5.3200,5.3600,162612.0000,,Tencent_raw
2026-08-26,300044.SZ,5.3800,5.5500,5.3600,5.3700,130671.0000,,Tencent_raw
2026-08-27,300044.SZ,5.3700,5.5500,5.3500,5.4200,129483.0000,,Tencent_raw
2026-08-28,300044.SZ,5.4100,5.4500,5.3500,5.3600,113225.0000,,Tencent_raw
2026-08-31,300044.SZ,5.3000,5.7300,5.2700,5.7100,262083.0000,,Tencent_raw
2026-09-01,300044.SZ,5.7400,5.7400,5.3500,5.3600,314068.0000,,Tencent_raw
2026-09-02,300044.SZ,5.3000,5.5200,5.3000,5.4400,166916.0000,,Tencent_raw
2026-09-03,300044.SZ,5.5800,6.3000,5.5800,6.0000,447721.0000,,Tencent_raw
2026-09-04,300044.SZ,6.0200,6.2000,5.9600,6.1000,293137.0000,,Tencent_raw
2026-09-07,300044.SZ,6.1100,6.1700,5.9300,6.0600,249492.0000,,Tencent_raw
2026-09-08,300044.SZ,6.0800,6.3300,6.0200,6.0800,179152.0000,,Tencent_raw
2026-09-09,300044.SZ,6.0100,6.0200,5.8700,5.9100,172353.0000,,Tencent_raw
2026-09-10,300044.SZ,5.9100,6.1900,5.8700,6.0800,205430.0000,,Tencent_raw
2026-09-11,300044.SZ,6.0300,6.1000,5.8900,5.8900,175141.0000,,Tencent_raw
2026-09-14,300044.SZ,5.8500,6.1200,5.7200,6.0500,183645.0000,,Tencent_raw
2026-09-15,300044.SZ,6.0300,6.1400,5.9700,6.0500,145138.0000,,Tencent_raw
2026-09-16,300044.SZ,5.9600,6.0800,5.9400,6.0300,103379.0000,,Tencent_raw
2026-09-17,300044.SZ,6.0600,6.1200,6.0000,6.0300,82111.0000,,Tencent_raw
2026-09-18,300044.SZ,6.0500,6.1700,6.0100,6.0200,143311.0000,,Tencent_raw
2026-09-21,300044.SZ,6.2300,6.5000,6.1200,6.1400,319248.0000,,Tencent_raw
2026-09-22,300044.SZ,6.2000,6.3000,6.1200,6.2400,200518.0000,,Tencent_raw
2026-09-23,300044.SZ,6.2000,6.2100,6.1200,6.1300,121757.0000,,Tencent_raw
2026-09-24,300044.SZ,6.1000,6.1900,6.0900,6.1400,83957.0000,,Tencent_raw
2026-09-28,300044.SZ,6.1600,6.1800,5.9700,6.0200,112108.0000,,Tencent_raw
2025-09-01,300068.SZ,17.5500,17.5500,16.9500,17.1200,564332.0000,,Tencent_raw
2025-09-02,300068.SZ,17.1700,17.3400,16.5600,16.7000,582270.0000,,Tencent_raw
2025-09-03,300068.SZ,16.7300,17.4500,16.7000,17.1100,1030514.0000,,Tencent_raw
2025-09-04,300068.SZ,17.4400,18.2000,16.9300,17.2100,1144471.0000,,Tencent_raw
2025-09-05,300068.SZ,17.0000,18.9900,17.0000,18.9400,1757634.0000,,Tencent_raw
2025-09-08,300068.SZ,19.2400,19.3000,18.1200,18.9000,1365946.0000,,Tencent_raw
2025-09-09,300068.SZ,18.8200,21.9800,18.7000,20.2000,2023487.0000,,Tencent_raw
2025-09-10,300068.SZ,19.8000,21.2100,19.6600,20.4500,1773814.0000,,Tencent_raw
2025-09-11,300068.SZ,21.6800,22.4000,20.6900,21.0200,1974671.0000,,Tencent_raw
2025-09-12,300068.SZ,20.5000,21.0000,19.8000,19.9300,1712448.0000,,Tencent_raw
2025-09-15,300068.SZ,19.8700,20.7300,19.3600,19.4400,1348646.0000,,Tencent_raw
2025-09-16,300068.SZ,19.5500,19.7700,19.1600,19.6700,906218.0000,,Tencent_raw
2025-09-17,300068.SZ,19.5800,20.2000,19.2100,19.9000,972360.0000,,Tencent_raw
2025-09-18,300068.SZ,19.7500,20.1200,18.8300,19.1200,1088551.0000,,Tencent_raw
2025-09-19,300068.SZ,19.0100,19.4500,18.7700,18.8200,654810.0000,,Tencent_raw
2025-09-22,300068.SZ,18.9000,19.4500,18.6800,19.1100,473195.0000,,Tencent_raw
2025-09-23,300068.SZ,19.0100,19.6400,18.3300,18.9800,891335.0000,,Tencent_raw
2025-09-24,300068.SZ,18.7200,19.7900,18.6100,19.6400,917772.0000,,Tencent_raw
2025-09-25,300068.SZ,19.5600,20.0500,19.4400,19.8300,902344.0000,,Tencent_raw
2025-09-26,300068.SZ,19.6000,20.4500,19.5000,19.8800,955152.0000,,Tencent_raw
2025-09-29,300068.SZ,20.3000,20.8100,19.9600,20.0900,880093.0000,,Tencent_raw
2025-09-30,300068.SZ,20.0000,21.0000,19.9300,20.6100,936010.0000,,Tencent_raw
2025-10-09,300068.SZ,20.7000,21.0000,20.1300,20.6500,861069.0000,,Tencent_raw
2025-10-10,300068.SZ,20.3500,20.3500,18.7600,18.8200,924908.0000,,Tencent_raw
2025-10-13,300068.SZ,17.8000,18.8200,17.7100,18.7400,483120.0000,,Tencent_raw
2025-10-14,300068.SZ,18.9500,19.2500,17.9500,18.0000,488146.0000,,Tencent_raw
2025-10-15,300068.SZ,18.0300,18.3900,17.8400,18.3100,330362.0000,,Tencent_raw
2025-10-16,300068.SZ,18.1800,18.3600,17.8100,17.9000,346400.0000,,Tencent_raw
2025-10-17,300068.SZ,17.9700,18.1300,16.7800,16.8100,466268.0000,,Tencent_raw
2025-10-20,300068.SZ,17.1500,17.5000,17.0700,17.3600,362985.0000,,Tencent_raw
2025-10-21,300068.SZ,17.5000,17.5500,17.2200,17.3500,261128.0000,,Tencent_raw
2025-10-22,300068.SZ,17.2800,17.3000,16.9200,17.0000,220826.0000,,Tencent_raw
2025-10-23,300068.SZ,16.9300,17.0800,16.4700,17.0600,290537.0000,,Tencent_raw
2025-10-24,300068.SZ,17.2300,17.8000,17.1000,17.5100,364596.0000,,Tencent_raw
2025-10-27,300068.SZ,17.8000,17.8400,17.3500,17.5100,304934.0000,,Tencent_raw
2025-10-28,300068.SZ,17.4800,18.1900,17.3200,17.9700,410761.0000,,Tencent_raw
2025-10-29,300068.SZ,17.8600,19.2600,17.8000,19.2000,762578.0000,,Tencent_raw
2025-10-30,300068.SZ,18.8000,19.0900,18.4300,18.7800,661438.0000,,Tencent_raw
2025-10-31,300068.SZ,18.7600,19.5300,18.7600,18.8800,586630.0000,,Tencent_raw
2025-11-03,300068.SZ,18.8400,18.9900,18.4500,18.9700,414128.0000,,Tencent_raw
2025-11-04,300068.SZ,20.0000,20.2800,18.4700,18.5100,625899.0000,,Tencent_raw
2025-11-05,300068.SZ,18.1400,21.3000,18.1400,20.5200,1461623.0000,,Tencent_raw
2025-11-06,300068.SZ,20.2000,20.9200,19.8000,20.7100,979417.0000,,Tencent_raw
2025-11-07,300068.SZ,20.3800,20.6600,20.1000,20.2500,649518.0000,,Tencent_raw
2025-11-10,300068.SZ,20.5100,20.7600,19.7100,19.9300,593853.0000,,Tencent_raw
2025-11-11,300068.SZ,20.3000,21.2700,20.1200,20.6200,1102278.0000,,Tencent_raw
2025-11-12,300068.SZ,20.1500,20.1800,19.1000,19.6500,752244.0000,,Tencent_raw
2025-11-13,300068.SZ,19.8000,20.9700,19.8000,20.4300,907836.0000,,Tencent_raw
2025-11-14,300068.SZ,20.0000,20.4000,19.6100,19.6600,573671.0000,,Tencent_raw
2025-11-17,300068.SZ,19.8000,20.2000,19.4700,19.9300,504134.0000,,Tencent_raw
2025-11-18,300068.SZ,20.0800,20.4400,19.2000,19.6600,565787.0000,,Tencent_raw
2025-11-19,300068.SZ,19.4700,19.9900,18.8000,18.9200,463018.0000,,Tencent_raw
2025-11-20,300068.SZ,19.0400,19.3100,18.2400,18.3000,396624.0000,,Tencent_raw
2025-11-21,300068.SZ,17.8700,18.2800,16.6300,16.6400,633046.0000,,Tencent_raw
2025-11-24,300068.SZ,17.0000,17.0700,16.3300,16.6200,404996.0000,,Tencent_raw
2025-11-25,300068.SZ,16.7900,17.2700,16.6700,17.2000,383161.0000,,Tencent_raw
2025-11-26,300068.SZ,17.1300,17.2000,16.7500,16.8400,296935.0000,,Tencent_raw
2025-11-27,300068.SZ,16.8800,17.8300,16.8700,17.3100,548280.0000,,Tencent_raw
2025-11-28,300068.SZ,17.2200,17.8500,17.1600,17.5200,374993.0000,,Tencent_raw
2025-12-01,300068.SZ,17.5000,17.7600,17.3500,17.4700,288788.0000,,Tencent_raw
2025-12-02,300068.SZ,17.3700,17.4000,17.0400,17.1000,226741.0000,,Tencent_raw
2025-12-03,300068.SZ,17.1700,17.2600,16.5800,16.6500,304836.0000,,Tencent_raw
2025-12-04,300068.SZ,16.5900,16.7200,16.3100,16.4500,209370.0000,,Tencent_raw
2025-12-05,300068.SZ,16.5000,16.7900,16.2300,16.7700,222871.0000,,Tencent_raw
2025-12-08,300068.SZ,16.7900,17.0000,16.7200,16.8700,235602.0000,,Tencent_raw
2025-12-09,300068.SZ,16.7900,16.9200,16.6000,16.6500,197155.0000,,Tencent_raw
2025-12-10,300068.SZ,16.6000,17.0300,16.3200,16.9100,377768.0000,,Tencent_raw
2025-12-11,300068.SZ,17.2500,19.3400,17.2500,18.3800,1261127.0000,,Tencent_raw
2025-12-19,300068.SZ,16.0000,16.6600,15.8800,16.2900,1143736.0000,,Tencent_raw
2025-12-22,300068.SZ,16.1000,16.3500,15.9300,16.0500,622287.0000,,Tencent_raw
2025-12-23,300068.SZ,15.9500,16.1400,15.4800,15.7500,643172.0000,,Tencent_raw
2025-12-24,300068.SZ,15.6300,16.0500,15.5500,15.9000,385836.0000,,Tencent_raw
2025-12-25,300068.SZ,15.8000,16.1300,15.7000,16.1200,404654.0000,,Tencent_raw
2025-12-26,300068.SZ,16.1500,16.5600,16.1100,16.1900,517619.0000,,Tencent_raw
2025-12-29,300068.SZ,16.2200,16.2200,15.8000,15.8100,373266.0000,,Tencent_raw
2025-12-30,300068.SZ,15.7300,15.9600,15.5900,15.7900,263647.0000,,Tencent_raw
2025-12-31,300068.SZ,15.9000,15.9200,15.4900,15.5400,297451.0000,,Tencent_raw
2026-01-05,300068.SZ,15.5500,16.0800,15.5500,16.0300,410797.0000,,Tencent_raw
2026-01-06,300068.SZ,16.0400,16.4000,16.0400,16.2100,452788.0000,,Tencent_raw
2026-01-07,300068.SZ,16.2900,16.4500,16.0700,16.3300,448639.0000,,Tencent_raw
2026-01-08,300068.SZ,16.2000,16.6000,16.1200,16.4400,438177.0000,,Tencent_raw
2026-01-09,300068.SZ,16.3600,16.8600,16.3600,16.6700,449799.0000,,Tencent_raw
2026-01-12,300068.SZ,16.5800,17.1000,16.3800,17.1000,629621.0000,,Tencent_raw
2026-01-13,300068.SZ,17.0000,17.0400,16.4000,16.5700,565079.0000,,Tencent_raw
2026-01-14,300068.SZ,16.8900,17.3900,16.5400,16.8800,972021.0000,,Tencent_raw
2026-01-15,300068.SZ,16.8900,17.1600,16.6600,16.7900,525456.0000,,Tencent_raw
2026-01-16,300068.SZ,17.0900,17.1500,16.5100,16.6900,445546.0000,,Tencent_raw
2026-01-19,300068.SZ,16.6900,16.9300,16.5100,16.6800,386654.0000,,Tencent_raw
2026-01-20,300068.SZ,16.6200,16.6900,16.0000,16.0500,446728.0000,,Tencent_raw
2026-01-21,300068.SZ,15.9000,16.1900,15.7300,15.9800,297014.0000,,Tencent_raw
2026-01-22,300068.SZ,16.0000,16.1800,15.9000,15.9700,265973.0000,,Tencent_raw
2026-01-23,300068.SZ,16.0000,16.8300,16.0000,16.7900,660367.0000,,Tencent_raw
2026-01-26,300068.SZ,16.8400,16.9900,16.0600,16.1800,499647.0000,,Tencent_raw
2026-01-27,300068.SZ,16.0900,16.2000,15.3100,16.0000,563615.0000,,Tencent_raw
2026-01-28,300068.SZ,15.8800,15.9200,15.5000,15.5600,309297.0000,,Tencent_raw
2026-01-29,300068.SZ,15.5000,15.6900,15.1300,15.1700,338274.0000,,Tencent_raw
2026-01-30,300068.SZ,15.1700,15.2900,14.7000,14.9200,287437.0000,,Tencent_raw
2026-02-02,300068.SZ,14.6000,15.0400,14.5000,14.6300,252499.0000,,Tencent_raw
2026-02-03,300068.SZ,14.8100,15.1400,14.6800,15.1300,267821.0000,,Tencent_raw
2026-02-04,300068.SZ,15.0300,15.3800,14.9800,15.3800,243871.0000,,Tencent_raw
2026-02-05,300068.SZ,15.2400,15.3500,14.9000,14.9400,215471.0000,,Tencent_raw
2026-02-06,300068.SZ,14.8700,15.3400,14.6900,15.1500,215640.0000,,Tencent_raw
2026-02-09,300068.SZ,15.3700,15.4200,15.2600,15.3700,191629.0000,,Tencent_raw
2026-02-10,300068.SZ,15.3700,15.5600,15.2800,15.2800,197879.0000,,Tencent_raw
2026-02-11,300068.SZ,15.2900,15.4100,15.2600,15.3100,151123.0000,,Tencent_raw
2026-02-12,300068.SZ,15.4600,15.8800,15.3600,15.7700,344836.0000,,Tencent_raw
2026-02-13,300068.SZ,15.7000,15.9400,15.6000,15.6000,228978.0000,,Tencent_raw
2026-02-24,300068.SZ,15.9000,15.9000,15.5000,15.5300,198722.0000,,Tencent_raw
2026-02-25,300068.SZ,15.5200,15.9000,15.5200,15.8100,250871.0000,,Tencent_raw
2026-02-26,300068.SZ,15.8700,15.9700,15.5300,15.5800,235973.0000,,Tencent_raw
2026-02-27,300068.SZ,15.5100,15.7400,15.4500,15.7100,186848.0000,,Tencent_raw
2026-03-02,300068.SZ,15.5000,15.6800,15.2200,15.2700,274240.0000,,Tencent_raw
2026-03-03,300068.SZ,15.2900,15.6900,14.9700,14.9900,336433.0000,,Tencent_raw
2026-03-04,300068.SZ,14.8000,15.0900,14.6100,14.7500,241469.0000,,Tencent_raw
2026-03-05,300068.SZ,15.0100,15.1500,14.7900,14.9200,240277.0000,,Tencent_raw
2026-03-06,300068.SZ,14.8700,15.6700,14.7700,15.3400,371829.0000,,Tencent_raw
2026-03-09,300068.SZ,15.2900,15.7000,15.0300,15.6300,477180.0000,,Tencent_raw
2026-03-10,300068.SZ,15.5400,15.9000,15.5200,15.8500,377907.0000,,Tencent_raw
2026-03-11,300068.SZ,15.8500,16.5400,15.8100,16.2100,696849.0000,,Tencent_raw
2026-03-12,300068.SZ,16.1900,16.4400,16.0000,16.3100,448723.0000,,Tencent_raw
2026-03-13,300068.SZ,16.6600,16.9800,16.1900,16.2100,834566.0000,,Tencent_raw
2026-03-16,300068.SZ,16.0400,16.5200,16.0000,16.0800,521045.0000,,Tencent_raw
2026-03-17,300068.SZ,16.0100,16.2400,15.5000,15.5100,370580.0000,,Tencent_raw
2026-03-18,300068.SZ,15.7500,15.8400,15.2100,15.5800,307674.0000,,Tencent_raw
2026-03-19,300068.SZ,15.3500,15.8900,15.2500,15.4600,322970.0000,,Tencent_raw
2026-03-20,300068.SZ,15.4400,16.1000,14.9800,15.3000,617740.0000,,Tencent_raw
2026-03-23,300068.SZ,15.1100,15.4200,14.3600,14.5200,507871.0000,,Tencent_raw
2026-03-24,300068.SZ,14.7800,14.9500,13.7800,14.6800,494469.0000,,Tencent_raw
2026-03-25,300068.SZ,14.5300,14.5900,13.7900,14.0200,785286.0000,,Tencent_raw
2026-03-26,300068.SZ,13.8300,14.1700,13.4100,13.5700,557365.0000,,Tencent_raw
2026-03-27,300068.SZ,13.3700,13.8500,13.2900,13.6600,446644.0000,,Tencent_raw
2026-03-30,300068.SZ,13.5000,13.8500,13.1000,13.3800,400207.0000,,Tencent_raw
2026-03-31,300068.SZ,13.3200,13.8500,13.0200,13.0400,533276.0000,,Tencent_raw
2026-04-01,300068.SZ,13.4500,13.4800,13.0700,13.2100,355979.0000,,Tencent_raw
2026-04-02,300068.SZ,13.1500,13.1500,12.2400,12.3000,569658.0000,,Tencent_raw
2026-04-03,300068.SZ,12.3100,12.3500,11.3700,11.4200,566178.0000,,Tencent_raw
2026-04-07,300068.SZ,11.4200,11.6600,11.3700,11.5000,322946.0000,,Tencent_raw
2026-04-08,300068.SZ,11.5200,11.8300,11.4700,11.8300,581865.0000,,Tencent_raw
2026-04-09,300068.SZ,11.6300,11.6300,11.4400,11.5200,347712.0000,,Tencent_raw
2026-04-10,300068.SZ,11.6600,13.4200,11.5800,12.4600,1227525.0000,,Tencent_raw
2026-04-13,300068.SZ,12.1500,12.4800,12.0600,12.3600,631383.0000,,Tencent_raw
2026-04-14,300068.SZ,12.4000,12.9700,12.3000,12.9600,600730.0000,,Tencent_raw
2026-04-15,300068.SZ,12.8300,12.9600,12.4400,12.4900,489315.0000,,Tencent_raw
2026-04-16,300068.SZ,12.5700,13.0100,12.4600,12.7900,489485.0000,,Tencent_raw
2026-04-17,300068.SZ,12.7000,12.8600,12.5100,12.7200,381779.0000,,Tencent_raw
2026-04-20,300068.SZ,12.5800,12.7600,12.5300,12.6500,306310.0000,,Tencent_raw
2026-04-21,300068.SZ,12.6400,12.6500,12.3500,12.4800,310084.0000,,Tencent_raw
2026-04-22,300068.SZ,12.4100,12.7800,12.3900,12.4500,317023.0000,,Tencent_raw
2026-04-23,300068.SZ,12.4600,12.4700,12.0600,12.1300,327758.0000,,Tencent_raw
2026-04-24,300068.SZ,12.1000,12.1900,11.8900,12.0500,284442.0000,,Tencent_raw
2026-04-27,300068.SZ,10.4100,11.3000,10.4100,11.2300,654719.0000,,Tencent_raw
2026-04-28,300068.SZ,11.1700,11.3000,11.0000,11.0600,362197.0000,,Tencent_raw
2026-04-30,300068.SZ,8.8500,8.8500,8.8500,8.8500,21919.0000,,Tencent_raw
2026-05-06,300068.SZ,7.0800,7.0800,7.0800,7.0800,46722.0000,,Tencent_raw
2026-05-07,300068.SZ,5.6600,6.1700,5.6600,5.7100,2567306.0000,,Tencent_raw
2026-05-08,300068.SZ,5.4500,5.6400,5.4100,5.4800,1541245.0000,,Tencent_raw
2026-05-11,300068.SZ,5.4700,5.6200,5.4500,5.5500,1058947.0000,,Tencent_raw
2026-05-12,300068.SZ,5.5100,5.5300,5.2500,5.2700,977939.0000,,Tencent_raw
2026-05-13,300068.SZ,5.2100,5.4900,5.2100,5.3900,738037.0000,,Tencent_raw
2026-05-14,300068.SZ,5.3100,5.3400,5.0400,5.0600,870397.0000,,Tencent_raw
2026-05-15,300068.SZ,5.0100,5.0200,4.7100,4.7200,876249.0000,,Tencent_raw
2026-05-18,300068.SZ,4.6400,4.9300,4.5400,4.8600,610644.0000,,Tencent_raw
2026-05-19,300068.SZ,4.7900,5.1700,4.7700,5.1600,739944.0000,,Tencent_raw
2026-05-20,300068.SZ,5.1000,5.1300,4.9300,4.9600,557669.0000,,Tencent_raw
2026-05-21,300068.SZ,4.9200,5.0400,4.7200,4.7700,675660.0000,,Tencent_raw
2026-05-22,300068.SZ,4.7300,4.8400,4.6700,4.7000,467816.0000,,Tencent_raw
2026-05-25,300068.SZ,4.6600,4.7300,4.4400,4.5000,612550.0000,,Tencent_raw
2026-05-26,300068.SZ,4.4600,4.7100,4.3700,4.6100,620027.0000,,Tencent_raw
2026-05-27,300068.SZ,4.5100,4.5500,4.3500,4.3800,555909.0000,,Tencent_raw
2026-05-28,300068.SZ,4.3000,4.5000,4.2900,4.4100,478250.0000,,Tencent_raw
2026-05-29,300068.SZ,4.3600,4.6200,4.3500,4.4300,606123.0000,,Tencent_raw
2026-06-01,300068.SZ,4.3700,4.7900,4.3300,4.7300,799251.0000,,Tencent_raw
2026-06-02,300068.SZ,4.7400,4.9500,4.7000,4.9000,842540.0000,,Tencent_raw
2026-06-03,300068.SZ,4.8100,4.8400,4.6500,4.6600,657681.0000,,Tencent_raw
2026-06-04,300068.SZ,4.6200,4.7300,4.4400,4.4700,472659.0000,,Tencent_raw
2026-06-05,300068.SZ,4.4500,4.5700,4.3600,4.4700,426629.0000,,Tencent_raw
2026-06-08,300068.SZ,4.3100,4.4300,4.2800,4.3000,396288.0000,,Tencent_raw
2026-06-09,300068.SZ,4.3200,4.3500,4.1700,4.2000,425764.0000,,Tencent_raw
2026-06-10,300068.SZ,4.1500,4.1900,3.9100,3.9300,566539.0000,,Tencent_raw
2026-06-11,300068.SZ,3.9000,3.9900,3.6900,3.7100,501852.0000,,Tencent_raw
2026-06-12,300068.SZ,3.7800,3.8100,3.6800,3.7300,448524.0000,,Tencent_raw
2026-06-15,300068.SZ,3.7900,3.8700,3.7600,3.8000,379447.0000,,Tencent_raw
2026-06-16,300068.SZ,3.8100,4.5600,3.7600,4.5600,1052180.0000,,Tencent_raw
2026-06-17,300068.SZ,4.5900,4.8800,4.3700,4.3900,1242237.0000,,Tencent_raw
2026-06-18,300068.SZ,4.3000,4.5300,4.1400,4.1500,807962.0000,,Tencent_raw
2026-06-22,300068.SZ,4.0600,4.6600,3.9500,4.4500,954489.0000,,Tencent_raw
2026-06-23,300068.SZ,4.3500,4.7600,4.3400,4.5600,844252.0000,,Tencent_raw
2026-06-24,300068.SZ,4.4900,4.6400,4.4000,4.4400,604104.0000,,Tencent_raw
2026-06-25,300068.SZ,4.3900,4.4700,4.1800,4.1800,532833.0000,,Tencent_raw
2026-06-26,300068.SZ,4.1600,4.3500,4.1000,4.1200,486653.0000,,Tencent_raw
2026-06-29,300068.SZ,4.0900,4.1600,3.8800,4.0600,422215.0000,,Tencent_raw
2026-06-30,300068.SZ,4.0500,4.1300,3.9700,4.1100,350137.0000,,Tencent_raw
2026-07-01,300068.SZ,4.1100,4.4800,4.1000,4.3000,549667.0000,,Tencent_raw
2026-07-02,300068.SZ,4.2700,4.4200,4.1500,4.1500,495964.0000,,Tencent_raw
2026-07-03,300068.SZ,4.1200,4.2200,4.1100,4.1900,330791.0000,,Tencent_raw
2026-07-06,300068.SZ,4.2000,4.3500,4.1400,4.1700,372588.0000,,Tencent_raw
2026-07-07,300068.SZ,4.1500,4.1700,3.9100,3.9200,410531.0000,,Tencent_raw
2026-07-08,300068.SZ,3.8600,4.1900,3.8200,4.0500,449495.0000,,Tencent_raw
2026-07-09,300068.SZ,4.8600,4.8600,4.4600,4.4800,1237890.0000,,Tencent_raw
2026-07-10,300068.SZ,4.5500,4.7500,4.4300,4.6100,820860.0000,,Tencent_raw
2026-07-13,300068.SZ,4.5700,4.6500,4.2400,4.2800,638899.0000,,Tencent_raw
2026-07-14,300068.SZ,4.2900,4.4600,4.2400,4.4200,498031.0000,,Tencent_raw
2026-07-15,300068.SZ,4.4100,4.6100,4.3300,4.3400,578089.0000,,Tencent_raw
2026-07-16,300068.SZ,4.2300,4.5100,4.1500,4.4400,558426.0000,,Tencent_raw
2026-07-17,300068.SZ,4.3800,4.4300,4.1700,4.2400,454419.0000,,Tencent_raw
2026-07-20,300068.SZ,4.1900,4.2800,3.9000,3.9400,561378.0000,,Tencent_raw
2026-07-21,300068.SZ,3.9300,4.0400,3.6700,4.0300,583913.0000,,Tencent_raw
2026-07-22,300068.SZ,3.9300,4.0300,3.9000,3.9300,358832.0000,,Tencent_raw
2026-07-23,300068.SZ,3.9100,4.0900,3.9000,4.0700,443855.0000,,Tencent_raw
2026-07-24,300068.SZ,4.0100,4.0200,3.8700,3.8900,384174.0000,,Tencent_raw
2026-07-27,300068.SZ,3.9000,4.0200,3.8900,4.0000,311643.0000,,Tencent_raw
2026-07-28,300068.SZ,3.9400,4.1400,3.9300,4.0600,402621.0000,,Tencent_raw
2026-07-29,300068.SZ,4.0600,4.1800,4.0400,4.1700,421201.0000,,Tencent_raw
2026-07-30,300068.SZ,4.1500,4.2300,4.0300,4.0400,461225.0000,,Tencent_raw
2026-07-31,300068.SZ,4.0500,4.2600,4.0500,4.1900,449199.0000,,Tencent_raw
2026-08-03,300068.SZ,4.1900,4.2800,4.1600,4.2700,383425.0000,,Tencent_raw
2026-08-04,300068.SZ,4.2700,4.3600,4.2500,4.3200,430687.0000,,Tencent_raw
2026-08-05,300068.SZ,4.3100,4.4200,4.2700,4.3400,467714.0000,,Tencent_raw
2026-08-06,300068.SZ,4.3200,4.4300,4.2600,4.3300,432777.0000,,Tencent_raw
2026-08-07,300068.SZ,4.3000,4.3500,4.1900,4.2500,400137.0000,,Tencent_raw
2026-08-10,300068.SZ,4.2300,4.2500,4.1300,4.1800,371045.0000,,Tencent_raw
2026-08-11,300068.SZ,4.1700,4.2600,4.1500,4.2000,318770.0000,,Tencent_raw
2026-08-12,300068.SZ,4.1900,4.4400,4.1800,4.4400,571164.0000,,Tencent_raw
2026-08-13,300068.SZ,4.4100,4.4400,4.2800,4.2800,447059.0000,,Tencent_raw
2026-08-14,300068.SZ,4.3000,4.3700,4.2200,4.2700,342564.0000,,Tencent_raw
2026-08-17,300068.SZ,4.2700,4.3600,4.2200,4.3300,317007.0000,,Tencent_raw
2026-08-18,300068.SZ,4.3000,4.3100,4.1300,4.1500,452715.0000,,Tencent_raw
2026-08-19,300068.SZ,4.1000,4.1100,3.9200,3.9300,407695.0000,,Tencent_raw
2026-08-20,300068.SZ,3.9500,4.0000,3.9400,3.9800,252102.0000,,Tencent_raw
2026-08-21,300068.SZ,3.9200,4.0400,3.8600,3.9900,294196.0000,,Tencent_raw
2026-08-24,300068.SZ,3.9600,4.0600,3.9000,3.9100,286412.0000,,Tencent_raw
2026-08-25,300068.SZ,3.8500,3.9700,3.8200,3.9600,247447.0000,,Tencent_raw
2026-08-26,300068.SZ,3.9600,4.0700,3.9600,4.0600,311892.0000,,Tencent_raw
2026-08-27,300068.SZ,4.0300,4.0600,3.9600,4.0000,255646.0000,,Tencent_raw
2026-08-28,300068.SZ,3.9800,4.1100,3.9700,4.0700,358929.0000,,Tencent_raw
2026-08-31,300068.SZ,3.9700,4.0800,3.9300,4.0700,308772.0000,,Tencent_raw
2026-09-01,300068.SZ,4.0800,4.2400,4.0600,4.2000,383538.0000,,Tencent_raw
2026-09-02,300068.SZ,4.1500,4.2900,4.1400,4.1400,351812.0000,,Tencent_raw
2026-09-03,300068.SZ,4.1600,4.2400,4.0900,4.1000,268849.0000,,Tencent_raw
2026-09-04,300068.SZ,4.1200,4.2200,4.1100,4.1400,292511.0000,,Tencent_raw
2026-09-07,300068.SZ,4.1500,4.2200,4.1100,4.1800,237560.0000,,Tencent_raw
2026-09-08,300068.SZ,4.1500,4.2400,4.1500,4.2000,229903.0000,,Tencent_raw
2026-09-09,300068.SZ,4.1800,4.2000,4.0600,4.0800,307715.0000,,Tencent_raw
2026-09-10,300068.SZ,4.0400,4.4000,4.0100,4.3300,663844.0000,,Tencent_raw
2026-09-11,300068.SZ,4.2600,4.6800,4.2600,4.5500,881303.0000,,Tencent_raw
2026-09-14,300068.SZ,4.5700,4.9600,4.5300,4.9300,867775.0000,,Tencent_raw
2026-09-15,300068.SZ,4.8200,4.8700,4.4400,4.4400,778953.0000,,Tencent_raw
2026-09-16,300068.SZ,4.3800,4.5300,4.3400,4.4200,501526.0000,,Tencent_raw
2026-09-17,300068.SZ,4.3600,4.4500,4.2700,4.3000,458972.0000,,Tencent_raw
2026-09-18,300068.SZ,4.3200,4.3900,4.2700,4.3400,349283.0000,,Tencent_raw
2026-09-21,300068.SZ,4.3000,4.4200,4.2600,4.3700,373064.0000,,Tencent_raw
2026-09-22,300068.SZ,4.3600,4.4300,4.2600,4.2800,380083.0000,,Tencent_raw
2026-09-23,300068.SZ,4.2700,4.3000,4.1400,4.1500,370113.0000,,Tencent_raw
2026-09-24,300068.SZ,4.1800,4.2300,4.1200,4.1200,273426.0000,,Tencent_raw
2026-09-28,300068.SZ,4.1000,4.1400,3.9600,4.0200,296341.0000,,Tencent_raw
