date,ticker,open,high,low,close,volume_raw,amount_raw,source
2025-09-01,300123.SZ,6.8500,6.9700,6.7600,6.8700,471447.0000,,Tencent_raw
2025-09-02,300123.SZ,6.8600,6.8700,6.4300,6.7400,763339.0000,,Tencent_raw
2025-09-03,300123.SZ,6.7000,6.7100,6.3700,6.4000,518282.0000,,Tencent_raw
2025-09-04,300123.SZ,6.4000,6.4200,6.0200,6.1300,438432.0000,,Tencent_raw
2025-09-05,300123.SZ,6.1200,6.2000,6.0800,6.1800,282365.0000,,Tencent_raw
2025-09-08,300123.SZ,6.2500,6.3700,6.2100,6.3600,326759.0000,,Tencent_raw
2025-09-09,300123.SZ,6.4100,6.4200,6.2200,6.2300,256119.0000,,Tencent_raw
2025-09-10,300123.SZ,6.2200,6.3000,6.2000,6.2200,173869.0000,,Tencent_raw
2025-09-11,300123.SZ,6.2300,6.2800,6.1200,6.2800,222620.0000,,Tencent_raw
2025-09-12,300123.SZ,6.2500,6.2900,6.2200,6.2300,223193.0000,,Tencent_raw
2025-09-15,300123.SZ,6.2800,6.3000,6.1600,6.1800,193843.0000,,Tencent_raw
2025-09-16,300123.SZ,6.1800,6.2400,6.1200,6.2300,219866.0000,,Tencent_raw
2025-09-17,300123.SZ,6.2000,6.2100,6.1600,6.1900,183029.0000,,Tencent_raw
2025-09-18,300123.SZ,6.1900,6.2300,6.0600,6.0900,300913.0000,,Tencent_raw
2025-09-19,300123.SZ,6.0700,6.1600,5.9100,5.9300,314243.0000,,Tencent_raw
2025-09-22,300123.SZ,5.9100,6.0300,5.8200,6.0200,245657.0000,,Tencent_raw
2025-09-23,300123.SZ,6.0000,6.0000,5.7200,5.8300,277091.0000,,Tencent_raw
2025-09-24,300123.SZ,5.8000,6.0200,5.7500,6.0200,229162.0000,,Tencent_raw
2025-09-25,300123.SZ,6.0000,6.0100,5.8700,5.8800,228150.0000,,Tencent_raw
2025-09-26,300123.SZ,5.8400,5.9100,5.7600,5.8100,222183.0000,,Tencent_raw
2025-09-29,300123.SZ,5.7700,5.8500,5.6200,5.8200,225739.0000,,Tencent_raw
2025-09-30,300123.SZ,5.8000,5.9800,5.8000,5.9400,228500.0000,,Tencent_raw
2025-10-09,300123.SZ,5.9400,5.9800,5.8800,5.9700,204616.0000,,Tencent_raw
2025-10-10,300123.SZ,5.9300,5.9800,5.8900,5.9100,179234.0000,,Tencent_raw
2025-10-13,300123.SZ,5.7600,5.9800,5.6600,5.9800,225862.0000,,Tencent_raw
2025-10-14,300123.SZ,6.0000,6.0600,5.8800,5.8900,215635.0000,,Tencent_raw
2025-10-15,300123.SZ,5.8700,5.9400,5.8000,5.8900,144830.0000,,Tencent_raw
2025-10-16,300123.SZ,5.8800,5.9200,5.7800,5.7800,150437.0000,,Tencent_raw
2025-10-17,300123.SZ,5.7800,5.8300,5.6100,5.6100,169035.0000,,Tencent_raw
2025-10-20,300123.SZ,5.6600,5.8100,5.6600,5.7800,155639.0000,,Tencent_raw
2025-10-21,300123.SZ,5.7800,5.8300,5.7500,5.8300,122819.0000,,Tencent_raw
2025-10-22,300123.SZ,5.8000,5.8700,5.7700,5.8100,104627.0000,,Tencent_raw
2025-10-23,300123.SZ,5.8000,5.8200,5.6800,5.8000,149751.0000,,Tencent_raw
2025-10-24,300123.SZ,5.9500,6.1000,5.8800,5.9000,387228.0000,,Tencent_raw
2025-10-27,300123.SZ,5.8800,5.9700,5.8600,5.9600,248606.0000,,Tencent_raw
2025-10-28,300123.SZ,5.9400,6.2200,5.9400,6.1600,575671.0000,,Tencent_raw
2025-10-29,300123.SZ,6.1600,6.1600,6.0300,6.0700,348553.0000,,Tencent_raw
2025-10-30,300123.SZ,5.9200,6.0400,5.8700,5.9400,347582.0000,,Tencent_raw
2025-10-31,300123.SZ,5.9200,5.9400,5.8700,5.9100,205024.0000,,Tencent_raw
2025-11-03,300123.SZ,5.9800,6.0900,5.9400,6.0800,357786.0000,,Tencent_raw
2025-11-04,300123.SZ,6.0500,6.0700,5.9500,6.0000,223790.0000,,Tencent_raw
2025-11-05,300123.SZ,5.9400,6.0400,5.9100,6.0200,190685.0000,,Tencent_raw
2025-11-06,300123.SZ,6.0000,6.0200,5.9300,5.9700,201852.0000,,Tencent_raw
2025-11-07,300123.SZ,5.9300,6.0300,5.9200,5.9900,208011.0000,,Tencent_raw
2025-11-10,300123.SZ,6.0400,6.0900,5.9700,6.0100,200927.0000,,Tencent_raw
2025-11-11,300123.SZ,6.0100,6.0400,5.9500,5.9600,195746.0000,,Tencent_raw
2025-11-12,300123.SZ,5.9400,5.9500,5.8000,5.9100,282085.0000,,Tencent_raw
2025-11-13,300123.SZ,5.9300,5.9900,5.8900,5.9500,192863.0000,,Tencent_raw
2025-11-14,300123.SZ,5.9400,6.0500,5.9100,5.9600,257826.0000,,Tencent_raw
2025-11-17,300123.SZ,6.0800,6.2400,6.0500,6.2200,717713.0000,,Tencent_raw
2025-11-18,300123.SZ,6.1500,6.1900,6.0500,6.0700,353955.0000,,Tencent_raw
2025-11-19,300123.SZ,6.0500,7.2800,6.0400,7.2800,2496089.0000,,Tencent_raw
2025-11-20,300123.SZ,7.0000,7.2400,6.8000,6.9200,2427091.0000,,Tencent_raw
2025-11-21,300123.SZ,6.8000,7.2400,6.6600,7.0200,2315369.0000,,Tencent_raw
2025-11-24,300123.SZ,7.1400,7.5800,7.0200,7.4100,2415071.0000,,Tencent_raw
2025-11-25,300123.SZ,7.1000,7.3600,6.9200,7.1800,2157302.0000,,Tencent_raw
2025-11-26,300123.SZ,7.1300,7.1300,6.7900,6.8800,1473772.0000,,Tencent_raw
2025-11-27,300123.SZ,6.7500,6.8000,6.5900,6.6000,1035179.0000,,Tencent_raw
2025-11-28,300123.SZ,6.6300,7.6800,6.6000,7.4900,2813001.0000,,Tencent_raw
2025-12-01,300123.SZ,8.0000,8.7200,7.7500,7.8000,3211065.0000,,Tencent_raw
2025-12-02,300123.SZ,7.8800,8.9500,7.5800,8.4900,3461170.0000,,Tencent_raw
2025-12-03,300123.SZ,8.1200,8.2200,7.8200,7.9000,2326015.0000,,Tencent_raw
2025-12-04,300123.SZ,7.6700,7.9100,7.5100,7.5700,1648000.0000,,Tencent_raw
2025-12-05,300123.SZ,7.7100,8.0700,7.3800,7.9800,1970288.0000,,Tencent_raw
2025-12-08,300123.SZ,8.2300,8.7100,8.0500,8.1000,2293408.0000,,Tencent_raw
2025-12-09,300123.SZ,8.0700,8.3100,7.8800,7.8900,1612713.0000,,Tencent_raw
2025-12-10,300123.SZ,7.8600,8.0800,7.6600,7.8300,1302727.0000,,Tencent_raw
2025-12-11,300123.SZ,7.8500,7.8900,7.4800,7.5200,1100040.0000,,Tencent_raw
2025-12-12,300123.SZ,7.5200,8.6500,7.5000,7.8800,1703575.0000,,Tencent_raw
2025-12-15,300123.SZ,7.8000,8.0400,7.5400,7.9500,1313663.0000,,Tencent_raw
2025-12-16,300123.SZ,7.7600,7.7900,7.2400,7.3600,1417331.0000,,Tencent_raw
2025-12-17,300123.SZ,7.2400,7.3500,6.8700,7.1200,1173215.0000,,Tencent_raw
2025-12-18,300123.SZ,7.0100,7.6500,6.9400,7.4200,1254360.0000,,Tencent_raw
2025-12-19,300123.SZ,7.3700,7.7900,7.3600,7.5000,1052819.0000,,Tencent_raw
2025-12-22,300123.SZ,7.6300,7.7100,7.4600,7.5300,774229.0000,,Tencent_raw
2025-12-23,300123.SZ,7.6000,7.6000,7.0800,7.1200,1012485.0000,,Tencent_raw
2025-12-24,300123.SZ,7.0200,7.8800,7.0200,7.8100,1469109.0000,,Tencent_raw
2025-12-25,300123.SZ,7.7100,8.1200,7.7100,7.9500,1346253.0000,,Tencent_raw
2025-12-26,300123.SZ,8.0200,8.3000,7.9100,8.1600,1452254.0000,,Tencent_raw
2025-12-29,300123.SZ,8.1600,8.4600,8.0500,8.2700,1327254.0000,,Tencent_raw
2025-12-30,300123.SZ,8.2000,8.3800,8.0000,8.0300,1248877.0000,,Tencent_raw
2025-12-31,300123.SZ,8.0100,8.2600,7.9000,8.1000,936297.0000,,Tencent_raw
2026-01-05,300123.SZ,8.2700,8.3500,7.9400,8.2000,1223858.0000,,Tencent_raw
2026-01-06,300123.SZ,8.1100,8.4800,8.0600,8.3600,1352851.0000,,Tencent_raw
2026-01-07,300123.SZ,8.2900,8.4500,8.1900,8.2400,1101431.0000,,Tencent_raw
2026-01-08,300123.SZ,8.1000,9.1100,8.0800,9.0800,2313078.0000,,Tencent_raw
2026-01-09,300123.SZ,9.2100,9.3000,8.8100,8.9100,2299299.0000,,Tencent_raw
2026-01-12,300123.SZ,9.2600,10.3200,9.1000,9.9600,2448823.0000,,Tencent_raw
2026-01-13,300123.SZ,10.2800,10.4200,9.0600,9.0900,2158140.0000,,Tencent_raw
2026-01-14,300123.SZ,9.0300,9.5100,8.9100,8.9600,1635139.0000,,Tencent_raw
2026-01-15,300123.SZ,8.8800,8.9100,8.3200,8.5400,1192834.0000,,Tencent_raw
2026-01-16,300123.SZ,8.5400,8.6800,8.3700,8.4200,743157.0000,,Tencent_raw
2026-01-19,300123.SZ,8.4200,8.5500,8.2200,8.4200,718792.0000,,Tencent_raw
2026-01-20,300123.SZ,8.5500,8.8200,7.9100,8.0500,1463921.0000,,Tencent_raw
2026-01-21,300123.SZ,7.8800,8.0600,7.8000,7.9300,684859.0000,,Tencent_raw
2026-01-22,300123.SZ,7.9800,8.2900,7.9400,8.2100,753163.0000,,Tencent_raw
2026-01-23,300123.SZ,8.1400,8.5600,8.0500,8.5000,1043499.0000,,Tencent_raw
2026-01-26,300123.SZ,8.0300,8.0900,7.3300,7.3600,1598020.0000,,Tencent_raw
2026-01-27,300123.SZ,7.2600,7.3800,7.0000,7.3100,812867.0000,,Tencent_raw
2026-01-28,300123.SZ,7.3100,7.4400,7.1200,7.1600,579285.0000,,Tencent_raw
2026-01-29,300123.SZ,7.1200,7.2300,6.9200,7.0600,526610.0000,,Tencent_raw
2026-01-30,300123.SZ,7.1000,7.1100,6.8500,6.9000,467029.0000,,Tencent_raw
2026-02-02,300123.SZ,6.8700,7.0500,6.8300,6.8500,358557.0000,,Tencent_raw
2026-02-03,300123.SZ,6.9600,7.0700,6.8500,7.0600,470219.0000,,Tencent_raw
2026-02-04,300123.SZ,7.0100,7.2600,6.9800,7.1200,551271.0000,,Tencent_raw
2026-02-05,300123.SZ,7.0400,7.1000,6.9300,6.9400,382313.0000,,Tencent_raw
2026-02-06,300123.SZ,6.8700,6.9400,6.8100,6.8800,302605.0000,,Tencent_raw
2026-02-09,300123.SZ,6.9500,7.1400,6.9500,7.1400,450621.0000,,Tencent_raw
2026-02-10,300123.SZ,7.1100,7.2900,7.0500,7.2100,508151.0000,,Tencent_raw
2026-02-11,300123.SZ,7.1800,7.2300,7.1000,7.1200,354605.0000,,Tencent_raw
2026-02-12,300123.SZ,7.2700,7.3300,7.1300,7.1500,334536.0000,,Tencent_raw
2026-02-13,300123.SZ,7.1200,7.3500,7.1100,7.2100,435447.0000,,Tencent_raw
2026-02-24,300123.SZ,7.2800,7.4100,7.2100,7.3000,450704.0000,,Tencent_raw
2026-02-25,300123.SZ,7.5100,8.0800,7.5000,7.9000,1268355.0000,,Tencent_raw
2026-02-26,300123.SZ,7.7400,7.9200,7.6100,7.8900,783119.0000,,Tencent_raw
2026-02-27,300123.SZ,7.8100,7.9800,7.7500,7.8100,565364.0000,,Tencent_raw
2026-03-02,300123.SZ,7.9900,8.4400,7.8200,8.2800,1300911.0000,,Tencent_raw
2026-03-03,300123.SZ,8.1000,8.1500,7.4600,7.5200,958559.0000,,Tencent_raw
2026-03-04,300123.SZ,7.2000,7.7300,7.1400,7.5700,534402.0000,,Tencent_raw
2026-03-05,300123.SZ,7.6700,7.7200,7.4700,7.5900,490422.0000,,Tencent_raw
2026-03-06,300123.SZ,7.5100,7.6600,7.3800,7.5500,436929.0000,,Tencent_raw
2026-03-09,300123.SZ,7.4000,7.4500,7.1800,7.4200,510002.0000,,Tencent_raw
2026-03-10,300123.SZ,7.4300,7.6300,7.4100,7.5600,382523.0000,,Tencent_raw
2026-03-11,300123.SZ,7.6000,7.6100,7.3200,7.3600,402973.0000,,Tencent_raw
2026-03-12,300123.SZ,7.3200,7.3300,7.1000,7.1300,422266.0000,,Tencent_raw
2026-03-13,300123.SZ,7.0900,7.1900,7.0300,7.0600,280684.0000,,Tencent_raw
2026-03-16,300123.SZ,7.2500,7.3200,7.1200,7.1800,376272.0000,,Tencent_raw
2026-03-17,300123.SZ,7.1600,7.1900,7.0000,7.0100,271739.0000,,Tencent_raw
2026-03-18,300123.SZ,7.0500,7.0800,6.8800,7.0700,284785.0000,,Tencent_raw
2026-03-19,300123.SZ,6.9600,6.9700,6.7800,6.8100,269503.0000,,Tencent_raw
2026-03-20,300123.SZ,6.8300,6.8700,6.4800,6.5100,306010.0000,,Tencent_raw
2026-03-23,300123.SZ,6.3100,6.4100,6.0100,6.0600,369997.0000,,Tencent_raw
2026-03-24,300123.SZ,6.2300,6.4200,6.0500,6.3800,336967.0000,,Tencent_raw
2026-03-25,300123.SZ,6.3200,6.5200,6.3200,6.5000,321343.0000,,Tencent_raw
2026-03-26,300123.SZ,6.5000,6.5400,6.2300,6.2800,271717.0000,,Tencent_raw
2026-03-27,300123.SZ,6.1500,6.3600,6.1200,6.3400,161350.0000,,Tencent_raw
2026-03-30,300123.SZ,6.2500,6.4400,6.2000,6.4300,208474.0000,,Tencent_raw
2026-03-31,300123.SZ,6.4100,6.5500,6.3300,6.3500,226449.0000,,Tencent_raw
2026-04-01,300123.SZ,6.4700,6.4700,6.3000,6.3500,188371.0000,,Tencent_raw
2026-04-02,300123.SZ,6.3200,6.3600,6.1200,6.1500,194359.0000,,Tencent_raw
2026-04-03,300123.SZ,6.1900,6.2200,6.0000,6.0000,178753.0000,,Tencent_raw
2026-04-07,300123.SZ,6.0200,6.1300,6.0200,6.1000,131157.0000,,Tencent_raw
2026-04-08,300123.SZ,6.2000,6.4000,6.2000,6.4000,245771.0000,,Tencent_raw
2026-04-09,300123.SZ,6.3300,6.3400,6.2300,6.2400,191763.0000,,Tencent_raw
2026-04-10,300123.SZ,6.2800,6.3500,6.2500,6.2600,168322.0000,,Tencent_raw
2026-04-13,300123.SZ,6.2400,6.2900,6.1800,6.2700,171280.0000,,Tencent_raw
2026-04-14,300123.SZ,6.3000,6.4200,6.2500,6.4100,271626.0000,,Tencent_raw
2026-04-15,300123.SZ,6.4400,6.5200,6.3000,6.3000,268803.0000,,Tencent_raw
2026-04-16,300123.SZ,6.3200,6.4000,6.2400,6.3900,193440.0000,,Tencent_raw
2026-04-17,300123.SZ,6.3500,6.4700,6.3000,6.4200,211349.0000,,Tencent_raw
2026-04-21,300123.SZ,5.1400,5.1400,5.1400,5.1400,48460.0000,,Tencent_raw
2026-04-22,300123.SZ,4.1300,4.5000,4.1300,4.3200,1773135.0000,,Tencent_raw
2026-04-23,300123.SZ,4.1400,4.1700,4.0200,4.0200,1169835.0000,,Tencent_raw
2026-04-24,300123.SZ,4.0000,4.0900,3.9700,4.0000,607002.0000,,Tencent_raw
2026-04-27,300123.SZ,3.9800,3.9900,3.7000,3.8800,909762.0000,,Tencent_raw
2026-04-28,300123.SZ,3.8500,3.9500,3.7500,3.7600,585320.0000,,Tencent_raw
2026-04-29,300123.SZ,3.7700,3.9000,3.7700,3.8200,553808.0000,,Tencent_raw
2026-04-30,300123.SZ,3.7800,4.0300,3.7600,3.9900,737656.0000,,Tencent_raw
2026-05-06,300123.SZ,4.4000,4.5500,4.1800,4.2000,1143328.0000,,Tencent_raw
2026-05-07,300123.SZ,4.2600,4.5500,4.2000,4.5100,948779.0000,,Tencent_raw
2026-05-08,300123.SZ,4.4500,4.6200,4.3700,4.6000,795557.0000,,Tencent_raw
2026-05-11,300123.SZ,4.6300,5.0300,4.6200,4.9900,817337.0000,,Tencent_raw
2026-05-12,300123.SZ,4.9800,5.2500,4.8300,5.0400,751518.0000,,Tencent_raw
2026-05-13,300123.SZ,5.0000,5.1800,4.9400,4.9600,594059.0000,,Tencent_raw
2026-05-14,300123.SZ,4.9100,5.0500,4.7100,4.9700,593458.0000,,Tencent_raw
2026-05-15,300123.SZ,5.0600,5.2400,5.0300,5.0900,526261.0000,,Tencent_raw
2026-05-18,300123.SZ,5.0200,5.0500,4.8100,4.8500,490156.0000,,Tencent_raw
2026-05-19,300123.SZ,4.9000,4.9300,4.7200,4.8300,363418.0000,,Tencent_raw
2026-05-20,300123.SZ,4.8600,4.9400,4.6900,4.7100,377858.0000,,Tencent_raw
2026-05-21,300123.SZ,4.7000,4.8400,4.5500,4.5900,392397.0000,,Tencent_raw
2026-05-22,300123.SZ,4.6000,4.6800,4.5100,4.6300,263886.0000,,Tencent_raw
2026-05-25,300123.SZ,4.6500,4.7300,4.4500,4.4700,372800.0000,,Tencent_raw
2026-05-26,300123.SZ,4.6200,4.6600,4.2800,4.3300,462807.0000,,Tencent_raw
2026-05-27,300123.SZ,4.2600,4.3300,4.0600,4.1600,460804.0000,,Tencent_raw
2026-05-28,300123.SZ,4.1400,4.2600,4.0500,4.1700,436110.0000,,Tencent_raw
2026-05-29,300123.SZ,4.2500,4.3300,4.1300,4.1600,447946.0000,,Tencent_raw
2026-06-01,300123.SZ,4.1300,4.8300,4.0700,4.7600,699965.0000,,Tencent_raw
2026-06-02,300123.SZ,4.6300,4.8800,4.5500,4.7300,574958.0000,,Tencent_raw
2026-06-03,300123.SZ,4.7100,4.9700,4.6500,4.7700,518478.0000,,Tencent_raw
2026-06-04,300123.SZ,4.7100,4.8600,4.6500,4.7400,376975.0000,,Tencent_raw
2026-06-05,300123.SZ,4.7400,4.8400,4.5100,4.5400,422550.0000,,Tencent_raw
2026-06-08,300123.SZ,4.4000,4.4300,4.2300,4.2700,398415.0000,,Tencent_raw
2026-06-09,300123.SZ,4.3100,4.3400,4.2400,4.2900,270908.0000,,Tencent_raw
2026-06-10,300123.SZ,4.2300,4.2600,4.0600,4.0700,352743.0000,,Tencent_raw
2026-06-11,300123.SZ,4.0300,4.2700,4.0300,4.1100,348510.0000,,Tencent_raw
2026-06-12,300123.SZ,4.2400,4.4300,4.1100,4.2900,405472.0000,,Tencent_raw
2026-06-15,300123.SZ,4.2200,4.2900,4.2100,4.2500,276246.0000,,Tencent_raw
2026-06-16,300123.SZ,4.2600,4.4300,4.2200,4.3700,355546.0000,,Tencent_raw
2026-06-17,300123.SZ,4.3300,4.3600,4.1300,4.1700,365843.0000,,Tencent_raw
2026-06-18,300123.SZ,4.1300,4.1800,4.0500,4.0600,288724.0000,,Tencent_raw
2026-06-22,300123.SZ,4.0400,4.0700,3.8000,4.0300,355207.0000,,Tencent_raw
2026-06-23,300123.SZ,3.9800,4.1500,3.9500,4.0500,265847.0000,,Tencent_raw
2026-06-24,300123.SZ,4.0200,4.0400,3.8200,3.8500,304299.0000,,Tencent_raw
2026-06-25,300123.SZ,3.7800,3.8600,3.4600,3.4900,508150.0000,,Tencent_raw
2026-06-26,300123.SZ,3.4000,3.7600,3.2500,3.5300,477213.0000,,Tencent_raw
2026-06-29,300123.SZ,3.5000,3.5400,3.2900,3.4200,315186.0000,,Tencent_raw
2026-06-30,300123.SZ,3.3800,3.5500,3.3600,3.5300,304849.0000,,Tencent_raw
2026-07-01,300123.SZ,3.5100,3.8300,3.5000,3.7900,451429.0000,,Tencent_raw
2026-07-02,300123.SZ,3.7400,3.8900,3.6800,3.7000,361575.0000,,Tencent_raw
2026-07-03,300123.SZ,3.7000,3.8200,3.6900,3.7700,271053.0000,,Tencent_raw
2026-07-06,300123.SZ,3.7700,3.8800,3.6600,3.6600,277600.0000,,Tencent_raw
2026-07-07,300123.SZ,3.6000,3.6000,3.4000,3.4100,321264.0000,,Tencent_raw
2026-07-08,300123.SZ,3.4000,3.5300,3.3900,3.5000,254249.0000,,Tencent_raw
2026-07-09,300123.SZ,3.8000,4.0500,3.6800,3.8200,639630.0000,,Tencent_raw
2026-07-10,300123.SZ,3.8100,4.1200,3.7700,4.0000,515141.0000,,Tencent_raw
2026-07-13,300123.SZ,4.0200,4.0400,3.8400,3.8600,377806.0000,,Tencent_raw
2026-07-14,300123.SZ,3.8600,3.9900,3.7700,3.9400,315780.0000,,Tencent_raw
2026-07-15,300123.SZ,3.9100,4.0200,3.9000,3.9400,254508.0000,,Tencent_raw
2026-07-16,300123.SZ,3.8900,3.9600,3.8400,3.8600,223398.0000,,Tencent_raw
2026-07-17,300123.SZ,3.8600,3.9400,3.7100,3.8300,289765.0000,,Tencent_raw
2026-07-20,300123.SZ,3.8200,3.9100,3.5500,3.6200,362974.0000,,Tencent_raw
2026-07-21,300123.SZ,3.5600,3.6600,3.3400,3.6100,381523.0000,,Tencent_raw
2026-07-22,300123.SZ,3.5700,3.7700,3.5600,3.6700,267480.0000,,Tencent_raw
2026-07-23,300123.SZ,3.6700,3.7700,3.6500,3.7500,220792.0000,,Tencent_raw
2026-07-24,300123.SZ,3.7100,3.9700,3.7000,3.8700,367804.0000,,Tencent_raw
2026-07-27,300123.SZ,3.8100,4.0100,3.7700,4.0000,292527.0000,,Tencent_raw
2026-07-28,300123.SZ,3.9400,4.2600,3.9400,4.0900,421947.0000,,Tencent_raw
2026-07-29,300123.SZ,4.1000,4.2100,4.0100,4.0900,347003.0000,,Tencent_raw
2026-07-30,300123.SZ,4.0800,4.1900,4.0400,4.0400,285797.0000,,Tencent_raw
2026-07-31,300123.SZ,4.0800,4.2000,4.0600,4.1800,274894.0000,,Tencent_raw
2026-08-03,300123.SZ,4.3000,4.5800,4.2600,4.5000,390675.0000,,Tencent_raw
2026-08-04,300123.SZ,4.5200,4.6400,4.4000,4.5900,323426.0000,,Tencent_raw
2026-08-05,300123.SZ,4.6500,4.8100,4.3700,4.4000,646994.0000,,Tencent_raw
2026-08-06,300123.SZ,4.4900,4.5900,4.2900,4.5100,517795.0000,,Tencent_raw
2026-08-07,300123.SZ,4.5000,4.6300,4.3900,4.5900,387947.0000,,Tencent_raw
2026-08-10,300123.SZ,4.6200,4.6200,4.3700,4.4700,304482.0000,,Tencent_raw
2026-08-11,300123.SZ,4.4200,4.5700,4.3700,4.5500,266318.0000,,Tencent_raw
2026-08-12,300123.SZ,4.5200,4.6100,4.4900,4.5700,183437.0000,,Tencent_raw
2026-08-13,300123.SZ,4.6300,4.7500,4.5800,4.6900,286833.0000,,Tencent_raw
2026-08-14,300123.SZ,4.6600,4.7500,4.6100,4.7500,217950.0000,,Tencent_raw
2026-08-17,300123.SZ,4.7200,4.7300,4.5300,4.5700,306634.0000,,Tencent_raw
2026-08-18,300123.SZ,4.5400,4.5500,4.3800,4.3800,263877.0000,,Tencent_raw
2026-08-19,300123.SZ,4.4500,4.5100,4.3200,4.3700,278946.0000,,Tencent_raw
2026-08-20,300123.SZ,4.4000,4.4100,4.3100,4.3600,162389.0000,,Tencent_raw
2026-08-21,300123.SZ,4.3100,4.5100,4.2700,4.5000,231243.0000,,Tencent_raw
2026-08-24,300123.SZ,4.4800,4.4800,4.3300,4.3400,178746.0000,,Tencent_raw
2026-08-25,300123.SZ,4.3200,4.4400,4.2900,4.4100,146071.0000,,Tencent_raw
2026-08-26,300123.SZ,4.4000,4.4800,4.4000,4.4100,127212.0000,,Tencent_raw
2026-08-27,300123.SZ,4.4300,4.6200,4.3800,4.5800,250034.0000,,Tencent_raw
2026-08-28,300123.SZ,4.5600,4.6300,4.4700,4.5100,209226.0000,,Tencent_raw
2026-08-31,300123.SZ,4.4300,4.7000,4.4100,4.6500,223676.0000,,Tencent_raw
2026-09-01,300123.SZ,4.6700,5.0700,4.6400,4.9700,427782.0000,,Tencent_raw
2026-09-02,300123.SZ,4.9300,5.2200,4.9000,5.0700,448604.0000,,Tencent_raw
2026-09-03,300123.SZ,5.0600,5.2400,5.0500,5.1700,393107.0000,,Tencent_raw
2026-09-04,300123.SZ,5.1700,5.3700,5.0600,5.2000,436006.0000,,Tencent_raw
2026-09-07,300123.SZ,5.1600,5.2700,4.7200,4.7400,658508.0000,,Tencent_raw
2026-09-08,300123.SZ,4.8500,5.0800,4.8000,5.0000,419655.0000,,Tencent_raw
2026-09-09,300123.SZ,5.0000,5.0200,4.8400,4.9000,294804.0000,,Tencent_raw
2026-09-10,300123.SZ,4.8900,4.9200,4.7700,4.8800,191441.0000,,Tencent_raw
2026-09-11,300123.SZ,4.8500,4.9100,4.7200,4.7600,237295.0000,,Tencent_raw
2026-09-14,300123.SZ,4.7400,4.8000,4.5800,4.6800,227090.0000,,Tencent_raw
2026-09-15,300123.SZ,4.7000,4.7100,4.4600,4.4600,294260.0000,,Tencent_raw
2026-09-16,300123.SZ,4.4700,4.7000,4.4700,4.6800,264756.0000,,Tencent_raw
2026-09-17,300123.SZ,4.6200,4.7300,4.5800,4.6500,229511.0000,,Tencent_raw
2026-09-18,300123.SZ,4.6900,4.7300,4.4600,4.5500,359487.0000,,Tencent_raw
2026-09-21,300123.SZ,4.5500,4.5700,4.4700,4.5400,177731.0000,,Tencent_raw
2026-09-22,300123.SZ,4.5400,4.6400,4.5200,4.5500,212043.0000,,Tencent_raw
2026-09-23,300123.SZ,4.5000,4.5100,4.3600,4.3700,261948.0000,,Tencent_raw
2026-09-24,300123.SZ,4.3800,4.4300,4.3300,4.3600,143220.0000,,Tencent_raw
2026-09-28,300123.SZ,4.3400,4.3500,4.1600,4.1700,208915.0000,,Tencent_raw
2025-09-01,300147.SZ,11.6300,11.7000,11.1800,11.4600,241565.0000,,Tencent_raw
2025-09-02,300147.SZ,11.3800,11.3900,10.5900,10.6700,307381.0000,,Tencent_raw
2025-09-03,300147.SZ,10.7300,11.3000,10.6100,10.9300,268055.0000,,Tencent_raw
2025-09-04,300147.SZ,10.7400,10.8300,10.0100,10.1800,288600.0000,,Tencent_raw
2025-09-05,300147.SZ,10.3400,11.2800,10.1200,11.2400,305093.0000,,Tencent_raw
2025-09-08,300147.SZ,11.0000,11.4600,10.9000,11.0500,211623.0000,,Tencent_raw
2025-09-09,300147.SZ,11.1300,11.3600,10.8700,10.9200,188022.0000,,Tencent_raw
2025-09-10,300147.SZ,10.9000,11.3500,10.6700,11.1400,211357.0000,,Tencent_raw
2025-09-11,300147.SZ,11.1000,11.2400,10.7500,11.1500,210508.0000,,Tencent_raw
2025-09-12,300147.SZ,11.1100,11.3500,11.0000,11.1500,200867.0000,,Tencent_raw
2025-09-15,300147.SZ,10.9200,10.9500,10.6600,10.6600,201156.0000,,Tencent_raw
2025-09-16,300147.SZ,10.6100,10.7400,10.4500,10.6100,126240.0000,,Tencent_raw
2025-09-17,300147.SZ,10.6000,11.6500,10.4600,11.4900,289152.0000,,Tencent_raw
2025-09-18,300147.SZ,11.2200,11.8400,10.9500,11.1400,290058.0000,,Tencent_raw
2025-09-19,300147.SZ,10.9500,11.3800,10.8400,11.1600,203638.0000,,Tencent_raw
2025-09-22,300147.SZ,11.0200,11.2000,10.9100,10.9600,130609.0000,,Tencent_raw
2025-09-23,300147.SZ,10.9000,11.1100,10.8200,10.9200,125804.0000,,Tencent_raw
2025-09-24,300147.SZ,10.8700,11.4500,10.7400,11.1800,182784.0000,,Tencent_raw
2025-09-25,300147.SZ,11.1100,11.2300,11.0500,11.0800,116577.0000,,Tencent_raw
2025-09-26,300147.SZ,11.0200,11.3600,10.8200,10.9300,184830.0000,,Tencent_raw
2025-09-29,300147.SZ,11.0000,11.1000,10.6000,10.6200,152132.0000,,Tencent_raw
2025-09-30,300147.SZ,10.6200,10.7900,10.2500,10.2500,187226.0000,,Tencent_raw
2025-10-09,300147.SZ,10.5600,10.7700,10.3000,10.4100,151882.0000,,Tencent_raw
2025-10-10,300147.SZ,10.3400,11.3700,10.2800,10.8600,228773.0000,,Tencent_raw
2025-10-13,300147.SZ,10.4100,11.1900,10.4100,11.0000,162331.0000,,Tencent_raw
2025-10-14,300147.SZ,11.0000,11.0200,10.6500,10.7900,145737.0000,,Tencent_raw
2025-10-15,300147.SZ,10.6100,11.1300,10.5800,10.9400,152985.0000,,Tencent_raw
2025-10-16,300147.SZ,10.9500,11.2100,10.7900,10.8100,149310.0000,,Tencent_raw
2025-10-17,300147.SZ,10.8900,11.2000,10.7100,10.9300,179592.0000,,Tencent_raw
2025-10-20,300147.SZ,10.9400,11.1400,10.8500,10.9700,114317.0000,,Tencent_raw
2025-10-21,300147.SZ,10.4700,10.7000,10.3800,10.4900,202134.0000,,Tencent_raw
2025-10-22,300147.SZ,10.5000,10.6300,10.0700,10.1900,179382.0000,,Tencent_raw
2025-10-23,300147.SZ,10.0800,10.2500,9.8900,9.9100,147111.0000,,Tencent_raw
2025-10-24,300147.SZ,9.9500,10.1700,9.8800,9.9900,96117.0000,,Tencent_raw
2025-10-27,300147.SZ,10.0600,10.3800,9.9300,10.2500,132823.0000,,Tencent_raw
2025-10-28,300147.SZ,10.2500,10.2700,10.0200,10.0300,97483.0000,,Tencent_raw
2025-10-29,300147.SZ,9.9800,10.0400,9.6700,9.8000,149834.0000,,Tencent_raw
2025-10-30,300147.SZ,9.7100,9.8100,9.5000,9.5200,107998.0000,,Tencent_raw
2025-10-31,300147.SZ,9.5800,10.4700,9.5000,10.1300,219358.0000,,Tencent_raw
2025-11-03,300147.SZ,10.1700,10.1900,9.8200,9.9700,121657.0000,,Tencent_raw
2025-11-04,300147.SZ,9.9600,9.9900,9.7700,9.8300,76710.0000,,Tencent_raw
2025-11-05,300147.SZ,9.7400,10.1800,9.6900,9.9600,100185.0000,,Tencent_raw
2025-11-06,300147.SZ,9.8900,10.1500,9.8900,9.9600,91314.0000,,Tencent_raw
2025-11-07,300147.SZ,9.8700,9.9400,9.8100,9.8400,70801.0000,,Tencent_raw
2025-11-10,300147.SZ,9.9600,10.1200,9.9000,9.9500,81639.0000,,Tencent_raw
2025-11-11,300147.SZ,9.9400,9.9700,9.8000,9.8200,75105.0000,,Tencent_raw
2025-11-12,300147.SZ,9.8300,10.1900,9.7800,10.0200,150589.0000,,Tencent_raw
2025-11-13,300147.SZ,10.0000,10.1100,9.8600,10.0400,104697.0000,,Tencent_raw
2025-11-14,300147.SZ,9.9400,10.4400,9.9100,10.1400,173361.0000,,Tencent_raw
2025-11-17,300147.SZ,10.0500,10.0600,9.8500,9.8800,122879.0000,,Tencent_raw
2025-11-18,300147.SZ,9.8500,9.9500,9.7500,9.7800,66351.0000,,Tencent_raw
2025-11-19,300147.SZ,9.7400,9.8200,9.5600,9.7000,66168.0000,,Tencent_raw
2025-11-20,300147.SZ,9.7400,9.8600,9.6100,9.7100,65629.0000,,Tencent_raw
2025-11-21,300147.SZ,9.7000,9.7000,9.0200,9.2400,116529.0000,,Tencent_raw
2025-11-24,300147.SZ,9.1400,9.3000,9.1400,9.2600,63673.0000,,Tencent_raw
2025-11-25,300147.SZ,9.3400,9.4400,9.2300,9.3700,58296.0000,,Tencent_raw
2025-11-26,300147.SZ,9.4100,10.2700,9.3400,9.7700,196025.0000,,Tencent_raw
2025-11-27,300147.SZ,9.6200,9.7600,9.4800,9.6400,95517.0000,,Tencent_raw
2025-11-28,300147.SZ,9.6300,9.6500,9.5200,9.6000,66073.0000,,Tencent_raw
2025-12-01,300147.SZ,9.7000,9.9100,9.6100,9.7100,84358.0000,,Tencent_raw
2025-12-02,300147.SZ,9.7400,9.7700,9.5900,9.6300,56708.0000,,Tencent_raw
2025-12-03,300147.SZ,9.5000,9.6900,9.4200,9.5000,73144.0000,,Tencent_raw
2025-12-04,300147.SZ,9.4700,9.5400,9.3000,9.3200,69636.0000,,Tencent_raw
2025-12-05,300147.SZ,9.2500,9.4200,9.1500,9.3800,65707.0000,,Tencent_raw
2025-12-08,300147.SZ,9.3800,9.6300,9.2600,9.5000,94602.0000,,Tencent_raw
2025-12-09,300147.SZ,9.4200,9.7700,9.4200,9.5800,98370.0000,,Tencent_raw
2025-12-10,300147.SZ,9.7000,9.7000,9.4400,9.4800,66284.0000,,Tencent_raw
2025-12-11,300147.SZ,9.4100,9.5300,9.3900,9.4000,51712.0000,,Tencent_raw
2025-12-12,300147.SZ,9.4100,9.4700,9.3100,9.4200,38405.0000,,Tencent_raw
2025-12-15,300147.SZ,9.3700,9.4000,9.1500,9.1500,67510.0000,,Tencent_raw
2025-12-16,300147.SZ,9.0700,9.2100,8.9000,8.9000,71824.0000,,Tencent_raw
2025-12-17,300147.SZ,8.8500,9.1800,8.6800,9.0500,89190.0000,,Tencent_raw
2025-12-18,300147.SZ,9.0000,9.1600,8.9700,9.0000,58166.0000,,Tencent_raw
2025-12-19,300147.SZ,9.0300,9.2300,9.0000,9.2100,65075.0000,,Tencent_raw
2025-12-22,300147.SZ,9.1400,9.8500,9.1000,9.6100,156157.0000,,Tencent_raw
2025-12-23,300147.SZ,9.5800,9.5800,9.3900,9.4900,69408.0000,,Tencent_raw
2025-12-24,300147.SZ,9.7100,9.7900,9.5000,9.5100,88983.0000,,Tencent_raw
2025-12-25,300147.SZ,9.4200,9.5400,9.4200,9.4800,56954.0000,,Tencent_raw
2025-12-26,300147.SZ,9.4700,9.5900,9.2800,9.5000,85484.0000,,Tencent_raw
2025-12-29,300147.SZ,9.4000,9.4700,9.2000,9.2200,70229.0000,,Tencent_raw
2025-12-30,300147.SZ,9.2500,9.3000,9.0600,9.0600,72672.0000,,Tencent_raw
2025-12-31,300147.SZ,9.0800,9.2400,9.0400,9.1000,53739.0000,,Tencent_raw
2026-01-05,300147.SZ,9.1800,9.1800,8.9100,9.0900,96527.0000,,Tencent_raw
2026-01-06,300147.SZ,9.0500,9.1600,9.0100,9.1200,83531.0000,,Tencent_raw
2026-01-07,300147.SZ,9.1200,9.1300,8.9400,8.9700,100292.0000,,Tencent_raw
2026-01-08,300147.SZ,8.8900,9.1000,8.8700,8.9200,117686.0000,,Tencent_raw
2026-01-09,300147.SZ,8.9000,9.2300,8.8800,9.1500,170380.0000,,Tencent_raw
2026-01-12,300147.SZ,9.0000,9.0800,8.9000,8.9800,143703.0000,,Tencent_raw
2026-01-13,300147.SZ,8.9800,9.9000,8.9000,9.4600,312798.0000,,Tencent_raw
2026-01-14,300147.SZ,9.3700,9.5500,9.2300,9.2700,181952.0000,,Tencent_raw
2026-01-15,300147.SZ,9.2300,9.5000,9.1800,9.2900,92961.0000,,Tencent_raw
2026-01-16,300147.SZ,9.1600,9.2500,9.0500,9.2000,108641.0000,,Tencent_raw
2026-01-19,300147.SZ,9.0700,9.1800,9.0200,9.0800,78405.0000,,Tencent_raw
2026-01-20,300147.SZ,9.0800,9.8800,9.0500,9.7200,193852.0000,,Tencent_raw
2026-01-21,300147.SZ,9.6100,10.6900,9.5500,10.0800,273787.0000,,Tencent_raw
2026-01-22,300147.SZ,10.0200,10.2200,9.9000,10.0700,150575.0000,,Tencent_raw
2026-01-23,300147.SZ,10.1000,10.2600,10.0400,10.0900,122274.0000,,Tencent_raw
2026-01-26,300147.SZ,10.0600,10.4500,9.8000,10.1200,178310.0000,,Tencent_raw
2026-01-27,300147.SZ,10.1600,10.2200,9.8300,9.8900,158608.0000,,Tencent_raw
2026-01-28,300147.SZ,9.9300,10.1100,9.6000,9.6300,121285.0000,,Tencent_raw
2026-01-29,300147.SZ,9.5700,9.6900,9.4000,9.4500,93171.0000,,Tencent_raw
2026-01-30,300147.SZ,9.4400,9.6500,9.2300,9.4400,94701.0000,,Tencent_raw
2026-02-02,300147.SZ,9.2300,9.6900,9.2300,9.4400,99832.0000,,Tencent_raw
2026-02-03,300147.SZ,9.4100,9.5100,9.3800,9.4500,59329.0000,,Tencent_raw
2026-02-04,300147.SZ,9.4000,9.4700,9.1700,9.3100,91394.0000,,Tencent_raw
2026-02-05,300147.SZ,9.3600,9.4500,9.2800,9.3300,73113.0000,,Tencent_raw
2026-02-06,300147.SZ,9.6000,9.8800,9.4700,9.5000,138297.0000,,Tencent_raw
2026-02-09,300147.SZ,9.2400,9.6000,9.2400,9.4400,112107.0000,,Tencent_raw
2026-02-10,300147.SZ,9.4400,9.6000,9.3800,9.3900,69569.0000,,Tencent_raw
2026-02-11,300147.SZ,9.4400,9.5800,9.3600,9.3900,59666.0000,,Tencent_raw
2026-02-12,300147.SZ,9.4000,9.5400,9.3500,9.4100,74768.0000,,Tencent_raw
2026-02-13,300147.SZ,9.4500,9.6800,9.4500,9.5600,95919.0000,,Tencent_raw
2026-02-24,300147.SZ,9.7900,9.8900,9.4600,9.4800,106573.0000,,Tencent_raw
2026-02-25,300147.SZ,9.4400,9.8300,9.2800,9.8100,153617.0000,,Tencent_raw
2026-02-26,300147.SZ,9.8400,10.2000,9.7500,9.7700,171890.0000,,Tencent_raw
2026-02-27,300147.SZ,9.7200,10.0500,9.7100,9.8600,94890.0000,,Tencent_raw
2026-03-02,300147.SZ,9.7200,9.7600,9.4700,9.5100,109990.0000,,Tencent_raw
2026-03-03,300147.SZ,9.5500,9.5500,9.2200,9.2600,100040.0000,,Tencent_raw
2026-03-04,300147.SZ,9.2000,9.3600,9.0500,9.2000,63078.0000,,Tencent_raw
2026-03-05,300147.SZ,9.3100,9.4400,9.2800,9.4100,61327.0000,,Tencent_raw
2026-03-06,300147.SZ,9.4400,9.4800,9.3300,9.4500,44445.0000,,Tencent_raw
2026-03-09,300147.SZ,9.5100,9.5400,9.3000,9.3900,61868.0000,,Tencent_raw
2026-03-10,300147.SZ,9.4100,9.6600,9.3600,9.5900,77386.0000,,Tencent_raw
2026-03-11,300147.SZ,9.6100,9.7900,9.6000,9.6500,83467.0000,,Tencent_raw
2026-03-12,300147.SZ,9.7000,9.7300,9.5600,9.6300,59029.0000,,Tencent_raw
2026-03-13,300147.SZ,9.6300,9.6400,9.4300,9.5000,59926.0000,,Tencent_raw
2026-03-16,300147.SZ,9.4200,9.5000,9.3600,9.4600,39843.0000,,Tencent_raw
2026-03-17,300147.SZ,9.5100,9.5400,9.3100,9.3100,53991.0000,,Tencent_raw
2026-03-18,300147.SZ,9.3500,9.3500,9.2000,9.3100,51356.0000,,Tencent_raw
2026-03-19,300147.SZ,9.3100,9.6900,9.2500,9.4000,96574.0000,,Tencent_raw
2026-03-20,300147.SZ,9.4100,9.5100,9.2800,9.3100,61330.0000,,Tencent_raw
2026-03-23,300147.SZ,9.1600,9.2300,8.7100,8.8700,101495.0000,,Tencent_raw
2026-03-24,300147.SZ,9.0000,9.0800,8.9100,9.0600,57406.0000,,Tencent_raw
2026-03-25,300147.SZ,9.1100,9.4500,9.0600,9.3700,64720.0000,,Tencent_raw
2026-03-26,300147.SZ,9.3700,9.4500,9.2100,9.2800,43566.0000,,Tencent_raw
2026-03-27,300147.SZ,9.1700,9.4700,9.1700,9.4200,56083.0000,,Tencent_raw
2026-03-30,300147.SZ,9.2700,9.4200,9.2500,9.4200,53386.0000,,Tencent_raw
2026-03-31,300147.SZ,9.4900,9.7500,9.3600,9.3600,121242.0000,,Tencent_raw
2026-04-01,300147.SZ,9.3900,9.8000,9.3900,9.7500,177240.0000,,Tencent_raw
2026-04-02,300147.SZ,9.7000,9.9800,9.6400,9.7100,143229.0000,,Tencent_raw
2026-04-03,300147.SZ,9.8000,10.1300,9.6500,9.9700,203941.0000,,Tencent_raw
2026-04-07,300147.SZ,9.9500,10.0800,9.7600,9.8100,132771.0000,,Tencent_raw
2026-04-08,300147.SZ,9.9100,9.9900,9.8000,9.9600,114730.0000,,Tencent_raw
2026-04-09,300147.SZ,9.9000,11.1900,9.8200,10.7800,305818.0000,,Tencent_raw
2026-04-10,300147.SZ,10.7900,11.2300,10.7700,10.9900,262439.0000,,Tencent_raw
2026-04-13,300147.SZ,10.7800,10.8000,10.4100,10.6100,157852.0000,,Tencent_raw
2026-04-14,300147.SZ,10.0100,10.0100,9.5200,9.6100,324167.0000,,Tencent_raw
2026-04-15,300147.SZ,9.7000,9.9700,9.5900,9.8400,194439.0000,,Tencent_raw
2026-04-16,300147.SZ,9.7800,9.9800,9.7400,9.7700,122776.0000,,Tencent_raw
2026-04-17,300147.SZ,9.7700,10.4400,9.7300,10.3300,197547.0000,,Tencent_raw
2026-04-20,300147.SZ,10.3300,10.5800,10.2800,10.3200,134136.0000,,Tencent_raw
2026-04-21,300147.SZ,10.2900,10.4500,10.1400,10.1600,125186.0000,,Tencent_raw
2026-04-22,300147.SZ,10.1500,11.0000,9.8800,10.9500,268029.0000,,Tencent_raw
2026-04-23,300147.SZ,10.6300,11.0400,10.0800,10.0800,317786.0000,,Tencent_raw
2026-04-24,300147.SZ,10.1800,10.3900,10.0300,10.0700,137287.0000,,Tencent_raw
2026-04-27,300147.SZ,10.0800,10.0800,9.3800,9.5000,192231.0000,,Tencent_raw
2026-04-28,300147.SZ,9.4800,9.7400,9.2900,9.4100,129431.0000,,Tencent_raw
2026-04-30,300147.SZ,9.4200,10.3700,9.4200,10.0200,275017.0000,,Tencent_raw
2026-05-06,300147.SZ,10.3900,10.8000,10.1600,10.3400,191700.0000,,Tencent_raw
2026-05-07,300147.SZ,10.4400,10.5000,10.2900,10.3500,101456.0000,,Tencent_raw
2026-05-08,300147.SZ,10.5100,10.6900,10.2700,10.5700,122483.0000,,Tencent_raw
2026-05-11,300147.SZ,10.6700,10.7900,10.4800,10.6400,117224.0000,,Tencent_raw
2026-05-12,300147.SZ,10.6900,10.9700,10.5700,10.8800,142532.0000,,Tencent_raw
2026-05-13,300147.SZ,10.7400,10.8900,10.6200,10.6900,143185.0000,,Tencent_raw
2026-05-14,300147.SZ,10.8800,11.1800,10.8000,10.8600,134584.0000,,Tencent_raw
2026-05-15,300147.SZ,10.7800,10.9300,10.5700,10.6600,104005.0000,,Tencent_raw
2026-05-18,300147.SZ,10.6600,10.7500,9.9800,10.1100,157699.0000,,Tencent_raw
2026-05-19,300147.SZ,10.0800,10.2600,9.9900,10.1300,76813.0000,,Tencent_raw
2026-05-20,300147.SZ,10.3000,10.9000,10.1900,10.2000,128053.0000,,Tencent_raw
2026-05-21,300147.SZ,10.0500,10.1800,10.0000,10.0100,90462.0000,,Tencent_raw
2026-05-22,300147.SZ,10.0200,10.1800,9.9300,10.0900,78068.0000,,Tencent_raw
2026-05-25,300147.SZ,10.0900,10.1800,9.7000,9.7500,109711.0000,,Tencent_raw
2026-05-26,300147.SZ,9.7500,10.5200,9.6000,10.1700,138000.0000,,Tencent_raw
2026-05-27,300147.SZ,10.0000,10.1000,9.7500,9.8400,89773.0000,,Tencent_raw
2026-05-28,300147.SZ,9.8300,9.9200,9.7000,9.8200,58511.0000,,Tencent_raw
2026-05-29,300147.SZ,9.8300,10.2000,9.7200,9.9200,92859.0000,,Tencent_raw
2026-06-01,300147.SZ,9.8000,9.8900,9.7100,9.8000,65000.0000,,Tencent_raw
2026-06-02,300147.SZ,9.8000,10.1500,9.7300,10.0300,90986.0000,,Tencent_raw
2026-06-03,300147.SZ,9.9200,10.0800,9.8900,9.9300,62345.0000,,Tencent_raw
2026-06-04,300147.SZ,9.9000,9.9300,9.6300,9.6700,69194.0000,,Tencent_raw
2026-06-05,300147.SZ,9.6700,9.8600,9.5800,9.6700,63303.0000,,Tencent_raw
2026-06-08,300147.SZ,9.4400,9.6400,9.3900,9.4300,71782.0000,,Tencent_raw
2026-06-09,300147.SZ,9.5500,9.5700,9.3000,9.4300,56845.0000,,Tencent_raw
2026-06-10,300147.SZ,9.4300,9.7900,9.2600,9.5800,96921.0000,,Tencent_raw
2026-06-11,300147.SZ,9.4200,9.6000,9.3500,9.3500,59534.0000,,Tencent_raw
2026-06-12,300147.SZ,9.3400,9.6400,9.3100,9.4800,64419.0000,,Tencent_raw
2026-06-15,300147.SZ,9.4300,9.5800,9.4200,9.5000,62632.0000,,Tencent_raw
2026-06-16,300147.SZ,9.4200,9.5000,9.3200,9.3500,63524.0000,,Tencent_raw
2026-06-17,300147.SZ,9.3000,9.4400,9.0300,9.0800,96742.0000,,Tencent_raw
2026-06-18,300147.SZ,9.1200,10.0000,9.0400,9.9000,141540.0000,,Tencent_raw
2026-06-22,300147.SZ,9.6400,9.6400,9.3900,9.4500,92044.0000,,Tencent_raw
2026-06-23,300147.SZ,9.4500,9.9600,9.4200,9.6900,97884.0000,,Tencent_raw
2026-06-24,300147.SZ,9.5700,9.8400,9.5100,9.5700,76133.0000,,Tencent_raw
2026-06-25,300147.SZ,9.5000,9.9600,9.4200,9.8700,132201.0000,,Tencent_raw
2026-06-26,300147.SZ,9.8700,10.1500,9.8000,9.8700,109392.0000,,Tencent_raw
2026-06-29,300147.SZ,9.6900,10.1200,9.6000,9.8000,120373.0000,,Tencent_raw
2026-06-30,300147.SZ,9.7000,9.7800,9.4200,9.5100,92614.0000,,Tencent_raw
2026-07-01,300147.SZ,9.5300,9.5800,9.3000,9.4800,96745.0000,,Tencent_raw
2026-07-02,300147.SZ,9.4600,9.5900,9.3500,9.3900,76912.0000,,Tencent_raw
2026-07-03,300147.SZ,9.4000,9.5300,9.3700,9.4000,58693.0000,,Tencent_raw
2026-07-06,300147.SZ,10.0000,10.5000,9.5000,9.6000,234939.0000,,Tencent_raw
2026-07-07,300147.SZ,9.4200,9.5500,9.1300,9.2700,107706.0000,,Tencent_raw
2026-07-08,300147.SZ,9.2500,9.5000,9.1100,9.3600,82368.0000,,Tencent_raw
2026-07-09,300147.SZ,9.3400,9.3400,9.1600,9.2400,66854.0000,,Tencent_raw
2026-07-10,300147.SZ,9.2000,9.4700,9.1600,9.1700,84728.0000,,Tencent_raw
2026-07-13,300147.SZ,8.8500,8.8500,7.3400,7.3400,348392.0000,,Tencent_raw
2026-07-14,300147.SZ,7.0900,7.2300,5.9000,7.2200,379160.0000,,Tencent_raw
2026-07-15,300147.SZ,6.5000,7.3600,6.5000,6.9400,218033.0000,,Tencent_raw
2026-07-16,300147.SZ,6.7500,7.1500,6.6200,6.8200,160291.0000,,Tencent_raw
2026-07-17,300147.SZ,6.8800,6.9900,6.4100,6.4200,128307.0000,,Tencent_raw
2026-07-20,300147.SZ,6.4100,7.0600,6.3900,6.8200,181221.0000,,Tencent_raw
2026-07-21,300147.SZ,6.7200,6.8700,6.4000,6.6400,120351.0000,,Tencent_raw
2026-07-22,300147.SZ,6.6700,6.8100,6.5100,6.5800,77756.0000,,Tencent_raw
2026-07-23,300147.SZ,6.5800,6.5800,6.4100,6.4200,82094.0000,,Tencent_raw
2026-07-24,300147.SZ,6.0400,6.4700,6.0400,6.3400,90578.0000,,Tencent_raw
2026-07-27,300147.SZ,6.2300,6.5300,6.2300,6.4400,92335.0000,,Tencent_raw
2026-07-28,300147.SZ,6.3800,6.4700,6.2800,6.2900,76268.0000,,Tencent_raw
2026-07-29,300147.SZ,6.2700,6.3200,6.1600,6.2600,71093.0000,,Tencent_raw
2026-07-30,300147.SZ,6.2000,6.6900,6.1900,6.3800,134026.0000,,Tencent_raw
2026-07-31,300147.SZ,6.3700,7.1400,6.3100,6.9800,186450.0000,,Tencent_raw
2026-08-03,300147.SZ,6.8000,6.9000,6.7100,6.7500,111651.0000,,Tencent_raw
2026-08-04,300147.SZ,6.7600,6.9500,6.7600,6.8000,77113.0000,,Tencent_raw
2026-08-05,300147.SZ,6.7700,7.4500,6.7600,7.2600,153545.0000,,Tencent_raw
2026-08-06,300147.SZ,7.1200,7.7900,7.1100,7.6100,157231.0000,,Tencent_raw
2026-08-07,300147.SZ,7.6100,8.1000,7.5700,7.8000,160319.0000,,Tencent_raw
2026-08-10,300147.SZ,7.6300,7.8300,7.6000,7.6100,91156.0000,,Tencent_raw
2026-08-11,300147.SZ,7.5800,7.7900,7.5500,7.5600,70330.0000,,Tencent_raw
2026-08-12,300147.SZ,7.5800,7.6100,7.3500,7.3900,81601.0000,,Tencent_raw
2026-08-13,300147.SZ,7.3900,7.6700,7.3200,7.4500,90362.0000,,Tencent_raw
2026-08-14,300147.SZ,7.5000,7.6700,7.4300,7.5300,73347.0000,,Tencent_raw
2026-08-17,300147.SZ,7.2600,7.3700,6.9200,7.2400,110228.0000,,Tencent_raw
2026-08-18,300147.SZ,7.2000,7.4200,7.0000,7.1900,110043.0000,,Tencent_raw
2026-08-19,300147.SZ,7.1000,7.1800,6.9300,6.9300,72839.0000,,Tencent_raw
2026-08-20,300147.SZ,7.1400,7.2300,7.0300,7.0900,89832.0000,,Tencent_raw
2026-08-21,300147.SZ,7.0000,7.0800,6.8700,6.8800,78730.0000,,Tencent_raw
2026-08-24,300147.SZ,6.8800,7.0100,6.6800,6.7100,65601.0000,,Tencent_raw
2026-08-25,300147.SZ,6.8000,6.8000,6.6000,6.6900,66480.0000,,Tencent_raw
2026-08-26,300147.SZ,6.6300,6.8700,6.4000,6.7000,98187.0000,,Tencent_raw
2026-08-27,300147.SZ,6.6400,6.7400,6.5500,6.6800,77936.0000,,Tencent_raw
2026-08-28,300147.SZ,6.6800,6.7100,6.5800,6.5900,79577.0000,,Tencent_raw
2026-08-31,300147.SZ,6.5100,6.5100,6.0500,6.2700,132912.0000,,Tencent_raw
2026-09-01,300147.SZ,6.2500,6.3900,6.2100,6.2500,75070.0000,,Tencent_raw
2026-09-02,300147.SZ,6.2600,6.4300,6.1600,6.2800,95417.0000,,Tencent_raw
2026-09-03,300147.SZ,6.2600,6.3600,6.2200,6.2900,62035.0000,,Tencent_raw
2026-09-04,300147.SZ,6.3300,6.6800,6.2700,6.5600,174564.0000,,Tencent_raw
2026-09-07,300147.SZ,6.5600,6.5700,6.3200,6.3600,116813.0000,,Tencent_raw
2026-09-08,300147.SZ,6.3600,6.5100,6.3000,6.4600,80998.0000,,Tencent_raw
2026-09-09,300147.SZ,6.4300,6.9700,6.4200,6.7500,166420.0000,,Tencent_raw
2026-09-10,300147.SZ,6.7300,6.8500,6.5700,6.6100,91357.0000,,Tencent_raw
2026-09-11,300147.SZ,6.6000,6.6800,6.4100,6.4300,83031.0000,,Tencent_raw
2026-09-14,300147.SZ,6.3100,6.4700,6.2500,6.3400,87371.0000,,Tencent_raw
2026-09-15,300147.SZ,6.3500,6.5600,6.2700,6.3600,77226.0000,,Tencent_raw
2026-09-16,300147.SZ,6.3600,6.4200,6.2600,6.3700,58581.0000,,Tencent_raw
2026-09-17,300147.SZ,6.4000,6.5700,6.3800,6.4600,70511.0000,,Tencent_raw
2026-09-18,300147.SZ,6.4700,6.6000,6.4300,6.5300,81223.0000,,Tencent_raw
2026-09-21,300147.SZ,6.5200,6.6000,6.4800,6.5400,84359.0000,,Tencent_raw
2026-09-22,300147.SZ,6.4500,6.6400,6.4200,6.5600,96213.0000,,Tencent_raw
2026-09-23,300147.SZ,6.5500,6.5500,6.2500,6.3300,123185.0000,,Tencent_raw
2026-09-24,300147.SZ,6.2600,6.3400,5.5500,5.6200,166653.0000,,Tencent_raw
2026-09-28,300147.SZ,5.4700,5.4700,5.0300,5.2000,196309.0000,,Tencent_raw
2025-09-01,300198.SZ,2.4200,2.4300,2.3800,2.4100,189414.0000,,Tencent_raw
2025-09-02,300198.SZ,2.4100,2.4100,2.3500,2.3700,208023.0000,,Tencent_raw
2025-09-03,300198.SZ,2.3700,2.3800,2.3300,2.3600,147975.0000,,Tencent_raw
2025-09-04,300198.SZ,2.3500,2.3700,2.3200,2.3300,149100.0000,,Tencent_raw
2025-09-05,300198.SZ,2.3300,2.3400,2.3100,2.3400,158926.0000,,Tencent_raw
2025-09-08,300198.SZ,2.3400,2.3800,2.3300,2.3600,175537.0000,,Tencent_raw
2025-09-09,300198.SZ,2.3500,2.3700,2.3400,2.3600,131030.0000,,Tencent_raw
2025-09-10,300198.SZ,2.3500,2.4000,2.3400,2.3900,197401.0000,,Tencent_raw
2025-09-11,300198.SZ,2.3700,2.3800,2.3300,2.3600,209858.0000,,Tencent_raw
2025-09-12,300198.SZ,2.3500,2.3700,2.3400,2.3600,160426.0000,,Tencent_raw
2025-09-15,300198.SZ,2.3600,2.3600,2.3200,2.3300,165428.0000,,Tencent_raw
2025-09-16,300198.SZ,2.3300,2.3300,2.3100,2.3300,132012.0000,,Tencent_raw
2025-09-17,300198.SZ,2.3300,2.3300,2.3000,2.3000,152906.0000,,Tencent_raw
2025-09-18,300198.SZ,2.3000,2.3100,2.2100,2.2300,268644.0000,,Tencent_raw
2025-09-19,300198.SZ,2.2300,2.4800,2.1800,2.4300,497892.0000,,Tencent_raw
2025-09-22,300198.SZ,2.3500,2.3900,2.3100,2.3400,252429.0000,,Tencent_raw
2025-09-23,300198.SZ,2.3500,2.3700,2.2600,2.3100,174892.0000,,Tencent_raw
2025-09-24,300198.SZ,2.3000,2.3100,2.2600,2.3000,106563.0000,,Tencent_raw
2025-09-25,300198.SZ,2.2900,2.3200,2.2800,2.3000,118815.0000,,Tencent_raw
2025-09-26,300198.SZ,2.2900,2.3200,2.2700,2.3000,121254.0000,,Tencent_raw
2025-09-29,300198.SZ,2.2900,2.3000,2.2500,2.2800,140091.0000,,Tencent_raw
2025-09-30,300198.SZ,2.2800,2.3000,2.2700,2.2900,100108.0000,,Tencent_raw
2025-10-09,300198.SZ,2.2900,2.2900,2.2300,2.2400,204017.0000,,Tencent_raw
2025-10-10,300198.SZ,2.2500,2.2800,2.2300,2.2600,133236.0000,,Tencent_raw
2025-10-13,300198.SZ,2.2200,2.2200,2.1300,2.2000,153332.0000,,Tencent_raw
2025-10-14,300198.SZ,2.1900,2.2300,2.1800,2.1900,99036.0000,,Tencent_raw
2025-10-15,300198.SZ,2.1900,2.1900,2.1600,2.1800,108530.0000,,Tencent_raw
2025-10-16,300198.SZ,2.1900,2.3000,2.1700,2.2300,199963.0000,,Tencent_raw
2025-10-17,300198.SZ,2.2100,2.2300,2.1700,2.1700,133974.0000,,Tencent_raw
2025-10-20,300198.SZ,2.1800,2.2000,2.1600,2.2000,97855.0000,,Tencent_raw
2025-10-21,300198.SZ,2.2000,2.2500,2.1800,2.2400,121339.0000,,Tencent_raw
2025-10-22,300198.SZ,2.2400,2.3200,2.2300,2.2700,151004.0000,,Tencent_raw
2025-10-23,300198.SZ,2.2500,2.2600,2.2100,2.2300,117738.0000,,Tencent_raw
2025-10-24,300198.SZ,2.2500,2.2800,2.2100,2.2700,169826.0000,,Tencent_raw
2025-10-27,300198.SZ,2.2600,2.3000,2.2300,2.2600,143952.0000,,Tencent_raw
2025-10-28,300198.SZ,2.2600,2.3800,2.2400,2.3200,297365.0000,,Tencent_raw
2025-10-29,300198.SZ,2.3200,2.3200,2.2700,2.2700,184062.0000,,Tencent_raw
2025-10-30,300198.SZ,2.2600,2.2900,2.2400,2.2400,139316.0000,,Tencent_raw
2025-10-31,300198.SZ,2.2400,2.2600,2.2300,2.2500,101547.0000,,Tencent_raw
2025-11-03,300198.SZ,2.2300,2.2800,2.2100,2.2600,213265.0000,,Tencent_raw
2025-11-04,300198.SZ,2.2500,2.3600,2.2400,2.3200,303899.0000,,Tencent_raw
2025-11-05,300198.SZ,2.2900,2.3600,2.2700,2.3100,240930.0000,,Tencent_raw
2025-11-06,300198.SZ,2.3100,2.3200,2.2800,2.2900,160328.0000,,Tencent_raw
2025-11-07,300198.SZ,2.2800,2.3300,2.2600,2.3200,169880.0000,,Tencent_raw
2025-11-10,300198.SZ,2.3100,2.3800,2.3100,2.3800,247230.0000,,Tencent_raw
2025-11-11,300198.SZ,2.3700,2.5400,2.3600,2.4900,633057.0000,,Tencent_raw
2025-11-12,300198.SZ,2.5000,2.5800,2.4600,2.5000,445598.0000,,Tencent_raw
2025-11-13,300198.SZ,2.5100,2.7000,2.4800,2.6000,593353.0000,,Tencent_raw
2025-11-14,300198.SZ,2.6000,2.7400,2.5900,2.6500,546860.0000,,Tencent_raw
2025-11-17,300198.SZ,2.6600,3.0000,2.6600,2.9600,801517.0000,,Tencent_raw
2025-11-18,300198.SZ,3.0000,3.0000,2.7200,2.7400,787395.0000,,Tencent_raw
2025-11-19,300198.SZ,2.6900,2.7900,2.5600,2.5900,521580.0000,,Tencent_raw
2025-11-20,300198.SZ,2.5900,2.7600,2.4700,2.6000,505177.0000,,Tencent_raw
2025-11-21,300198.SZ,2.5500,2.7000,2.4600,2.4700,462995.0000,,Tencent_raw
2025-11-24,300198.SZ,2.4800,2.5400,2.4100,2.4400,315789.0000,,Tencent_raw
2025-11-25,300198.SZ,2.4500,2.5200,2.4500,2.4900,240253.0000,,Tencent_raw
2025-11-26,300198.SZ,2.4800,2.6800,2.4800,2.6400,390085.0000,,Tencent_raw
2025-11-27,300198.SZ,2.6100,2.6300,2.5400,2.5600,249044.0000,,Tencent_raw
2025-11-28,300198.SZ,2.5500,2.6300,2.5400,2.6000,209208.0000,,Tencent_raw
2025-12-01,300198.SZ,2.5800,2.6300,2.5400,2.5500,259099.0000,,Tencent_raw
2025-12-02,300198.SZ,2.5400,2.5600,2.4700,2.5300,211264.0000,,Tencent_raw
2025-12-03,300198.SZ,2.5300,2.5500,2.4500,2.4800,177812.0000,,Tencent_raw
2025-12-04,300198.SZ,2.4700,2.5200,2.4400,2.4800,157620.0000,,Tencent_raw
2025-12-05,300198.SZ,2.4700,2.4900,2.4200,2.4900,166666.0000,,Tencent_raw
2025-12-08,300198.SZ,2.4800,2.5600,2.4800,2.5200,176575.0000,,Tencent_raw
2025-12-09,300198.SZ,2.5000,2.6900,2.5000,2.6400,371441.0000,,Tencent_raw
2025-12-10,300198.SZ,2.6100,2.6400,2.5600,2.6200,212554.0000,,Tencent_raw
2025-12-11,300198.SZ,2.6300,2.6700,2.5400,2.5400,178796.0000,,Tencent_raw
2025-12-12,300198.SZ,2.5700,2.6300,2.5400,2.5600,178543.0000,,Tencent_raw
2025-12-15,300198.SZ,2.5400,2.5500,2.4700,2.4800,187179.0000,,Tencent_raw
2025-12-16,300198.SZ,2.5500,2.6600,2.5200,2.5300,278559.0000,,Tencent_raw
2025-12-17,300198.SZ,2.4900,2.5400,2.4700,2.5200,166090.0000,,Tencent_raw
2025-12-18,300198.SZ,2.5000,2.5500,2.4800,2.5100,113802.0000,,Tencent_raw
2025-12-19,300198.SZ,2.5300,2.5300,2.5000,2.5200,116404.0000,,Tencent_raw
2025-12-22,300198.SZ,2.5100,2.5600,2.4900,2.5200,152334.0000,,Tencent_raw
2025-12-23,300198.SZ,2.5200,2.5300,2.4700,2.4800,126525.0000,,Tencent_raw
2025-12-24,300198.SZ,2.4800,2.5100,2.4800,2.4800,106490.0000,,Tencent_raw
2025-12-25,300198.SZ,2.4900,2.4900,2.4500,2.4600,144968.0000,,Tencent_raw
2025-12-26,300198.SZ,2.4700,2.4800,2.4500,2.4700,117738.0000,,Tencent_raw
2025-12-29,300198.SZ,2.4700,2.5500,2.4600,2.5500,240342.0000,,Tencent_raw
2025-12-30,300198.SZ,2.5700,2.5900,2.5100,2.5400,179748.0000,,Tencent_raw
2025-12-31,300198.SZ,2.5200,2.5700,2.5100,2.5600,118058.0000,,Tencent_raw
2026-01-05,300198.SZ,2.5500,2.5800,2.5300,2.5500,166581.0000,,Tencent_raw
2026-01-06,300198.SZ,2.5600,2.6600,2.5500,2.6000,270045.0000,,Tencent_raw
2026-01-07,300198.SZ,2.5900,2.5900,2.5400,2.5500,183591.0000,,Tencent_raw
2026-01-08,300198.SZ,2.5600,2.5700,2.5200,2.5600,158153.0000,,Tencent_raw
2026-01-09,300198.SZ,2.5600,2.5700,2.5300,2.5700,162590.0000,,Tencent_raw
2026-01-12,300198.SZ,2.5900,2.6700,2.5900,2.6500,349747.0000,,Tencent_raw
2026-01-13,300198.SZ,2.6500,2.7400,2.6300,2.6400,318211.0000,,Tencent_raw
2026-01-14,300198.SZ,2.6400,2.7000,2.5300,2.6100,306708.0000,,Tencent_raw
2026-01-15,300198.SZ,2.6400,2.6800,2.5300,2.5400,317165.0000,,Tencent_raw
2026-01-16,300198.SZ,2.5400,2.5700,2.4600,2.5200,239842.0000,,Tencent_raw
2026-01-19,300198.SZ,2.5100,2.5400,2.4900,2.5300,162880.0000,,Tencent_raw
2026-01-20,300198.SZ,2.5300,2.6000,2.5100,2.5900,226286.0000,,Tencent_raw
2026-01-21,300198.SZ,2.6000,2.6500,2.5700,2.6400,193000.0000,,Tencent_raw
2026-01-22,300198.SZ,2.6500,2.6900,2.6100,2.6200,207545.0000,,Tencent_raw
2026-01-23,300198.SZ,2.6400,2.6600,2.6200,2.6500,199409.0000,,Tencent_raw
2026-01-26,300198.SZ,2.6600,2.9300,2.6600,2.8400,552134.0000,,Tencent_raw
2026-01-27,300198.SZ,2.8900,3.0300,2.7300,2.8500,588427.0000,,Tencent_raw
2026-01-28,300198.SZ,2.8600,2.9100,2.7400,2.8900,471448.0000,,Tencent_raw
2026-01-29,300198.SZ,3.0100,3.0300,2.8300,2.9200,583658.0000,,Tencent_raw
2026-01-30,300198.SZ,2.8700,2.8800,2.7900,2.7900,316738.0000,,Tencent_raw
2026-02-02,300198.SZ,2.7400,2.8200,2.7000,2.7200,227064.0000,,Tencent_raw
2026-02-03,300198.SZ,2.7200,2.7500,2.6800,2.7500,185391.0000,,Tencent_raw
2026-02-04,300198.SZ,2.7300,2.8000,2.7000,2.7700,184511.0000,,Tencent_raw
2026-02-05,300198.SZ,2.7700,2.8000,2.7400,2.7800,178301.0000,,Tencent_raw
2026-02-06,300198.SZ,2.7600,2.7900,2.7400,2.7800,117856.0000,,Tencent_raw
2026-02-09,300198.SZ,2.7700,2.8400,2.7600,2.8200,168699.0000,,Tencent_raw
2026-02-10,300198.SZ,2.8300,2.8300,2.7700,2.7700,155907.0000,,Tencent_raw
2026-02-11,300198.SZ,2.7900,2.8500,2.7500,2.8200,213890.0000,,Tencent_raw
2026-02-12,300198.SZ,2.8200,2.8500,2.7800,2.7800,187623.0000,,Tencent_raw
2026-02-13,300198.SZ,2.8000,2.9900,2.7900,2.9100,348101.0000,,Tencent_raw
2026-02-24,300198.SZ,2.8900,2.8900,2.8200,2.8400,249150.0000,,Tencent_raw
2026-02-25,300198.SZ,2.8400,2.8600,2.8200,2.8600,176428.0000,,Tencent_raw
2026-02-26,300198.SZ,2.8500,2.8500,2.7700,2.7700,231227.0000,,Tencent_raw
2026-02-27,300198.SZ,2.7900,2.8200,2.7800,2.8000,118910.0000,,Tencent_raw
2026-03-02,300198.SZ,2.7700,2.7800,2.7100,2.7200,227935.0000,,Tencent_raw
2026-03-03,300198.SZ,2.7200,2.7500,2.6000,2.6200,201025.0000,,Tencent_raw
2026-03-04,300198.SZ,2.6000,2.6500,2.5600,2.5800,184565.0000,,Tencent_raw
2026-03-05,300198.SZ,2.6000,2.6400,2.6000,2.6300,144606.0000,,Tencent_raw
2026-03-06,300198.SZ,2.6100,2.6900,2.6000,2.6800,122586.0000,,Tencent_raw
2026-03-09,300198.SZ,2.6600,2.6700,2.5900,2.6000,165090.0000,,Tencent_raw
2026-03-10,300198.SZ,2.6100,2.6600,2.6100,2.6200,92079.0000,,Tencent_raw
2026-03-11,300198.SZ,2.6200,2.6300,2.5900,2.6100,115951.0000,,Tencent_raw
2026-03-12,300198.SZ,2.6100,2.6100,2.5500,2.5800,152755.0000,,Tencent_raw
2026-03-13,300198.SZ,2.6600,2.7700,2.6500,2.6800,271823.0000,,Tencent_raw
2026-03-16,300198.SZ,2.7600,2.9800,2.7100,2.9400,661327.0000,,Tencent_raw
2026-03-17,300198.SZ,2.8800,2.9700,2.7900,2.8200,546304.0000,,Tencent_raw
2026-03-18,300198.SZ,2.7800,2.8500,2.7600,2.8100,256899.0000,,Tencent_raw
2026-03-19,300198.SZ,2.7700,2.7700,2.6700,2.7100,303326.0000,,Tencent_raw
2026-03-20,300198.SZ,2.7100,2.8200,2.6900,2.7000,255893.0000,,Tencent_raw
2026-03-23,300198.SZ,2.6500,2.6900,2.6000,2.6200,244123.0000,,Tencent_raw
2026-03-24,300198.SZ,2.6500,2.6900,2.5700,2.6800,168264.0000,,Tencent_raw
2026-03-25,300198.SZ,2.6600,2.7500,2.6600,2.7400,155914.0000,,Tencent_raw
2026-03-26,300198.SZ,2.7300,2.7700,2.6900,2.7300,130212.0000,,Tencent_raw
2026-03-27,300198.SZ,2.6900,2.7900,2.6800,2.7800,169665.0000,,Tencent_raw
2026-03-30,300198.SZ,2.7700,2.8100,2.7200,2.7500,168040.0000,,Tencent_raw
2026-03-31,300198.SZ,2.7300,2.7600,2.6500,2.6500,155074.0000,,Tencent_raw
2026-04-01,300198.SZ,2.6600,2.7000,2.6500,2.6700,94911.0000,,Tencent_raw
2026-04-02,300198.SZ,2.6600,2.6700,2.6100,2.6200,119392.0000,,Tencent_raw
2026-04-03,300198.SZ,2.5900,2.6000,2.5500,2.5500,124115.0000,,Tencent_raw
2026-04-07,300198.SZ,2.5300,2.5700,2.4900,2.5100,132979.0000,,Tencent_raw
2026-04-08,300198.SZ,2.5300,2.5700,2.5300,2.5700,154873.0000,,Tencent_raw
2026-04-09,300198.SZ,2.5500,2.5500,2.5000,2.5000,130456.0000,,Tencent_raw
2026-04-10,300198.SZ,2.5200,2.6000,2.5100,2.5700,142929.0000,,Tencent_raw
2026-04-13,300198.SZ,2.5700,2.6000,2.5500,2.5800,118563.0000,,Tencent_raw
2026-04-14,300198.SZ,2.5800,2.6000,2.5600,2.5800,113829.0000,,Tencent_raw
2026-04-15,300198.SZ,2.5700,2.6600,2.5600,2.6200,137216.0000,,Tencent_raw
2026-04-16,300198.SZ,2.6100,2.6400,2.5900,2.6300,102446.0000,,Tencent_raw
2026-04-17,300198.SZ,2.6200,2.6300,2.5600,2.5800,98072.0000,,Tencent_raw
2026-04-20,300198.SZ,2.5800,2.5800,2.5300,2.5400,104800.0000,,Tencent_raw
2026-04-21,300198.SZ,2.5400,2.5500,2.5000,2.5100,83669.0000,,Tencent_raw
2026-04-22,300198.SZ,2.5200,2.5800,2.4900,2.5300,150632.0000,,Tencent_raw
2026-04-23,300198.SZ,2.5100,2.5300,2.4700,2.4700,130276.0000,,Tencent_raw
2026-04-24,300198.SZ,2.4700,2.5000,2.4500,2.4700,117577.0000,,Tencent_raw
2026-04-27,300198.SZ,2.4600,2.5100,2.4600,2.4700,132515.0000,,Tencent_raw
2026-04-29,300198.SZ,2.4500,2.5800,2.4100,2.5100,273184.0000,,Tencent_raw
2026-04-30,300198.SZ,2.4800,2.5600,2.4600,2.5500,167307.0000,,Tencent_raw
2026-05-06,300198.SZ,2.5500,2.5500,2.5000,2.5200,179563.0000,,Tencent_raw
2026-05-07,300198.SZ,2.5100,2.5200,2.4900,2.4900,125240.0000,,Tencent_raw
2026-05-08,300198.SZ,2.4900,2.4900,2.4600,2.4800,143155.0000,,Tencent_raw
2026-05-11,300198.SZ,2.4700,2.5100,2.4500,2.4800,168973.0000,,Tencent_raw
2026-05-12,300198.SZ,2.4600,2.4600,2.3500,2.3700,315744.0000,,Tencent_raw
2026-05-13,300198.SZ,2.3600,2.4600,2.3400,2.4200,170828.0000,,Tencent_raw
2026-05-14,300198.SZ,2.4400,2.5200,2.3900,2.4400,217808.0000,,Tencent_raw
2026-05-15,300198.SZ,2.4400,2.5000,2.4200,2.4900,142771.0000,,Tencent_raw
2026-05-18,300198.SZ,2.4700,2.4900,2.4100,2.4200,146615.0000,,Tencent_raw
2026-05-19,300198.SZ,2.4200,2.4500,2.4000,2.4400,91817.0000,,Tencent_raw
2026-05-20,300198.SZ,2.4300,2.4400,2.3800,2.3900,98341.0000,,Tencent_raw
2026-05-21,300198.SZ,2.4000,2.4000,2.3200,2.3200,129560.0000,,Tencent_raw
2026-05-22,300198.SZ,2.3400,2.4000,2.3200,2.3700,100000.0000,,Tencent_raw
2026-05-25,300198.SZ,2.3700,2.4200,2.3500,2.3600,89813.0000,,Tencent_raw
2026-05-26,300198.SZ,2.3600,2.3600,2.2500,2.3200,150040.0000,,Tencent_raw
2026-05-27,300198.SZ,2.3100,2.3100,2.1900,2.2000,197905.0000,,Tencent_raw
2026-05-28,300198.SZ,2.2000,2.2500,2.2000,2.2300,149670.0000,,Tencent_raw
2026-05-29,300198.SZ,2.2400,2.3600,2.2300,2.2800,174957.0000,,Tencent_raw
2026-06-01,300198.SZ,2.3000,2.3600,2.2600,2.3400,105798.0000,,Tencent_raw
2026-06-02,300198.SZ,2.3400,2.3500,2.2700,2.2900,113138.0000,,Tencent_raw
2026-06-03,300198.SZ,2.2900,2.2900,2.2500,2.2600,82401.0000,,Tencent_raw
2026-06-04,300198.SZ,2.2700,2.7100,2.2700,2.5400,535960.0000,,Tencent_raw
2026-06-05,300198.SZ,2.4500,2.4900,2.3700,2.4200,273475.0000,,Tencent_raw
2026-06-08,300198.SZ,2.3500,2.5800,2.3100,2.4600,290972.0000,,Tencent_raw
2026-06-09,300198.SZ,2.4400,2.4800,2.4000,2.4100,136114.0000,,Tencent_raw
2026-06-10,300198.SZ,2.3800,2.5100,2.3700,2.4400,145246.0000,,Tencent_raw
2026-06-11,300198.SZ,2.4300,2.4700,2.3800,2.3900,144859.0000,,Tencent_raw
2026-06-12,300198.SZ,2.4200,2.4500,2.3900,2.4300,100681.0000,,Tencent_raw
2026-06-15,300198.SZ,2.4200,2.5000,2.4200,2.4300,119941.0000,,Tencent_raw
2026-06-16,300198.SZ,2.4500,2.4500,2.3700,2.3800,126760.0000,,Tencent_raw
2026-06-17,300198.SZ,2.3800,2.4200,2.3500,2.3500,108833.0000,,Tencent_raw
2026-06-18,300198.SZ,2.3600,2.4100,2.3200,2.3300,110469.0000,,Tencent_raw
2026-06-22,300198.SZ,2.3300,2.3400,2.2100,2.2800,162094.0000,,Tencent_raw
2026-06-23,300198.SZ,2.2800,2.3200,2.2500,2.2700,97133.0000,,Tencent_raw
2026-06-24,300198.SZ,2.2700,2.2900,2.2400,2.2500,87267.0000,,Tencent_raw
2026-06-25,300198.SZ,2.2600,2.2700,2.2000,2.2000,96212.0000,,Tencent_raw
2026-06-26,300198.SZ,2.2000,2.2700,2.2000,2.2100,104379.0000,,Tencent_raw
2026-06-29,300198.SZ,2.2100,2.2200,2.0600,2.1200,141989.0000,,Tencent_raw
2026-06-30,300198.SZ,2.0700,2.1600,2.0700,2.1300,74541.0000,,Tencent_raw
2026-07-01,300198.SZ,2.1400,2.2600,2.1300,2.2200,104292.0000,,Tencent_raw
2026-07-02,300198.SZ,2.2100,2.2600,2.2000,2.2100,92467.0000,,Tencent_raw
2026-07-03,300198.SZ,2.2100,2.2700,2.2000,2.2400,84640.0000,,Tencent_raw
2026-07-06,300198.SZ,2.2300,2.3500,2.2200,2.2700,123654.0000,,Tencent_raw
2026-07-07,300198.SZ,2.2900,2.2900,2.1800,2.1800,86088.0000,,Tencent_raw
2026-07-08,300198.SZ,2.1600,2.2000,2.1300,2.1700,64807.0000,,Tencent_raw
2026-07-09,300198.SZ,2.1700,2.1800,2.1300,2.1600,55495.0000,,Tencent_raw
2026-07-10,300198.SZ,2.1500,2.2000,2.1300,2.1800,74315.0000,,Tencent_raw
2026-07-13,300198.SZ,2.1700,2.1700,2.0700,2.1000,82494.0000,,Tencent_raw
2026-07-14,300198.SZ,2.0700,2.0900,2.0300,2.0800,96868.0000,,Tencent_raw
2026-07-15,300198.SZ,2.0600,2.0900,2.0400,2.0600,82028.0000,,Tencent_raw
2026-07-16,300198.SZ,2.0600,2.0900,2.0300,2.0600,71448.0000,,Tencent_raw
2026-07-17,300198.SZ,2.0500,2.0900,2.0000,2.0400,96237.0000,,Tencent_raw
2026-07-20,300198.SZ,2.0400,2.0600,1.9600,1.9800,104203.0000,,Tencent_raw
2026-07-21,300198.SZ,1.9800,2.0000,1.8700,1.9500,109844.0000,,Tencent_raw
2026-07-22,300198.SZ,1.9500,1.9800,1.9200,1.9400,72563.0000,,Tencent_raw
2026-07-23,300198.SZ,1.9400,1.9800,1.9200,1.9700,67996.0000,,Tencent_raw
2026-07-24,300198.SZ,1.9500,2.0800,1.9500,2.0200,93812.0000,,Tencent_raw
2026-07-27,300198.SZ,2.0000,2.0400,1.9800,2.0300,57688.0000,,Tencent_raw
2026-07-28,300198.SZ,2.0100,2.0600,2.0100,2.0300,57207.0000,,Tencent_raw
2026-07-29,300198.SZ,2.0200,2.0800,2.0200,2.0700,58923.0000,,Tencent_raw
2026-07-30,300198.SZ,2.0600,2.0900,2.0300,2.0300,54173.0000,,Tencent_raw
2026-07-31,300198.SZ,2.0500,2.2000,2.0500,2.1900,141400.0000,,Tencent_raw
2026-08-03,300198.SZ,2.1500,2.2300,2.1300,2.1800,93501.0000,,Tencent_raw
2026-08-04,300198.SZ,2.1900,2.2400,2.1700,2.2100,81101.0000,,Tencent_raw
2026-08-05,300198.SZ,2.2200,2.3100,2.2000,2.2800,121059.0000,,Tencent_raw
2026-08-06,300198.SZ,2.3000,2.3700,2.2600,2.3000,104003.0000,,Tencent_raw
2026-08-07,300198.SZ,2.2900,2.3600,2.2400,2.2400,107484.0000,,Tencent_raw
2026-08-10,300198.SZ,2.2500,2.2500,2.1800,2.2200,78571.0000,,Tencent_raw
2026-08-11,300198.SZ,2.2200,2.2500,2.1800,2.2100,67287.0000,,Tencent_raw
2026-08-12,300198.SZ,2.2100,2.2400,2.2000,2.2300,47022.0000,,Tencent_raw
2026-08-13,300198.SZ,2.2200,2.2300,2.2000,2.2000,67361.0000,,Tencent_raw
2026-08-14,300198.SZ,2.2100,2.3200,2.2000,2.3000,163723.0000,,Tencent_raw
2026-08-17,300198.SZ,2.2700,2.2800,2.2100,2.2100,138049.0000,,Tencent_raw
2026-08-18,300198.SZ,2.2000,2.2200,2.1700,2.2100,84536.0000,,Tencent_raw
2026-08-19,300198.SZ,2.2000,2.4200,2.1600,2.3000,264086.0000,,Tencent_raw
2026-08-20,300198.SZ,2.3000,2.3800,2.2800,2.3600,122041.0000,,Tencent_raw
2026-08-21,300198.SZ,2.3400,2.4500,2.3400,2.3600,119076.0000,,Tencent_raw
2026-08-24,300198.SZ,2.3600,2.3800,2.3200,2.3200,60193.0000,,Tencent_raw
2026-08-25,300198.SZ,2.3300,2.3400,2.2900,2.3100,67286.0000,,Tencent_raw
2026-08-26,300198.SZ,2.3200,2.3900,2.2900,2.3600,98405.0000,,Tencent_raw
2026-08-27,300198.SZ,2.3700,2.3900,2.3400,2.3600,53509.0000,,Tencent_raw
2026-08-28,300198.SZ,2.3600,2.4100,2.3300,2.3900,71451.0000,,Tencent_raw
2026-08-31,300198.SZ,2.3800,2.4200,2.3500,2.4200,77455.0000,,Tencent_raw
2026-09-01,300198.SZ,2.4000,2.4100,2.3800,2.3900,65537.0000,,Tencent_raw
2026-09-02,300198.SZ,2.3900,2.4300,2.3800,2.3900,53778.0000,,Tencent_raw
2026-09-03,300198.SZ,2.3900,2.5000,2.3900,2.4300,119241.0000,,Tencent_raw
2026-09-04,300198.SZ,2.4300,2.4800,2.4200,2.4700,78315.0000,,Tencent_raw
2026-09-07,300198.SZ,2.4700,2.4700,2.4200,2.4300,88271.0000,,Tencent_raw
2026-09-08,300198.SZ,2.4400,2.4400,2.4100,2.4200,59471.0000,,Tencent_raw
2026-09-09,300198.SZ,2.4200,2.4800,2.4100,2.4600,78396.0000,,Tencent_raw
2026-09-10,300198.SZ,2.4500,2.4600,2.3500,2.3500,82556.0000,,Tencent_raw
2026-09-11,300198.SZ,2.3700,2.3700,2.2400,2.3000,159478.0000,,Tencent_raw
2026-09-14,300198.SZ,2.3000,2.3200,2.2600,2.2600,96307.0000,,Tencent_raw
2026-09-15,300198.SZ,2.2800,2.2800,2.2300,2.2400,71958.0000,,Tencent_raw
2026-09-16,300198.SZ,2.2500,2.2800,2.2300,2.2600,36542.0000,,Tencent_raw
2026-09-17,300198.SZ,2.2600,2.3000,2.2500,2.2600,59042.0000,,Tencent_raw
2026-09-18,300198.SZ,2.2700,2.2900,2.2600,2.2700,61234.0000,,Tencent_raw
2026-09-21,300198.SZ,2.2800,2.2900,2.2600,2.2900,55114.0000,,Tencent_raw
2026-09-22,300198.SZ,2.2900,2.3200,2.2700,2.3100,66223.0000,,Tencent_raw
2026-09-23,300198.SZ,2.3100,2.3200,2.2500,2.2600,93347.0000,,Tencent_raw
2026-09-24,300198.SZ,2.2500,2.2800,2.2200,2.2700,73726.0000,,Tencent_raw
2026-09-28,300198.SZ,2.2700,2.2700,2.1800,2.2000,98613.0000,,Tencent_raw
2025-09-01,300212.SZ,23.6600,24.3200,23.3100,23.4400,238012.0000,,Tencent_raw
2025-09-02,300212.SZ,23.3900,23.7000,22.2300,22.2800,270693.0000,,Tencent_raw
2025-09-03,300212.SZ,22.3200,22.4700,21.5700,21.6400,201246.0000,,Tencent_raw
2025-09-04,300212.SZ,21.6300,21.8500,20.7700,21.1900,199822.0000,,Tencent_raw
2025-09-05,300212.SZ,21.2300,21.4600,20.8600,21.4000,184065.0000,,Tencent_raw
2025-09-08,300212.SZ,21.4000,21.6200,21.1900,21.4900,150902.0000,,Tencent_raw
2025-09-09,300212.SZ,21.5200,21.5200,20.9500,21.0300,122030.0000,,Tencent_raw
2025-09-10,300212.SZ,21.3000,21.5700,21.1300,21.5100,159657.0000,,Tencent_raw
2025-09-11,300212.SZ,22.0000,22.1800,21.5500,21.9200,215508.0000,,Tencent_raw
2025-09-12,300212.SZ,22.9100,26.0000,22.9100,24.3100,887893.0000,,Tencent_raw
2025-09-15,300212.SZ,23.9400,24.1400,23.0100,23.2800,513335.0000,,Tencent_raw
2025-09-16,300212.SZ,23.1900,23.5000,22.8600,23.4800,329211.0000,,Tencent_raw
2025-09-17,300212.SZ,23.2500,23.2500,22.7700,22.8700,276914.0000,,Tencent_raw
2025-09-18,300212.SZ,22.8700,23.1800,22.1300,22.3400,297150.0000,,Tencent_raw
2025-09-19,300212.SZ,22.2700,22.6100,22.0000,22.1500,163937.0000,,Tencent_raw
2025-09-22,300212.SZ,22.1600,22.3900,21.9500,22.1900,145245.0000,,Tencent_raw
2025-09-23,300212.SZ,22.0500,22.1300,21.1800,21.5900,195067.0000,,Tencent_raw
2025-09-24,300212.SZ,21.4100,22.1400,21.4100,22.1100,154147.0000,,Tencent_raw
2025-09-25,300212.SZ,22.2000,22.6400,22.0900,22.2100,203707.0000,,Tencent_raw
2025-09-26,300212.SZ,22.0400,22.1300,21.5100,21.5400,158922.0000,,Tencent_raw
2025-09-29,300212.SZ,21.6000,21.6500,21.2500,21.5300,117205.0000,,Tencent_raw
2025-09-30,300212.SZ,21.7300,21.9500,21.6200,21.7700,124770.0000,,Tencent_raw
2025-10-09,300212.SZ,21.8100,22.0500,21.5400,21.9600,146711.0000,,Tencent_raw
2025-10-10,300212.SZ,21.8400,21.8400,21.3000,21.3100,137871.0000,,Tencent_raw
2025-10-13,300212.SZ,20.5000,21.3100,20.4100,21.0700,123456.0000,,Tencent_raw
2025-10-14,300212.SZ,21.1800,21.2800,20.6000,20.6500,125173.0000,,Tencent_raw
2025-10-15,300212.SZ,20.8000,20.8900,20.4400,20.8200,78135.0000,,Tencent_raw
2025-10-16,300212.SZ,20.8400,20.8400,20.4000,20.4600,85588.0000,,Tencent_raw
2025-10-17,300212.SZ,20.6000,20.6400,19.9000,19.9600,104633.0000,,Tencent_raw
2025-10-20,300212.SZ,20.1800,20.2500,19.9800,20.1000,68586.0000,,Tencent_raw
2025-10-21,300212.SZ,20.1700,20.3100,20.0100,20.2900,78996.0000,,Tencent_raw
2025-10-22,300212.SZ,20.2000,20.2700,20.0300,20.1000,67031.0000,,Tencent_raw
2025-10-23,300212.SZ,20.1000,20.3000,19.7100,20.2900,94667.0000,,Tencent_raw
2025-10-24,300212.SZ,20.3300,20.4700,20.2300,20.4000,85842.0000,,Tencent_raw
2025-10-27,300212.SZ,20.4900,20.6800,20.3500,20.4700,96496.0000,,Tencent_raw
2025-10-28,300212.SZ,20.3500,20.3800,20.0600,20.1100,113821.0000,,Tencent_raw
2025-10-29,300212.SZ,20.1000,20.3000,19.8200,20.2500,121385.0000,,Tencent_raw
2025-10-30,300212.SZ,20.1500,20.2200,19.8800,19.9000,101326.0000,,Tencent_raw
2025-10-31,300212.SZ,19.9500,20.4700,19.8400,20.3900,129056.0000,,Tencent_raw
2025-11-03,300212.SZ,20.4000,20.5300,20.1700,20.4500,95578.0000,,Tencent_raw
2025-11-04,300212.SZ,20.3600,20.4400,20.0300,20.1400,83494.0000,,Tencent_raw
2025-11-05,300212.SZ,20.0000,20.1400,19.9100,20.0200,70921.0000,,Tencent_raw
2025-11-06,300212.SZ,20.0000,20.0200,19.7500,19.8100,98783.0000,,Tencent_raw
2025-11-07,300212.SZ,19.7500,19.8100,19.1700,19.2000,147674.0000,,Tencent_raw
2025-11-10,300212.SZ,19.2500,19.5500,19.2400,19.4400,82870.0000,,Tencent_raw
2025-11-11,300212.SZ,19.4000,19.5000,19.2400,19.3200,67426.0000,,Tencent_raw
2025-11-12,300212.SZ,19.3200,19.3700,18.9000,18.9100,87742.0000,,Tencent_raw
2025-11-13,300212.SZ,18.9500,19.0600,18.8100,19.0600,68217.0000,,Tencent_raw
2025-11-14,300212.SZ,18.9000,20.2500,18.8800,19.6600,199325.0000,,Tencent_raw
2025-11-17,300212.SZ,19.6300,20.4100,19.4000,20.2500,169657.0000,,Tencent_raw
2025-11-18,300212.SZ,20.1400,20.4500,19.9500,20.2400,142298.0000,,Tencent_raw
2025-11-19,300212.SZ,20.1900,20.3000,19.8000,19.9100,94735.0000,,Tencent_raw
2025-11-20,300212.SZ,19.9200,20.0300,19.5300,19.7100,85264.0000,,Tencent_raw
2025-11-21,300212.SZ,19.5100,19.9300,19.1300,19.2000,96684.0000,,Tencent_raw
2025-11-24,300212.SZ,19.2100,19.9300,19.1300,19.8600,104380.0000,,Tencent_raw
2025-11-25,300212.SZ,19.8700,20.0700,19.7600,19.7600,97229.0000,,Tencent_raw
2025-11-26,300212.SZ,19.7500,19.9500,19.3300,19.3500,100799.0000,,Tencent_raw
2025-11-27,300212.SZ,19.2800,19.3500,19.0400,19.0800,84431.0000,,Tencent_raw
2025-11-28,300212.SZ,19.1300,19.2900,19.0300,19.2300,61035.0000,,Tencent_raw
2025-12-01,300212.SZ,19.2300,19.2300,19.0100,19.0800,84695.0000,,Tencent_raw
2025-12-02,300212.SZ,19.0500,19.0800,18.4800,18.5400,118788.0000,,Tencent_raw
2025-12-03,300212.SZ,18.5000,18.6000,17.2600,17.5900,204255.0000,,Tencent_raw
2025-12-04,300212.SZ,17.4600,17.6300,17.2000,17.5800,88136.0000,,Tencent_raw
2025-12-05,300212.SZ,17.5100,17.8600,17.2700,17.8300,79099.0000,,Tencent_raw
2025-12-08,300212.SZ,17.9000,18.5500,17.9000,18.1100,110965.0000,,Tencent_raw
2025-12-09,300212.SZ,18.0500,18.1100,17.5800,17.5800,99330.0000,,Tencent_raw
2025-12-10,300212.SZ,17.5200,17.6300,17.2600,17.4000,79514.0000,,Tencent_raw
2025-12-11,300212.SZ,17.5000,17.5000,17.0000,17.0300,105327.0000,,Tencent_raw
2025-12-12,300212.SZ,17.0300,17.1700,16.6000,16.6500,254588.0000,,Tencent_raw
2025-12-15,300212.SZ,16.6500,16.6500,16.0200,16.2000,156860.0000,,Tencent_raw
2025-12-16,300212.SZ,16.2000,16.2500,15.8000,15.9700,113801.0000,,Tencent_raw
2025-12-17,300212.SZ,15.8900,16.2300,15.6700,16.1400,126677.0000,,Tencent_raw
2025-12-18,300212.SZ,16.0100,16.3600,15.9900,16.2000,89734.0000,,Tencent_raw
2025-12-19,300212.SZ,16.2000,16.4000,16.2000,16.2300,85015.0000,,Tencent_raw
2025-12-22,300212.SZ,16.3500,16.4700,16.2200,16.3300,78763.0000,,Tencent_raw
2025-12-23,300212.SZ,16.3500,16.3800,16.0000,16.0000,86792.0000,,Tencent_raw
2025-12-24,300212.SZ,16.0600,16.9000,16.0100,16.5000,168179.0000,,Tencent_raw
2025-12-25,300212.SZ,16.4900,16.5900,16.4000,16.5200,92449.0000,,Tencent_raw
2025-12-26,300212.SZ,16.5200,17.8500,16.4000,17.2200,252484.0000,,Tencent_raw
2025-12-29,300212.SZ,17.0000,17.3400,16.8500,16.9900,147765.0000,,Tencent_raw
2025-12-30,300212.SZ,16.8600,17.1300,16.7500,16.8000,103247.0000,,Tencent_raw
2025-12-31,300212.SZ,16.8200,17.4900,16.7300,17.4500,194792.0000,,Tencent_raw
2026-01-05,300212.SZ,17.4100,18.3900,17.3100,18.3200,295284.0000,,Tencent_raw
2026-01-06,300212.SZ,18.3200,19.1600,18.1600,18.9600,312820.0000,,Tencent_raw
2026-01-07,300212.SZ,18.9500,19.4500,18.8000,19.1200,266261.0000,,Tencent_raw
2026-01-08,300212.SZ,19.1700,19.9800,19.0100,19.7000,305961.0000,,Tencent_raw
2026-01-09,300212.SZ,19.5500,19.7600,19.3800,19.7000,241666.0000,,Tencent_raw
2026-01-12,300212.SZ,19.9800,21.5000,19.9700,21.4400,459288.0000,,Tencent_raw
2026-01-13,300212.SZ,21.4300,22.0700,20.5100,20.7400,529213.0000,,Tencent_raw
2026-01-14,300212.SZ,21.0000,24.0000,20.9400,23.2200,939390.0000,,Tencent_raw
2026-01-15,300212.SZ,18.5900,20.0400,18.5800,18.5800,709090.0000,,Tencent_raw
2026-01-16,300212.SZ,17.6000,18.0700,16.8800,17.1500,716360.0000,,Tencent_raw
2026-01-19,300212.SZ,16.8500,17.8000,16.6500,17.3300,393469.0000,,Tencent_raw
2026-01-20,300212.SZ,17.4000,17.4500,16.7700,16.9500,252474.0000,,Tencent_raw
2026-01-21,300212.SZ,16.7000,16.7900,15.4700,15.5500,607972.0000,,Tencent_raw
2026-01-22,300212.SZ,15.4500,15.9700,14.9300,15.9100,381115.0000,,Tencent_raw
2026-01-23,300212.SZ,15.7900,16.4800,15.6700,16.3900,339834.0000,,Tencent_raw
2026-01-26,300212.SZ,16.2900,16.5600,15.6700,16.0100,301230.0000,,Tencent_raw
2026-01-27,300212.SZ,16.0000,16.2000,15.3700,16.0700,266679.0000,,Tencent_raw
2026-01-28,300212.SZ,16.2900,16.8900,16.0600,16.1000,314485.0000,,Tencent_raw
2026-01-29,300212.SZ,16.1100,16.3500,15.5700,15.8000,246981.0000,,Tencent_raw
2026-01-30,300212.SZ,15.6900,15.8800,15.4000,15.5000,181531.0000,,Tencent_raw
2026-02-02,300212.SZ,13.1700,13.8000,12.4000,12.4000,293308.0000,,Tencent_raw
2026-02-03,300212.SZ,11.0200,12.4000,10.6400,12.0600,950938.0000,,Tencent_raw
2026-02-04,300212.SZ,12.0500,12.1800,11.7000,11.9200,493426.0000,,Tencent_raw
2026-02-05,300212.SZ,11.9500,12.2900,11.8300,11.8300,279791.0000,,Tencent_raw
2026-02-06,300212.SZ,12.0100,12.8400,11.9100,12.4800,495797.0000,,Tencent_raw
2026-02-09,300212.SZ,12.6200,14.2900,12.5200,13.4700,595136.0000,,Tencent_raw
2026-02-10,300212.SZ,13.4000,13.8500,13.3100,13.4900,325518.0000,,Tencent_raw
2026-02-11,300212.SZ,13.6600,14.2800,13.5500,13.8400,350560.0000,,Tencent_raw
2026-02-12,300212.SZ,13.9300,13.9700,13.1600,13.2500,315469.0000,,Tencent_raw
2026-02-13,300212.SZ,13.2500,13.6900,12.9600,12.9600,250010.0000,,Tencent_raw
2026-02-24,300212.SZ,13.2000,13.2100,12.4400,12.4600,232038.0000,,Tencent_raw
2026-02-25,300212.SZ,12.4600,12.9000,12.3800,12.7200,167579.0000,,Tencent_raw
2026-02-26,300212.SZ,12.7200,12.7200,12.4200,12.4600,151342.0000,,Tencent_raw
2026-02-27,300212.SZ,12.4600,12.7500,12.4000,12.6600,163962.0000,,Tencent_raw
2026-03-02,300212.SZ,12.3400,12.5000,11.8600,11.9600,250549.0000,,Tencent_raw
2026-03-03,300212.SZ,12.0000,12.0000,11.0500,11.1600,267965.0000,,Tencent_raw
2026-03-04,300212.SZ,11.0600,11.4200,11.0600,11.1700,159672.0000,,Tencent_raw
2026-03-05,300212.SZ,11.5100,11.7400,11.2800,11.5400,171682.0000,,Tencent_raw
2026-03-06,300212.SZ,11.3200,11.5800,11.2000,11.5700,181339.0000,,Tencent_raw
2026-03-09,300212.SZ,11.3700,12.0700,11.2500,12.0100,263597.0000,,Tencent_raw
2026-03-10,300212.SZ,12.0800,13.2900,12.0800,12.3000,355784.0000,,Tencent_raw
2026-03-11,300212.SZ,12.4600,12.5000,12.0000,12.0600,217263.0000,,Tencent_raw
2026-03-12,300212.SZ,11.9500,12.1200,11.8600,11.9200,144152.0000,,Tencent_raw
2026-03-13,300212.SZ,11.8800,11.8900,11.4000,11.4200,171211.0000,,Tencent_raw
2026-03-16,300212.SZ,11.3900,11.5100,11.3000,11.4500,104626.0000,,Tencent_raw
2026-03-17,300212.SZ,11.4200,11.4600,11.0800,11.1000,154298.0000,,Tencent_raw
2026-03-18,300212.SZ,11.0700,11.2000,11.0000,11.1800,117132.0000,,Tencent_raw
2026-03-19,300212.SZ,11.0300,12.6800,10.9200,12.2400,690581.0000,,Tencent_raw
2026-03-20,300212.SZ,12.1700,12.4600,11.5000,11.5000,500175.0000,,Tencent_raw
2026-03-23,300212.SZ,11.2000,11.6500,10.8300,10.8500,359182.0000,,Tencent_raw
2026-03-24,300212.SZ,11.1900,11.2200,10.5500,11.0800,292875.0000,,Tencent_raw
2026-03-25,300212.SZ,11.2700,11.6800,11.1600,11.4300,287009.0000,,Tencent_raw
2026-03-26,300212.SZ,11.3100,11.7100,11.0300,11.0600,338780.0000,,Tencent_raw
2026-03-27,300212.SZ,10.8700,11.6100,10.8100,11.4700,305536.0000,,Tencent_raw
2026-03-30,300212.SZ,11.3000,12.2200,10.9800,12.0600,483410.0000,,Tencent_raw
2026-03-31,300212.SZ,11.8400,12.2700,11.3700,11.4300,396577.0000,,Tencent_raw
2026-04-01,300212.SZ,11.7300,11.9600,11.1100,11.3300,293312.0000,,Tencent_raw
2026-04-02,300212.SZ,11.2000,11.2100,10.7400,10.7400,245835.0000,,Tencent_raw
2026-04-03,300212.SZ,10.6600,10.7700,8.6000,8.7200,644261.0000,,Tencent_raw
2026-04-07,300212.SZ,8.5400,8.6700,8.1000,8.3700,518753.0000,,Tencent_raw
2026-04-08,300212.SZ,8.8000,8.9500,8.5500,8.8900,418556.0000,,Tencent_raw
2026-04-09,300212.SZ,8.7100,8.7600,8.2700,8.3500,349295.0000,,Tencent_raw
2026-04-10,300212.SZ,8.3800,8.5000,7.9100,7.9200,390842.0000,,Tencent_raw
2026-04-13,300212.SZ,7.8000,8.0400,7.6500,8.0200,288621.0000,,Tencent_raw
2026-04-14,300212.SZ,8.0300,9.1000,8.0300,8.4200,506977.0000,,Tencent_raw
2026-04-15,300212.SZ,8.4000,8.4800,8.0100,8.0100,351459.0000,,Tencent_raw
2026-04-16,300212.SZ,8.0000,8.3500,7.9800,8.2800,265633.0000,,Tencent_raw
2026-04-17,300212.SZ,8.2600,8.2600,7.9800,8.0600,242824.0000,,Tencent_raw
2026-04-20,300212.SZ,8.0500,8.5000,7.9500,8.4500,472202.0000,,Tencent_raw
2026-04-21,300212.SZ,8.5000,9.0400,8.3100,8.3400,432279.0000,,Tencent_raw
2026-04-22,300212.SZ,8.3100,8.3200,8.0800,8.1400,306444.0000,,Tencent_raw
2026-04-23,300212.SZ,8.1500,8.1800,7.8700,7.9000,216299.0000,,Tencent_raw
2026-04-24,300212.SZ,7.8200,7.8800,7.5000,7.7000,207983.0000,,Tencent_raw
2026-04-27,300212.SZ,7.7500,8.3400,7.5300,8.2800,388820.0000,,Tencent_raw
2026-04-28,300212.SZ,8.2800,8.6000,8.1000,8.1900,328460.0000,,Tencent_raw
2026-04-30,300212.SZ,6.7100,7.0000,6.5500,6.5500,551240.0000,,Tencent_raw
2026-05-06,300212.SZ,6.4200,6.5000,6.0200,6.0400,818334.0000,,Tencent_raw
2026-05-07,300212.SZ,6.1000,6.1800,5.9700,6.0700,468712.0000,,Tencent_raw
2026-05-08,300212.SZ,6.0700,6.4700,6.0300,6.2200,464710.0000,,Tencent_raw
2026-05-11,300212.SZ,6.2300,6.5000,6.1400,6.3600,381759.0000,,Tencent_raw
2026-05-12,300212.SZ,6.3800,6.5700,6.2700,6.3100,342656.0000,,Tencent_raw
2026-05-13,300212.SZ,6.3100,6.3500,6.1600,6.2000,286153.0000,,Tencent_raw
2026-05-14,300212.SZ,6.2000,6.3300,5.9900,6.1700,334542.0000,,Tencent_raw
2026-05-15,300212.SZ,6.1500,6.1500,5.9900,6.0200,215473.0000,,Tencent_raw
2026-05-18,300212.SZ,7.2200,7.2200,6.9200,7.2200,367504.0000,,Tencent_raw
2026-05-19,300212.SZ,7.5800,8.6300,7.4700,8.3200,900814.0000,,Tencent_raw
2026-05-20,300212.SZ,8.4100,8.8800,7.9000,8.3200,710943.0000,,Tencent_raw
2026-05-21,300212.SZ,8.3200,8.4600,7.9300,7.9500,462000.0000,,Tencent_raw
2026-05-22,300212.SZ,8.1400,8.1900,7.6100,7.7100,351042.0000,,Tencent_raw
2026-05-25,300212.SZ,7.7100,8.3000,7.5600,8.1900,401931.0000,,Tencent_raw
2026-05-26,300212.SZ,8.2300,9.4500,8.0700,8.9000,509033.0000,,Tencent_raw
2026-05-27,300212.SZ,8.9500,9.7800,8.7800,9.5600,522916.0000,,Tencent_raw
2026-05-28,300212.SZ,9.4800,9.9900,9.0100,9.6600,461176.0000,,Tencent_raw
2026-05-29,300212.SZ,9.4800,11.3500,9.3800,11.0000,583523.0000,,Tencent_raw
2026-06-01,300212.SZ,10.8100,12.4900,10.4600,12.2800,562810.0000,,Tencent_raw
2026-06-02,300212.SZ,11.9500,12.7500,11.3000,11.4000,589602.0000,,Tencent_raw
2026-06-03,300212.SZ,11.3000,12.4300,11.2900,11.3400,551655.0000,,Tencent_raw
2026-06-04,300212.SZ,10.9000,11.5500,10.2100,10.4300,524310.0000,,Tencent_raw
2026-06-05,300212.SZ,10.5900,10.9800,10.0500,10.8000,421516.0000,,Tencent_raw
2026-06-08,300212.SZ,10.7200,11.7600,10.6500,11.6300,461503.0000,,Tencent_raw
2026-06-09,300212.SZ,11.6200,11.9800,11.2500,11.3300,331901.0000,,Tencent_raw
2026-06-10,300212.SZ,11.1700,11.5200,10.1700,10.2400,370190.0000,,Tencent_raw
2026-06-11,300212.SZ,10.1300,10.3100,9.0100,9.3400,417123.0000,,Tencent_raw
2026-06-12,300212.SZ,9.5400,9.9900,9.0000,9.7300,353720.0000,,Tencent_raw
2026-06-15,300212.SZ,9.7000,9.9000,9.5200,9.6400,230646.0000,,Tencent_raw
2026-06-16,300212.SZ,9.6100,10.4800,9.2800,10.4000,348341.0000,,Tencent_raw
2026-06-17,300212.SZ,10.2600,10.8700,10.0000,10.0200,303871.0000,,Tencent_raw
2026-06-18,300212.SZ,9.9900,10.7000,9.9300,10.3800,261694.0000,,Tencent_raw
2026-06-22,300212.SZ,10.3100,10.4700,9.8100,9.9200,234519.0000,,Tencent_raw
2026-06-23,300212.SZ,9.7600,10.3100,9.6800,9.8100,198420.0000,,Tencent_raw
2026-06-24,300212.SZ,9.7100,9.8100,9.3100,9.5000,187010.0000,,Tencent_raw
2026-06-25,300212.SZ,9.4000,9.5300,8.3200,8.5500,333311.0000,,Tencent_raw
2026-06-26,300212.SZ,8.5700,9.2900,8.5700,9.2000,246650.0000,,Tencent_raw
2026-06-29,300212.SZ,9.0300,9.1500,8.5900,9.0000,189769.0000,,Tencent_raw
2026-06-30,300212.SZ,9.1800,9.4900,9.1000,9.3900,171747.0000,,Tencent_raw
2026-07-01,300212.SZ,9.3000,9.6100,9.1500,9.4000,179201.0000,,Tencent_raw
2026-07-02,300212.SZ,9.0700,9.4600,9.0500,9.2700,158874.0000,,Tencent_raw
2026-07-03,300212.SZ,9.2000,9.5300,8.8500,9.0700,186424.0000,,Tencent_raw
2026-07-06,300212.SZ,9.7400,9.9500,9.1500,9.1600,236159.0000,,Tencent_raw
2026-07-07,300212.SZ,9.0100,9.1000,8.6000,8.6600,170378.0000,,Tencent_raw
2026-07-08,300212.SZ,8.7600,8.9600,8.6000,8.7600,122354.0000,,Tencent_raw
2026-07-09,300212.SZ,8.6000,9.0500,8.4500,8.8200,150954.0000,,Tencent_raw
2026-07-10,300212.SZ,8.8000,9.2400,8.6700,9.2000,204691.0000,,Tencent_raw
2026-07-13,300212.SZ,9.0100,9.0900,8.4500,8.4700,156146.0000,,Tencent_raw
2026-07-14,300212.SZ,8.5000,8.6100,8.1800,8.4100,126426.0000,,Tencent_raw
2026-07-15,300212.SZ,8.3600,8.4100,8.1000,8.1300,115551.0000,,Tencent_raw
2026-07-16,300212.SZ,8.0600,8.3600,7.9000,8.2000,118725.0000,,Tencent_raw
2026-07-17,300212.SZ,8.1800,8.2400,7.6200,7.8000,151378.0000,,Tencent_raw
2026-07-20,300212.SZ,7.6100,7.7300,6.4800,6.7700,259314.0000,,Tencent_raw
2026-07-21,300212.SZ,6.7700,7.3000,6.5100,7.2000,214676.0000,,Tencent_raw
2026-07-22,300212.SZ,7.1100,7.6400,7.0000,7.2500,178881.0000,,Tencent_raw
2026-07-23,300212.SZ,7.1300,7.4000,7.1300,7.3000,104952.0000,,Tencent_raw
2026-07-24,300212.SZ,7.2000,7.4700,7.1800,7.3500,113944.0000,,Tencent_raw
2026-07-27,300212.SZ,7.2800,7.3600,7.0400,7.3400,107485.0000,,Tencent_raw
2026-07-28,300212.SZ,7.2700,8.0700,7.2000,7.7600,193633.0000,,Tencent_raw
2026-07-29,300212.SZ,7.6800,7.8900,7.5200,7.8300,130977.0000,,Tencent_raw
2026-07-30,300212.SZ,7.7700,8.2000,7.7200,8.1000,175206.0000,,Tencent_raw
2026-07-31,300212.SZ,8.2300,8.3500,7.9300,8.2700,146897.0000,,Tencent_raw
2026-08-03,300212.SZ,8.1900,8.2600,8.0300,8.2400,125836.0000,,Tencent_raw
2026-08-04,300212.SZ,8.2200,8.3600,8.1700,8.2000,151831.0000,,Tencent_raw
2026-08-05,300212.SZ,8.1100,8.3000,7.8700,8.1500,165356.0000,,Tencent_raw
2026-08-06,300212.SZ,8.0800,8.3500,7.9900,8.0600,132473.0000,,Tencent_raw
2026-08-07,300212.SZ,8.0600,8.1800,7.8500,8.1100,151061.0000,,Tencent_raw
2026-08-10,300212.SZ,8.0500,8.0900,7.9300,8.0400,107116.0000,,Tencent_raw
2026-08-11,300212.SZ,8.0000,8.6500,7.9000,8.5300,222465.0000,,Tencent_raw
2026-08-12,300212.SZ,8.5400,8.6500,8.3800,8.4500,125434.0000,,Tencent_raw
2026-08-13,300212.SZ,8.4100,9.0500,8.4100,8.8900,222826.0000,,Tencent_raw
2026-08-14,300212.SZ,8.8500,9.2900,8.6900,8.9000,181166.0000,,Tencent_raw
2026-08-17,300212.SZ,8.9900,9.3000,8.9000,9.2500,153575.0000,,Tencent_raw
2026-08-18,300212.SZ,9.2800,9.3500,8.6800,8.7800,199796.0000,,Tencent_raw
2026-08-19,300212.SZ,8.7100,8.8200,8.4200,8.6300,136329.0000,,Tencent_raw
2026-08-20,300212.SZ,8.7500,8.8000,8.5000,8.6900,105643.0000,,Tencent_raw
2026-08-21,300212.SZ,8.0000,8.1700,7.3400,7.6700,306035.0000,,Tencent_raw
2026-08-24,300212.SZ,7.6700,7.9000,7.4200,7.4900,143544.0000,,Tencent_raw
2026-08-25,300212.SZ,7.3600,8.0100,7.1400,7.8100,156200.0000,,Tencent_raw
2026-08-26,300212.SZ,7.7400,7.8200,7.6600,7.7600,80967.0000,,Tencent_raw
2026-08-27,300212.SZ,7.6900,7.7500,7.6100,7.6700,82456.0000,,Tencent_raw
2026-08-28,300212.SZ,7.6600,7.8500,7.6600,7.7300,86568.0000,,Tencent_raw
2026-08-31,300212.SZ,7.7100,7.8600,7.6100,7.8000,84482.0000,,Tencent_raw
2026-09-01,300212.SZ,7.8000,8.1000,7.7900,7.9400,92571.0000,,Tencent_raw
2026-09-02,300212.SZ,7.8600,8.3600,7.8100,8.3300,136728.0000,,Tencent_raw
2026-09-03,300212.SZ,8.3800,8.4000,8.0700,8.0900,108368.0000,,Tencent_raw
2026-09-04,300212.SZ,8.1000,8.3900,8.0700,8.2900,124894.0000,,Tencent_raw
2026-09-07,300212.SZ,8.3300,8.3400,8.1100,8.1800,90215.0000,,Tencent_raw
2026-09-08,300212.SZ,8.2200,8.2300,8.1300,8.1600,57311.0000,,Tencent_raw
2026-09-09,300212.SZ,8.1600,8.5200,8.0700,8.3000,101397.0000,,Tencent_raw
2026-09-10,300212.SZ,8.2600,8.6800,8.2300,8.5800,123604.0000,,Tencent_raw
2026-09-11,300212.SZ,8.5300,8.6200,8.3600,8.5100,86861.0000,,Tencent_raw
2026-09-14,300212.SZ,8.5800,8.9700,8.4700,8.9100,145365.0000,,Tencent_raw
2026-09-15,300212.SZ,8.9200,9.2800,8.1900,8.1900,247633.0000,,Tencent_raw
2026-09-16,300212.SZ,8.0000,8.1000,7.8100,7.8800,132579.0000,,Tencent_raw
2026-09-17,300212.SZ,7.8600,8.0300,7.8300,7.8400,70301.0000,,Tencent_raw
2026-09-18,300212.SZ,7.9300,8.0200,7.8700,7.9000,65781.0000,,Tencent_raw
2026-09-21,300212.SZ,7.8700,7.9700,7.8500,7.8900,72694.0000,,Tencent_raw
2026-09-22,300212.SZ,7.9100,8.2100,7.9000,8.1000,105964.0000,,Tencent_raw
2026-09-23,300212.SZ,8.0500,8.1400,7.9000,7.9100,80863.0000,,Tencent_raw
2026-09-24,300212.SZ,7.9300,7.9500,7.6800,7.7000,82144.0000,,Tencent_raw
2026-09-28,300212.SZ,7.6600,7.7000,7.4500,7.4900,72174.0000,,Tencent_raw
2025-09-01,300301.SZ,2.2200,2.2700,2.2000,2.2500,109721.0000,,Tencent_raw
2025-09-02,300301.SZ,2.2500,2.3300,2.2300,2.3100,166399.0000,,Tencent_raw
2025-09-03,300301.SZ,2.3100,2.3200,2.2200,2.2400,107309.0000,,Tencent_raw
2025-09-04,300301.SZ,2.2200,2.2700,2.2200,2.2500,57372.0000,,Tencent_raw
2025-09-05,300301.SZ,2.2400,2.2500,2.2100,2.2400,75494.0000,,Tencent_raw
2025-09-08,300301.SZ,2.2500,2.2800,2.2400,2.2800,95722.0000,,Tencent_raw
2025-09-09,300301.SZ,2.2700,2.3100,2.2600,2.2800,96005.0000,,Tencent_raw
2025-09-10,300301.SZ,2.2700,2.3100,2.2600,2.3000,82495.0000,,Tencent_raw
2025-09-11,300301.SZ,2.2900,2.3000,2.2500,2.2800,115922.0000,,Tencent_raw
2025-09-12,300301.SZ,2.2700,2.3000,2.2600,2.2900,96333.0000,,Tencent_raw
2025-09-15,300301.SZ,2.2800,2.2800,2.2200,2.2400,118854.0000,,Tencent_raw
2025-09-16,300301.SZ,2.2600,2.3000,2.2500,2.2800,120542.0000,,Tencent_raw
2025-09-17,300301.SZ,2.2800,2.3900,2.2700,2.3400,199964.0000,,Tencent_raw
2025-09-18,300301.SZ,2.3400,2.3800,2.2700,2.2900,165437.0000,,Tencent_raw
2025-09-19,300301.SZ,2.2800,2.3100,2.2600,2.2800,82441.0000,,Tencent_raw
2025-09-22,300301.SZ,2.2700,2.2700,2.2500,2.2500,63360.0000,,Tencent_raw
2025-09-23,300301.SZ,2.2500,2.2500,2.1900,2.2200,101063.0000,,Tencent_raw
2025-09-24,300301.SZ,2.2200,2.2400,2.2100,2.2300,45103.0000,,Tencent_raw
2025-09-25,300301.SZ,2.2200,2.2400,2.2100,2.2200,46038.0000,,Tencent_raw
2025-09-26,300301.SZ,2.2200,2.2300,2.2000,2.2100,68543.0000,,Tencent_raw
2025-09-29,300301.SZ,2.2000,2.2400,2.2000,2.2400,55656.0000,,Tencent_raw
2025-09-30,300301.SZ,2.2400,2.2400,2.2100,2.2200,63471.0000,,Tencent_raw
2025-10-09,300301.SZ,2.2200,2.2200,2.1600,2.1700,116154.0000,,Tencent_raw
2025-10-10,300301.SZ,2.1800,2.2000,2.1600,2.1800,53788.0000,,Tencent_raw
2025-10-13,300301.SZ,2.1500,2.1900,2.0700,2.1700,89716.0000,,Tencent_raw
2025-10-14,300301.SZ,2.1600,2.1800,2.1100,2.1200,93352.0000,,Tencent_raw
2025-10-15,300301.SZ,2.1300,2.1300,2.0800,2.1100,66696.0000,,Tencent_raw
2025-10-16,300301.SZ,2.1100,2.1500,2.0700,2.1300,121217.0000,,Tencent_raw
2025-10-17,300301.SZ,2.1100,2.1100,2.0700,2.0700,100995.0000,,Tencent_raw
2025-10-20,300301.SZ,2.0800,2.1400,2.0700,2.1100,105671.0000,,Tencent_raw
2025-10-21,300301.SZ,2.1200,2.1400,2.0900,2.1300,118874.0000,,Tencent_raw
2025-10-22,300301.SZ,2.1300,2.1800,2.1200,2.1600,123027.0000,,Tencent_raw
2025-10-23,300301.SZ,2.1700,2.2100,2.1500,2.1700,106738.0000,,Tencent_raw
2025-10-24,300301.SZ,2.1800,2.2800,2.1700,2.2200,177523.0000,,Tencent_raw
2025-10-27,300301.SZ,2.2100,2.2200,2.1500,2.1700,158570.0000,,Tencent_raw
2025-10-28,300301.SZ,2.1600,2.2100,2.1600,2.1800,117923.0000,,Tencent_raw
2025-10-29,300301.SZ,2.1900,2.2400,2.1700,2.2200,111594.0000,,Tencent_raw
2025-10-30,300301.SZ,2.2200,2.3000,2.2100,2.2700,147627.0000,,Tencent_raw
2025-10-31,300301.SZ,2.2700,2.3400,2.2500,2.3300,163561.0000,,Tencent_raw
2025-11-03,300301.SZ,2.3300,2.3700,2.2800,2.3700,149449.0000,,Tencent_raw
2025-11-04,300301.SZ,2.3600,2.4000,2.3200,2.3700,161501.0000,,Tencent_raw
2025-11-05,300301.SZ,2.3500,2.3900,2.3500,2.3800,87549.0000,,Tencent_raw
2025-11-06,300301.SZ,2.3700,2.3900,2.3300,2.3500,111928.0000,,Tencent_raw
2025-11-07,300301.SZ,2.3500,2.3700,2.3200,2.3700,99959.0000,,Tencent_raw
2025-11-10,300301.SZ,2.3800,2.5200,2.3800,2.5100,224880.0000,,Tencent_raw
2025-11-11,300301.SZ,2.5100,2.5800,2.4600,2.4800,196056.0000,,Tencent_raw
2025-11-12,300301.SZ,2.4800,2.5200,2.4600,2.5200,119783.0000,,Tencent_raw
2025-11-13,300301.SZ,2.5200,2.6200,2.5200,2.5700,190444.0000,,Tencent_raw
2025-11-14,300301.SZ,2.5600,2.6000,2.4600,2.4700,226695.0000,,Tencent_raw
2025-11-17,300301.SZ,2.4800,2.6600,2.4700,2.6400,235374.0000,,Tencent_raw
2025-11-18,300301.SZ,2.6700,2.6700,2.5600,2.6000,198196.0000,,Tencent_raw
2025-11-19,300301.SZ,2.6000,2.6500,2.5400,2.5700,206397.0000,,Tencent_raw
2025-11-20,300301.SZ,2.5500,2.5900,2.4300,2.5100,197904.0000,,Tencent_raw
2025-11-21,300301.SZ,2.4700,2.5000,2.3700,2.3800,163443.0000,,Tencent_raw
2025-11-24,300301.SZ,2.3800,2.4200,2.3600,2.4100,97569.0000,,Tencent_raw
2025-11-25,300301.SZ,2.4200,2.5000,2.4200,2.4800,119304.0000,,Tencent_raw
2025-11-26,300301.SZ,2.5000,2.5300,2.4600,2.5000,96223.0000,,Tencent_raw
2025-11-27,300301.SZ,2.4900,2.5700,2.4800,2.5400,111883.0000,,Tencent_raw
2025-11-28,300301.SZ,2.5400,2.5600,2.4700,2.5000,111446.0000,,Tencent_raw
2025-12-01,300301.SZ,2.5000,2.5700,2.5000,2.5100,108969.0000,,Tencent_raw
2025-12-02,300301.SZ,2.5200,2.5200,2.4700,2.4900,75199.0000,,Tencent_raw
2025-12-03,300301.SZ,2.5000,2.5100,2.4300,2.4400,84502.0000,,Tencent_raw
2025-12-04,300301.SZ,2.4300,2.4600,2.3800,2.3900,76070.0000,,Tencent_raw
2025-12-05,300301.SZ,2.3900,2.4400,2.3800,2.4400,47889.0000,,Tencent_raw
2025-12-08,300301.SZ,2.4300,2.4700,2.4300,2.4600,58277.0000,,Tencent_raw
2025-12-09,300301.SZ,2.4600,2.4800,2.4400,2.4600,79509.0000,,Tencent_raw
2025-12-10,300301.SZ,2.4600,2.4700,2.4100,2.4400,89864.0000,,Tencent_raw
2025-12-11,300301.SZ,2.4400,2.4600,2.3900,2.3900,66100.0000,,Tencent_raw
2025-12-12,300301.SZ,2.4000,2.4100,2.3700,2.3700,62740.0000,,Tencent_raw
2025-12-15,300301.SZ,2.3700,2.3900,2.3300,2.3600,54317.0000,,Tencent_raw
2025-12-16,300301.SZ,2.3600,2.3900,2.3100,2.3300,65771.0000,,Tencent_raw
2025-12-17,300301.SZ,2.3300,2.4000,2.3300,2.3600,60762.0000,,Tencent_raw
2025-12-18,300301.SZ,2.3500,2.4400,2.3400,2.3900,84630.0000,,Tencent_raw
2025-12-19,300301.SZ,2.3700,2.4300,2.3700,2.4200,75674.0000,,Tencent_raw
2025-12-22,300301.SZ,2.4200,2.4300,2.4100,2.4300,57420.0000,,Tencent_raw
2025-12-23,300301.SZ,2.4300,2.4300,2.3800,2.4000,71216.0000,,Tencent_raw
2025-12-24,300301.SZ,2.3800,2.4200,2.3800,2.4200,48112.0000,,Tencent_raw
2025-12-25,300301.SZ,2.4100,2.4200,2.3900,2.4100,60179.0000,,Tencent_raw
2025-12-26,300301.SZ,2.4000,2.4100,2.3700,2.3800,91072.0000,,Tencent_raw
2025-12-29,300301.SZ,2.3900,2.3900,2.3300,2.3500,81408.0000,,Tencent_raw
2025-12-30,300301.SZ,2.3400,2.3900,2.3200,2.3500,78371.0000,,Tencent_raw
2025-12-31,300301.SZ,2.3600,2.3700,2.3300,2.3700,55465.0000,,Tencent_raw
2026-01-05,300301.SZ,2.3700,2.4100,2.3600,2.3800,86433.0000,,Tencent_raw
2026-01-06,300301.SZ,2.3800,2.4000,2.3600,2.3900,88686.0000,,Tencent_raw
2026-01-07,300301.SZ,2.3900,2.3900,2.3500,2.3600,90692.0000,,Tencent_raw
2026-01-08,300301.SZ,2.3400,2.3800,2.3400,2.3600,77103.0000,,Tencent_raw
2026-01-09,300301.SZ,2.3600,2.3600,2.3200,2.3300,112964.0000,,Tencent_raw
2026-01-12,300301.SZ,2.3400,2.3500,2.3100,2.3300,108347.0000,,Tencent_raw
2026-01-13,300301.SZ,2.3300,2.3400,2.3000,2.3300,137895.0000,,Tencent_raw
2026-01-14,300301.SZ,2.3300,2.3700,2.3200,2.3400,137720.0000,,Tencent_raw
2026-01-15,300301.SZ,2.3400,2.4000,2.3400,2.3600,104288.0000,,Tencent_raw
2026-01-16,300301.SZ,2.3600,2.3800,2.3400,2.3700,96893.0000,,Tencent_raw
2026-01-19,300301.SZ,2.3600,2.4000,2.3500,2.3800,106680.0000,,Tencent_raw
2026-01-20,300301.SZ,2.3800,2.4700,2.3700,2.4100,195894.0000,,Tencent_raw
2026-01-21,300301.SZ,2.4000,2.4400,2.3900,2.4300,82822.0000,,Tencent_raw
2026-01-22,300301.SZ,2.4200,2.4600,2.3900,2.4500,137415.0000,,Tencent_raw
2026-01-23,300301.SZ,2.4500,2.4500,2.4000,2.4100,146475.0000,,Tencent_raw
2026-01-26,300301.SZ,2.4100,2.4200,2.3700,2.4100,116767.0000,,Tencent_raw
2026-01-27,300301.SZ,2.4100,2.4100,2.3500,2.3900,99427.0000,,Tencent_raw
2026-01-28,300301.SZ,2.3900,2.4000,2.3400,2.3400,91063.0000,,Tencent_raw
2026-01-29,300301.SZ,2.3400,2.3400,2.2600,2.2700,165322.0000,,Tencent_raw
2026-01-30,300301.SZ,2.2300,2.2800,2.2300,2.2700,70608.0000,,Tencent_raw
2026-02-02,300301.SZ,2.2800,2.3200,2.2700,2.2800,87142.0000,,Tencent_raw
2026-02-03,300301.SZ,2.2900,2.3200,2.2800,2.3000,60048.0000,,Tencent_raw
2026-02-04,300301.SZ,2.3100,2.3300,2.3000,2.3200,68676.0000,,Tencent_raw
2026-02-05,300301.SZ,2.3100,2.5700,2.3100,2.4700,356794.0000,,Tencent_raw
2026-02-06,300301.SZ,2.4500,2.4700,2.3900,2.4300,198788.0000,,Tencent_raw
2026-02-09,300301.SZ,2.4200,2.5000,2.4200,2.4900,150168.0000,,Tencent_raw
2026-02-10,300301.SZ,2.5200,2.5600,2.4800,2.5000,158119.0000,,Tencent_raw
2026-02-11,300301.SZ,2.5100,2.5400,2.4800,2.5000,117255.0000,,Tencent_raw
2026-02-12,300301.SZ,2.4900,2.5200,2.4600,2.4800,106518.0000,,Tencent_raw
2026-02-13,300301.SZ,2.4700,2.5400,2.4600,2.5300,123433.0000,,Tencent_raw
2026-02-24,300301.SZ,2.5900,2.6600,2.5800,2.6200,178675.0000,,Tencent_raw
2026-02-25,300301.SZ,2.6300,3.0800,2.6300,2.9200,509411.0000,,Tencent_raw
2026-02-26,300301.SZ,2.9100,3.0500,2.8400,2.9300,365778.0000,,Tencent_raw
2026-02-27,300301.SZ,2.9300,2.9300,2.8400,2.8900,216905.0000,,Tencent_raw
2026-03-02,300301.SZ,2.8900,3.0100,2.8200,2.9100,306531.0000,,Tencent_raw
2026-03-03,300301.SZ,2.9300,2.9900,2.7900,2.8000,263773.0000,,Tencent_raw
2026-03-04,300301.SZ,2.7800,2.8400,2.7300,2.7700,209246.0000,,Tencent_raw
2026-03-05,300301.SZ,2.8400,3.0200,2.8300,2.9900,300984.0000,,Tencent_raw
2026-03-06,300301.SZ,2.9500,3.2400,2.9300,3.1600,368977.0000,,Tencent_raw
2026-03-09,300301.SZ,3.1400,3.1900,3.0700,3.1600,263726.0000,,Tencent_raw
2026-03-10,300301.SZ,3.1300,3.2400,3.0300,3.0600,306695.0000,,Tencent_raw
2026-03-11,300301.SZ,3.0900,3.0900,2.9800,3.0100,191026.0000,,Tencent_raw
2026-03-12,300301.SZ,3.0000,3.0800,2.9900,3.0000,159065.0000,,Tencent_raw
2026-03-13,300301.SZ,2.9300,3.1900,2.9100,3.1400,294565.0000,,Tencent_raw
2026-03-16,300301.SZ,3.1300,3.3300,3.1000,3.2600,256972.0000,,Tencent_raw
2026-03-17,300301.SZ,3.2700,3.3000,3.1900,3.2000,178855.0000,,Tencent_raw
2026-03-18,300301.SZ,3.1900,3.3300,3.1700,3.2100,174493.0000,,Tencent_raw
2026-03-19,300301.SZ,3.2100,3.3800,3.2100,3.2800,222720.0000,,Tencent_raw
2026-03-20,300301.SZ,3.2500,3.3700,3.1700,3.2400,229224.0000,,Tencent_raw
2026-03-23,300301.SZ,3.1800,3.2200,2.9800,3.0100,282459.0000,,Tencent_raw
2026-03-24,300301.SZ,3.1000,3.3400,3.0500,3.3100,254110.0000,,Tencent_raw
2026-03-25,300301.SZ,3.3400,3.6000,3.3100,3.5000,305814.0000,,Tencent_raw
2026-03-26,300301.SZ,3.4700,3.6700,3.4500,3.5700,243832.0000,,Tencent_raw
2026-03-27,300301.SZ,3.5500,3.6000,3.4600,3.5500,210600.0000,,Tencent_raw
2026-03-30,300301.SZ,3.5600,3.8800,3.5400,3.8800,301406.0000,,Tencent_raw
2026-03-31,300301.SZ,3.8800,3.8800,3.5100,3.5500,357321.0000,,Tencent_raw
2026-04-01,300301.SZ,3.7000,3.8300,3.2500,3.2900,636935.0000,,Tencent_raw
2026-04-02,300301.SZ,3.3300,3.3500,3.0700,3.1600,484150.0000,,Tencent_raw
2026-04-03,300301.SZ,3.2100,3.4100,3.1800,3.3300,419376.0000,,Tencent_raw
2026-04-07,300301.SZ,3.2900,3.4200,3.2200,3.4000,272253.0000,,Tencent_raw
2026-04-08,300301.SZ,3.3300,3.4000,3.2900,3.3400,362665.0000,,Tencent_raw
2026-04-09,300301.SZ,3.3400,3.4000,3.2000,3.2700,263136.0000,,Tencent_raw
2026-04-10,300301.SZ,3.3000,3.3300,3.1400,3.1600,263289.0000,,Tencent_raw
2026-04-13,300301.SZ,3.1500,3.2500,3.0600,3.2300,311125.0000,,Tencent_raw
2026-04-14,300301.SZ,3.2500,3.8200,3.2500,3.6600,569495.0000,,Tencent_raw
2026-04-15,300301.SZ,3.7100,4.1000,3.5200,3.6200,715972.0000,,Tencent_raw
2026-04-16,300301.SZ,3.6400,3.9000,3.6100,3.8000,417026.0000,,Tencent_raw
2026-04-17,300301.SZ,3.7500,3.9400,3.7500,3.9200,342395.0000,,Tencent_raw
2026-04-20,300301.SZ,4.0400,4.0400,3.7500,3.8400,244831.0000,,Tencent_raw
2026-04-21,300301.SZ,3.8500,3.9500,3.7800,3.8000,202147.0000,,Tencent_raw
2026-04-22,300301.SZ,3.7800,3.8400,3.7400,3.8100,155972.0000,,Tencent_raw
2026-04-23,300301.SZ,3.8700,4.0300,3.7600,3.8500,352323.0000,,Tencent_raw
2026-04-24,300301.SZ,3.8000,3.9000,3.6000,3.6800,381240.0000,,Tencent_raw
2026-04-27,300301.SZ,3.6800,3.7000,3.5500,3.6300,182837.0000,,Tencent_raw
2026-04-28,300301.SZ,3.6200,3.7400,3.5800,3.6600,142381.0000,,Tencent_raw
2026-04-29,300301.SZ,3.7200,3.7400,3.5700,3.6000,172255.0000,,Tencent_raw
2026-04-30,300301.SZ,3.5500,3.6900,3.5500,3.6900,168115.0000,,Tencent_raw
2026-05-06,300301.SZ,3.7100,3.7500,3.6200,3.6500,142050.0000,,Tencent_raw
2026-05-07,300301.SZ,3.6600,3.6600,3.4400,3.4600,233667.0000,,Tencent_raw
2026-05-08,300301.SZ,3.5000,3.6900,3.4000,3.6600,220657.0000,,Tencent_raw
2026-05-11,300301.SZ,3.6100,3.6800,3.5500,3.5900,151249.0000,,Tencent_raw
2026-05-12,300301.SZ,3.5800,3.6300,3.5100,3.5900,110695.0000,,Tencent_raw
2026-05-13,300301.SZ,3.5800,3.7300,3.5600,3.6400,153549.0000,,Tencent_raw
2026-05-14,300301.SZ,3.6500,3.6500,3.5400,3.5500,115694.0000,,Tencent_raw
2026-05-15,300301.SZ,3.5700,3.5900,3.5200,3.5600,89297.0000,,Tencent_raw
2026-05-18,300301.SZ,3.5100,3.5600,3.4700,3.5000,83474.0000,,Tencent_raw
2026-05-19,300301.SZ,3.5000,3.5000,3.3900,3.4000,100801.0000,,Tencent_raw
2026-05-20,300301.SZ,3.4500,3.4900,3.3700,3.4100,99828.0000,,Tencent_raw
2026-05-21,300301.SZ,3.3800,3.6000,3.3800,3.4500,149873.0000,,Tencent_raw
2026-05-22,300301.SZ,3.4500,3.4800,3.3800,3.4200,75583.0000,,Tencent_raw
2026-05-25,300301.SZ,3.5000,3.5800,3.3800,3.4800,139700.0000,,Tencent_raw
2026-05-26,300301.SZ,3.4900,3.5900,3.2800,3.3000,175127.0000,,Tencent_raw
2026-05-27,300301.SZ,3.3500,3.3900,3.1800,3.2700,117859.0000,,Tencent_raw
2026-05-28,300301.SZ,3.2800,3.4800,3.2200,3.4200,154344.0000,,Tencent_raw
2026-05-29,300301.SZ,3.4200,3.4900,3.3400,3.4000,130692.0000,,Tencent_raw
2026-06-01,300301.SZ,3.4000,3.4100,3.3500,3.3700,74146.0000,,Tencent_raw
2026-06-02,300301.SZ,3.3900,3.3900,3.3000,3.3600,81974.0000,,Tencent_raw
2026-06-03,300301.SZ,3.4100,3.4800,3.3700,3.4400,131387.0000,,Tencent_raw
2026-06-04,300301.SZ,3.4400,3.4600,3.3300,3.3300,89347.0000,,Tencent_raw
2026-06-05,300301.SZ,3.3400,3.3400,3.2100,3.2700,100444.0000,,Tencent_raw
2026-06-08,300301.SZ,3.2300,3.3500,3.1800,3.2700,81910.0000,,Tencent_raw
2026-06-09,300301.SZ,3.2800,3.3800,3.2300,3.2700,85088.0000,,Tencent_raw
2026-06-10,300301.SZ,3.2400,3.2600,3.1800,3.2200,94824.0000,,Tencent_raw
2026-06-11,300301.SZ,3.2100,3.2500,3.0200,3.1400,106107.0000,,Tencent_raw
2026-06-12,300301.SZ,3.1800,3.1900,3.1200,3.1600,77301.0000,,Tencent_raw
2026-06-15,300301.SZ,3.2100,3.2700,3.1900,3.2100,87910.0000,,Tencent_raw
2026-06-16,300301.SZ,3.2100,3.2500,3.1400,3.2000,92896.0000,,Tencent_raw
2026-06-17,300301.SZ,3.1700,3.3000,3.1700,3.2600,115779.0000,,Tencent_raw
2026-06-18,300301.SZ,3.2600,3.2700,3.1200,3.1600,125077.0000,,Tencent_raw
2026-06-22,300301.SZ,3.1600,3.1700,3.0400,3.0700,100756.0000,,Tencent_raw
2026-06-23,300301.SZ,3.0900,3.1800,3.0500,3.0900,94372.0000,,Tencent_raw
2026-06-24,300301.SZ,3.0900,3.6700,3.0700,3.6300,330802.0000,,Tencent_raw
2026-06-25,300301.SZ,3.5900,3.6600,3.4000,3.5000,237107.0000,,Tencent_raw
2026-06-26,300301.SZ,3.5200,3.8200,3.5000,3.7100,275883.0000,,Tencent_raw
2026-06-29,300301.SZ,3.6900,3.8500,3.5300,3.5900,164729.0000,,Tencent_raw
2026-06-30,300301.SZ,3.5900,3.8900,3.5300,3.8500,235286.0000,,Tencent_raw
2026-07-01,300301.SZ,3.8600,3.9400,3.7500,3.7900,193169.0000,,Tencent_raw
2026-07-02,300301.SZ,3.7700,4.0500,3.7700,3.9400,280782.0000,,Tencent_raw
2026-07-03,300301.SZ,3.8700,3.9900,3.8500,3.9500,135532.0000,,Tencent_raw
2026-07-06,300301.SZ,3.9500,3.9700,3.7600,3.7900,143488.0000,,Tencent_raw
2026-07-07,300301.SZ,3.8000,3.9300,3.5800,3.6400,123677.0000,,Tencent_raw
2026-07-08,300301.SZ,3.6400,3.7600,3.6000,3.6700,99633.0000,,Tencent_raw
2026-07-09,300301.SZ,3.7100,3.7300,3.6100,3.6700,76811.0000,,Tencent_raw
2026-07-10,300301.SZ,3.6900,3.7100,3.5800,3.6300,77209.0000,,Tencent_raw
2026-07-13,300301.SZ,3.6400,3.7100,3.5500,3.6800,92459.0000,,Tencent_raw
2026-07-14,300301.SZ,3.7200,3.9100,3.6500,3.9100,181423.0000,,Tencent_raw
2026-07-15,300301.SZ,3.8500,3.9200,3.8000,3.8400,100654.0000,,Tencent_raw
2026-07-16,300301.SZ,3.8500,3.8800,3.7800,3.8400,57641.0000,,Tencent_raw
2026-07-17,300301.SZ,3.8400,3.8600,3.5900,3.5900,102648.0000,,Tencent_raw
2026-07-20,300301.SZ,3.6200,3.6800,3.0900,3.3900,142245.0000,,Tencent_raw
2026-07-21,300301.SZ,3.3800,3.4900,3.2900,3.4100,110185.0000,,Tencent_raw
2026-07-22,300301.SZ,3.4300,3.5400,3.4000,3.4600,82801.0000,,Tencent_raw
2026-07-23,300301.SZ,3.4700,3.5300,3.4300,3.4800,60665.0000,,Tencent_raw
2026-07-24,300301.SZ,3.4300,3.4800,3.4100,3.4600,30330.0000,,Tencent_raw
2026-07-27,300301.SZ,3.4700,3.4700,3.3300,3.3300,108127.0000,,Tencent_raw
2026-07-28,300301.SZ,3.3000,3.4700,3.2900,3.4000,82533.0000,,Tencent_raw
2026-07-29,300301.SZ,3.4300,3.4300,3.3200,3.3900,64058.0000,,Tencent_raw
2026-07-30,300301.SZ,3.3800,3.4200,3.2900,3.3400,53145.0000,,Tencent_raw
2026-07-31,300301.SZ,3.4000,3.4000,3.3100,3.3600,61674.0000,,Tencent_raw
2026-08-03,300301.SZ,3.3600,3.3900,3.3200,3.3300,50542.0000,,Tencent_raw
2026-08-04,300301.SZ,3.3500,3.4500,3.3300,3.4000,68690.0000,,Tencent_raw
2026-08-05,300301.SZ,3.4000,3.4200,3.3400,3.3500,77343.0000,,Tencent_raw
2026-08-06,300301.SZ,3.3600,3.3700,3.3000,3.3200,77305.0000,,Tencent_raw
2026-08-07,300301.SZ,3.3300,3.3400,3.2100,3.2300,110293.0000,,Tencent_raw
2026-08-10,300301.SZ,3.2200,3.2800,3.2200,3.2500,56434.0000,,Tencent_raw
2026-08-11,300301.SZ,3.2800,3.3600,3.2300,3.2800,77009.0000,,Tencent_raw
2026-08-12,300301.SZ,3.2800,3.3800,3.2300,3.3300,95803.0000,,Tencent_raw
2026-08-13,300301.SZ,3.3300,3.5500,3.2900,3.4200,129114.0000,,Tencent_raw
2026-08-14,300301.SZ,3.4200,3.4500,3.3600,3.4100,79219.0000,,Tencent_raw
2026-08-17,300301.SZ,3.4400,3.4600,3.3800,3.4100,51872.0000,,Tencent_raw
2026-08-18,300301.SZ,3.4100,3.4600,3.3100,3.3900,88354.0000,,Tencent_raw
2026-08-19,300301.SZ,3.3800,3.3800,3.2900,3.3100,58542.0000,,Tencent_raw
2026-08-20,300301.SZ,3.3000,3.3500,3.2700,3.2800,40016.0000,,Tencent_raw
2026-08-21,300301.SZ,3.2800,3.3600,3.2500,3.3400,40111.0000,,Tencent_raw
2026-08-24,300301.SZ,3.3500,3.3500,3.2300,3.2500,52878.0000,,Tencent_raw
2026-08-25,300301.SZ,3.2700,3.2700,3.2000,3.2400,39593.0000,,Tencent_raw
2026-08-26,300301.SZ,3.2500,3.3100,3.2300,3.2500,59806.0000,,Tencent_raw
2026-08-27,300301.SZ,3.2500,3.3000,3.2000,3.2800,84908.0000,,Tencent_raw
2026-08-28,300301.SZ,3.2800,3.5100,3.2700,3.3600,133846.0000,,Tencent_raw
2026-08-31,300301.SZ,3.3500,3.4900,3.3100,3.4600,110345.0000,,Tencent_raw
2026-09-01,300301.SZ,3.4700,3.5900,3.4600,3.5400,119458.0000,,Tencent_raw
2026-09-02,300301.SZ,3.5500,3.6500,3.5100,3.6100,127199.0000,,Tencent_raw
2026-09-03,300301.SZ,3.5900,3.6500,3.4700,3.5000,132488.0000,,Tencent_raw
2026-09-04,300301.SZ,3.5000,3.5500,3.4900,3.5300,82669.0000,,Tencent_raw
2026-09-07,300301.SZ,3.5300,3.5600,3.4600,3.4800,69386.0000,,Tencent_raw
2026-09-08,300301.SZ,3.4900,3.5400,3.4700,3.4800,61133.0000,,Tencent_raw
2026-09-09,300301.SZ,3.4800,3.6600,3.4800,3.6100,133253.0000,,Tencent_raw
2026-09-10,300301.SZ,3.6300,3.6300,3.4600,3.4700,112121.0000,,Tencent_raw
2026-09-11,300301.SZ,3.4700,3.4700,3.3400,3.4300,73009.0000,,Tencent_raw
2026-09-14,300301.SZ,3.4300,3.4300,3.3200,3.3700,83966.0000,,Tencent_raw
2026-09-15,300301.SZ,3.4000,3.5300,3.3800,3.4500,76341.0000,,Tencent_raw
2026-09-16,300301.SZ,3.4700,3.4700,3.4100,3.4600,55559.0000,,Tencent_raw
2026-09-17,300301.SZ,3.4600,3.5000,3.4400,3.4700,65124.0000,,Tencent_raw
2026-09-18,300301.SZ,3.4800,3.4900,3.4500,3.4700,61009.0000,,Tencent_raw
2026-09-21,300301.SZ,3.4700,3.5100,3.4400,3.4700,75273.0000,,Tencent_raw
2026-09-22,300301.SZ,3.4700,3.4800,3.4100,3.4500,56833.0000,,Tencent_raw
2026-09-23,300301.SZ,3.4500,3.4600,3.3900,3.4300,30248.0000,,Tencent_raw
2026-09-24,300301.SZ,3.4200,3.7000,3.3900,3.6000,198825.0000,,Tencent_raw
2026-09-28,300301.SZ,3.7500,3.8800,3.6500,3.8600,335669.0000,,Tencent_raw
2025-09-01,300338.SZ,4.1100,4.1700,4.1000,4.1400,50487.0000,,Tencent_raw
2025-09-02,300338.SZ,4.1100,4.1400,4.0300,4.0500,57074.0000,,Tencent_raw
2025-09-03,300338.SZ,4.0500,4.1100,3.9700,4.0100,56063.0000,,Tencent_raw
2025-09-04,300338.SZ,4.0100,4.0900,3.9600,4.0100,53858.0000,,Tencent_raw
2025-09-05,300338.SZ,4.0400,4.0600,3.9900,4.0500,46653.0000,,Tencent_raw
2025-09-08,300338.SZ,4.0400,4.3400,4.0200,4.2000,130050.0000,,Tencent_raw
2025-09-09,300338.SZ,4.2100,4.2900,4.1500,4.2200,89424.0000,,Tencent_raw
2025-09-10,300338.SZ,4.2200,4.2500,4.1200,4.1700,57914.0000,,Tencent_raw
2025-09-11,300338.SZ,4.1700,4.2200,4.1300,4.1600,52556.0000,,Tencent_raw
2025-09-12,300338.SZ,4.1800,4.1800,4.1100,4.1200,54928.0000,,Tencent_raw
2025-09-15,300338.SZ,4.1300,4.1900,4.0500,4.1300,54693.0000,,Tencent_raw
2025-09-16,300338.SZ,4.1200,4.1300,4.0500,4.0900,41997.0000,,Tencent_raw
2025-09-17,300338.SZ,4.1000,4.1100,4.0700,4.0800,46965.0000,,Tencent_raw
2025-09-18,300338.SZ,4.0900,4.1000,3.9900,4.0000,61443.0000,,Tencent_raw
2025-09-19,300338.SZ,4.0000,4.1700,3.9600,4.1100,64988.0000,,Tencent_raw
2025-09-22,300338.SZ,4.0700,4.1500,4.0100,4.0300,40530.0000,,Tencent_raw
2025-09-23,300338.SZ,4.0400,4.0400,3.9000,3.9500,44934.0000,,Tencent_raw
2025-09-24,300338.SZ,3.9400,3.9700,3.8900,3.9300,41800.0000,,Tencent_raw
2025-09-25,300338.SZ,3.9500,4.0100,3.9200,3.9200,47548.0000,,Tencent_raw
2025-09-26,300338.SZ,3.9200,4.0100,3.9000,3.9700,60917.0000,,Tencent_raw
2025-09-29,300338.SZ,3.9300,3.9900,3.9200,3.9500,54650.0000,,Tencent_raw
2025-09-30,300338.SZ,3.9000,3.9800,3.9000,3.9300,53686.0000,,Tencent_raw
2025-10-09,300338.SZ,3.9300,3.9300,3.8600,3.8700,81197.0000,,Tencent_raw
2025-10-10,300338.SZ,3.9000,4.0200,3.8900,3.9300,55894.0000,,Tencent_raw
2025-10-13,300338.SZ,3.8300,3.9600,3.7800,3.9500,50357.0000,,Tencent_raw
2025-10-14,300338.SZ,3.9600,4.0200,3.9000,3.9200,59116.0000,,Tencent_raw
2025-10-15,300338.SZ,3.9500,4.0000,3.9100,3.9900,48466.0000,,Tencent_raw
2025-10-16,300338.SZ,3.9800,4.0800,3.9600,4.0700,72164.0000,,Tencent_raw
2025-10-17,300338.SZ,4.0300,4.0300,3.9500,3.9700,47649.0000,,Tencent_raw
2025-10-20,300338.SZ,4.0200,4.0200,3.9500,3.9700,43421.0000,,Tencent_raw
2025-10-21,300338.SZ,3.9800,3.9800,3.9200,3.9700,46096.0000,,Tencent_raw
2025-10-22,300338.SZ,3.9300,3.9500,3.8800,3.9200,57819.0000,,Tencent_raw
2025-10-23,300338.SZ,3.9100,3.9300,3.8400,3.8800,61418.0000,,Tencent_raw
2025-10-24,300338.SZ,3.9000,3.9100,3.8600,3.8600,42597.0000,,Tencent_raw
2025-10-27,300338.SZ,3.8500,3.9000,3.8300,3.9000,47630.0000,,Tencent_raw
2025-10-28,300338.SZ,3.8800,3.9400,3.8600,3.9300,47221.0000,,Tencent_raw
2025-10-29,300338.SZ,3.9300,3.9300,3.8700,3.8800,46364.0000,,Tencent_raw
2025-10-30,300338.SZ,3.8700,3.8800,3.8000,3.8000,65616.0000,,Tencent_raw
2025-10-31,300338.SZ,3.8100,3.8500,3.8100,3.8400,40759.0000,,Tencent_raw
2025-11-03,300338.SZ,3.8400,4.0100,3.8100,3.9500,111099.0000,,Tencent_raw
2025-11-04,300338.SZ,3.9200,4.2800,3.9200,4.1200,209176.0000,,Tencent_raw
2025-11-05,300338.SZ,4.1100,4.1900,4.0600,4.1000,103604.0000,,Tencent_raw
2025-11-06,300338.SZ,4.1300,4.1300,4.0200,4.0400,70356.0000,,Tencent_raw
2025-11-07,300338.SZ,4.0300,4.0900,4.0100,4.0500,58401.0000,,Tencent_raw
2025-11-10,300338.SZ,4.0100,4.0200,3.9600,3.9900,73336.0000,,Tencent_raw
2025-11-11,300338.SZ,3.9900,4.0800,3.9800,4.0600,58184.0000,,Tencent_raw
2025-11-12,300338.SZ,4.0700,4.1000,3.9900,4.0600,59950.0000,,Tencent_raw
2025-11-13,300338.SZ,4.0500,4.3900,4.0200,4.2500,216357.0000,,Tencent_raw
2025-11-14,300338.SZ,4.1800,4.4100,4.1800,4.3700,179706.0000,,Tencent_raw
2025-11-17,300338.SZ,4.3300,4.3700,4.2000,4.2400,111413.0000,,Tencent_raw
2025-11-18,300338.SZ,4.2200,4.8800,4.1800,4.6900,338562.0000,,Tencent_raw
2025-11-19,300338.SZ,4.6700,4.8500,4.4200,4.5700,229291.0000,,Tencent_raw
2025-11-20,300338.SZ,4.5800,4.6300,4.3100,4.3800,165615.0000,,Tencent_raw
2025-11-21,300338.SZ,4.3600,4.5500,4.1800,4.1800,157435.0000,,Tencent_raw
2025-11-24,300338.SZ,4.1700,4.2400,4.0200,4.0800,149118.0000,,Tencent_raw
2025-11-25,300338.SZ,4.0800,4.2800,4.0800,4.1400,115836.0000,,Tencent_raw
2025-11-26,300338.SZ,4.1100,4.3200,4.0500,4.2600,142227.0000,,Tencent_raw
2025-11-27,300338.SZ,4.2300,4.2500,4.1000,4.1100,93084.0000,,Tencent_raw
2025-11-28,300338.SZ,4.1100,4.1900,4.0900,4.1800,70226.0000,,Tencent_raw
2025-12-01,300338.SZ,4.1500,4.2200,4.1100,4.1700,68510.0000,,Tencent_raw
2025-12-02,300338.SZ,4.1600,4.1900,4.1200,4.1400,44768.0000,,Tencent_raw
2025-12-03,300338.SZ,4.1400,4.1400,3.9200,3.9600,130770.0000,,Tencent_raw
2025-12-04,300338.SZ,3.9400,3.9900,3.8900,3.9400,62590.0000,,Tencent_raw
2025-12-05,300338.SZ,3.9600,3.9600,3.8900,3.9300,52787.0000,,Tencent_raw
2025-12-08,300338.SZ,3.9200,3.9500,3.8900,3.9300,56244.0000,,Tencent_raw
2025-12-09,300338.SZ,3.9200,3.9200,3.8600,3.8600,64798.0000,,Tencent_raw
2025-12-10,300338.SZ,3.8500,3.9500,3.8300,3.9200,60416.0000,,Tencent_raw
2025-12-11,300338.SZ,3.9100,3.9100,3.8300,3.8700,54603.0000,,Tencent_raw
2025-12-12,300338.SZ,3.9200,3.9300,3.8500,3.9100,38562.0000,,Tencent_raw
2025-12-15,300338.SZ,3.8800,3.9000,3.8500,3.8600,31483.0000,,Tencent_raw
2025-12-16,300338.SZ,3.8600,3.9300,3.8100,3.8400,49814.0000,,Tencent_raw
2025-12-17,300338.SZ,3.8100,3.8700,3.8000,3.8600,31739.0000,,Tencent_raw
2025-12-18,300338.SZ,3.8400,3.9600,3.8300,3.8800,39166.0000,,Tencent_raw
2025-12-19,300338.SZ,3.8700,3.9400,3.8600,3.9300,30003.0000,,Tencent_raw
2025-12-22,300338.SZ,3.9100,3.9400,3.8700,3.9200,35823.0000,,Tencent_raw
2025-12-23,300338.SZ,3.9200,3.9200,3.7900,3.8100,59729.0000,,Tencent_raw
2025-12-24,300338.SZ,3.7900,3.8300,3.7800,3.8200,31839.0000,,Tencent_raw
2025-12-25,300338.SZ,3.8000,3.9000,3.7900,3.8800,52597.0000,,Tencent_raw
2025-12-26,300338.SZ,3.8700,3.9300,3.8500,3.8700,38923.0000,,Tencent_raw
2025-12-29,300338.SZ,3.8700,3.8700,3.8200,3.8300,36167.0000,,Tencent_raw
2025-12-30,300338.SZ,3.8200,3.9200,3.7700,3.8000,68594.0000,,Tencent_raw
2025-12-31,300338.SZ,3.8300,3.8300,3.7600,3.8000,33071.0000,,Tencent_raw
2026-01-05,300338.SZ,3.8100,3.8200,3.7600,3.7800,52867.0000,,Tencent_raw
2026-01-06,300338.SZ,3.7900,3.8100,3.7600,3.7900,48104.0000,,Tencent_raw
2026-01-07,300338.SZ,3.7500,3.7700,3.5100,3.5500,191020.0000,,Tencent_raw
2026-01-08,300338.SZ,3.5500,3.6500,3.5100,3.6100,81137.0000,,Tencent_raw
2026-01-09,300338.SZ,3.6300,3.7500,3.5800,3.7000,96160.0000,,Tencent_raw
2026-01-12,300338.SZ,3.6900,3.7000,3.6000,3.6400,107864.0000,,Tencent_raw
2026-01-13,300338.SZ,3.6300,3.7700,3.5600,3.6600,128163.0000,,Tencent_raw
2026-01-14,300338.SZ,3.6400,3.7100,3.6100,3.6300,87222.0000,,Tencent_raw
2026-01-15,300338.SZ,3.6000,3.6300,3.5600,3.5700,56863.0000,,Tencent_raw
2026-01-16,300338.SZ,3.5500,3.6000,3.5300,3.5900,45032.0000,,Tencent_raw
2026-01-19,300338.SZ,3.5600,3.6200,3.5300,3.6100,49354.0000,,Tencent_raw
2026-01-20,300338.SZ,3.6000,3.6200,3.5500,3.5600,53131.0000,,Tencent_raw
2026-01-21,300338.SZ,3.5500,3.5500,3.3400,3.5000,101372.0000,,Tencent_raw
2026-01-22,300338.SZ,3.4600,3.5300,3.4400,3.5100,64661.0000,,Tencent_raw
2026-01-23,300338.SZ,3.5000,3.5400,3.4700,3.5300,74670.0000,,Tencent_raw
2026-01-26,300338.SZ,3.5500,3.5700,3.4200,3.5200,95092.0000,,Tencent_raw
2026-01-27,300338.SZ,3.5200,3.7600,3.4900,3.6000,136583.0000,,Tencent_raw
2026-01-28,300338.SZ,3.5800,3.6400,3.5000,3.5200,75921.0000,,Tencent_raw
2026-01-29,300338.SZ,3.5100,3.5100,3.4000,3.4500,58765.0000,,Tencent_raw
2026-01-30,300338.SZ,3.4500,3.4500,3.3400,3.3600,88877.0000,,Tencent_raw
2026-02-02,300338.SZ,3.4000,3.7500,3.4000,3.6200,200125.0000,,Tencent_raw
2026-02-03,300338.SZ,3.6000,3.7100,3.5400,3.6500,147286.0000,,Tencent_raw
2026-02-04,300338.SZ,3.7500,3.9100,3.7000,3.8500,197038.0000,,Tencent_raw
2026-02-05,300338.SZ,3.8500,4.0200,3.7500,3.8500,203878.0000,,Tencent_raw
2026-02-06,300338.SZ,3.8300,4.2800,3.8300,4.1100,288177.0000,,Tencent_raw
2026-02-09,300338.SZ,4.0500,4.1600,3.9100,4.1200,209385.0000,,Tencent_raw
2026-02-10,300338.SZ,4.1000,4.1800,3.9500,4.0000,157925.0000,,Tencent_raw
2026-02-11,300338.SZ,4.0100,4.0100,3.8800,3.9300,94297.0000,,Tencent_raw
2026-02-12,300338.SZ,3.9000,3.9000,3.7700,3.7800,108989.0000,,Tencent_raw
2026-02-13,300338.SZ,3.8000,3.8800,3.8000,3.8200,54036.0000,,Tencent_raw
2026-02-24,300338.SZ,3.8600,3.8900,3.8000,3.8600,46165.0000,,Tencent_raw
2026-02-25,300338.SZ,3.8600,3.9800,3.8600,3.9300,51378.0000,,Tencent_raw
2026-02-26,300338.SZ,3.9500,3.9600,3.8600,3.8800,52546.0000,,Tencent_raw
2026-02-27,300338.SZ,3.9300,4.1200,3.9100,4.1000,152376.0000,,Tencent_raw
2026-03-02,300338.SZ,3.9900,4.0400,3.8600,3.9200,125285.0000,,Tencent_raw
2026-03-03,300338.SZ,3.9400,3.9600,3.7700,3.8100,84343.0000,,Tencent_raw
2026-03-04,300338.SZ,3.7200,3.8400,3.7000,3.7900,71633.0000,,Tencent_raw
2026-03-05,300338.SZ,3.8800,3.8800,3.8000,3.8400,46466.0000,,Tencent_raw
2026-03-06,300338.SZ,3.8300,4.0400,3.8200,3.9800,92346.0000,,Tencent_raw
2026-03-09,300338.SZ,3.9400,4.0200,3.8600,4.0000,75467.0000,,Tencent_raw
2026-03-10,300338.SZ,4.0200,4.0500,3.9500,3.9800,60077.0000,,Tencent_raw
2026-03-11,300338.SZ,3.9900,4.0600,3.9600,4.0200,53962.0000,,Tencent_raw
2026-03-12,300338.SZ,4.0200,4.1000,3.9300,3.9300,66921.0000,,Tencent_raw
2026-03-13,300338.SZ,3.9400,3.9500,3.8800,3.9400,45383.0000,,Tencent_raw
2026-03-16,300338.SZ,3.9500,4.0500,3.9000,4.0500,88928.0000,,Tencent_raw
2026-03-17,300338.SZ,4.0500,4.1300,3.9700,3.9800,69296.0000,,Tencent_raw
2026-03-18,300338.SZ,3.9800,4.0000,3.9100,3.9400,51479.0000,,Tencent_raw
2026-03-19,300338.SZ,3.9000,3.9100,3.8000,3.8500,64289.0000,,Tencent_raw
2026-03-20,300338.SZ,3.8300,3.9000,3.7200,3.7500,68831.0000,,Tencent_raw
2026-03-23,300338.SZ,3.6800,3.7100,3.5100,3.5500,63867.0000,,Tencent_raw
2026-03-24,300338.SZ,3.6200,3.7700,3.5100,3.7200,65716.0000,,Tencent_raw
2026-03-25,300338.SZ,3.7200,3.8500,3.7000,3.8400,64458.0000,,Tencent_raw
2026-03-26,300338.SZ,3.7500,3.8300,3.6600,3.6900,123562.0000,,Tencent_raw
2026-03-27,300338.SZ,3.6800,3.7900,3.6700,3.7200,78448.0000,,Tencent_raw
2026-03-30,300338.SZ,3.6600,3.7300,3.6200,3.6900,65958.0000,,Tencent_raw
2026-03-31,300338.SZ,3.7000,3.8300,3.7000,3.7800,88817.0000,,Tencent_raw
2026-04-01,300338.SZ,3.8400,3.8700,3.6800,3.7300,100448.0000,,Tencent_raw
2026-04-02,300338.SZ,3.7300,3.7500,3.6100,3.6500,70357.0000,,Tencent_raw
2026-04-03,300338.SZ,3.6000,3.6400,3.5300,3.5600,45473.0000,,Tencent_raw
2026-04-07,300338.SZ,3.5700,3.6300,3.5400,3.6100,35826.0000,,Tencent_raw
2026-04-08,300338.SZ,3.6600,3.7400,3.6500,3.7200,79873.0000,,Tencent_raw
2026-04-09,300338.SZ,3.6900,3.7300,3.6400,3.6700,36612.0000,,Tencent_raw
2026-04-10,300338.SZ,3.6700,3.7100,3.5800,3.6200,75042.0000,,Tencent_raw
2026-04-13,300338.SZ,3.6000,3.6900,3.5500,3.6800,98451.0000,,Tencent_raw
2026-04-14,300338.SZ,3.6500,3.7600,3.6500,3.7100,72483.0000,,Tencent_raw
2026-04-15,300338.SZ,3.7400,3.7600,3.6800,3.7500,58457.0000,,Tencent_raw
2026-04-16,300338.SZ,3.8500,3.9600,3.7700,3.8300,153272.0000,,Tencent_raw
2026-04-17,300338.SZ,3.8000,3.8100,3.6300,3.6700,149506.0000,,Tencent_raw
2026-04-20,300338.SZ,3.6500,3.6700,3.5400,3.5800,104682.0000,,Tencent_raw
2026-04-21,300338.SZ,3.5700,3.6700,3.5400,3.6500,68710.0000,,Tencent_raw
2026-04-22,300338.SZ,3.6300,3.6600,3.5900,3.6300,47120.0000,,Tencent_raw
2026-04-23,300338.SZ,3.5900,3.6200,3.5600,3.5600,42884.0000,,Tencent_raw
2026-04-24,300338.SZ,3.5500,3.5600,3.4300,3.5500,134768.0000,,Tencent_raw
2026-04-27,300338.SZ,3.5500,3.7500,3.5400,3.6900,157758.0000,,Tencent_raw
2026-04-29,300338.SZ,3.6900,3.7900,3.6000,3.6600,183839.0000,,Tencent_raw
2026-04-30,300338.SZ,3.6700,3.7100,3.6300,3.6800,79484.0000,,Tencent_raw
2026-05-06,300338.SZ,3.6800,3.7100,3.6000,3.6200,82747.0000,,Tencent_raw
2026-05-07,300338.SZ,3.6300,3.6300,3.5600,3.5800,63886.0000,,Tencent_raw
2026-05-08,300338.SZ,3.5900,3.6500,3.5400,3.6000,78650.0000,,Tencent_raw
2026-05-11,300338.SZ,3.5800,3.6200,3.5400,3.6100,78023.0000,,Tencent_raw
2026-05-12,300338.SZ,3.6000,3.6000,3.5100,3.5100,79769.0000,,Tencent_raw
2026-05-13,300338.SZ,3.5300,3.5800,3.4900,3.5400,55102.0000,,Tencent_raw
2026-05-14,300338.SZ,3.5400,3.6800,3.4700,3.5700,106051.0000,,Tencent_raw
2026-05-15,300338.SZ,3.6000,3.6100,3.5200,3.5300,56893.0000,,Tencent_raw
2026-05-18,300338.SZ,3.5200,3.5300,3.4700,3.4900,61150.0000,,Tencent_raw
2026-05-19,300338.SZ,3.4900,3.4900,3.3500,3.4800,157635.0000,,Tencent_raw
2026-05-20,300338.SZ,3.4500,3.5400,3.3600,3.3600,95459.0000,,Tencent_raw
2026-05-21,300338.SZ,3.3800,3.4300,3.1300,3.1700,159985.0000,,Tencent_raw
2026-05-22,300338.SZ,3.1800,3.2700,3.1800,3.2100,98015.0000,,Tencent_raw
2026-05-25,300338.SZ,3.2200,3.2600,3.1300,3.2100,84599.0000,,Tencent_raw
2026-05-26,300338.SZ,3.1800,3.2000,3.0700,3.1300,91853.0000,,Tencent_raw
2026-05-27,300338.SZ,3.1400,3.1400,3.0100,3.0600,69116.0000,,Tencent_raw
2026-05-28,300338.SZ,3.0800,3.1800,3.0500,3.1200,58521.0000,,Tencent_raw
2026-05-29,300338.SZ,3.1300,3.1800,3.1000,3.1200,57354.0000,,Tencent_raw
2026-06-01,300338.SZ,3.1100,3.2800,3.1000,3.2400,61363.0000,,Tencent_raw
2026-06-02,300338.SZ,3.2400,3.2600,3.1800,3.2600,45856.0000,,Tencent_raw
2026-06-03,300338.SZ,3.2200,3.2400,3.1300,3.1400,50215.0000,,Tencent_raw
2026-06-04,300338.SZ,3.1100,3.3300,3.1100,3.2600,98235.0000,,Tencent_raw
2026-06-05,300338.SZ,3.2400,3.3400,3.1800,3.3300,84889.0000,,Tencent_raw
2026-06-08,300338.SZ,3.3000,3.3100,3.1800,3.2400,51172.0000,,Tencent_raw
2026-06-09,300338.SZ,3.2600,3.2800,3.2100,3.2600,24058.0000,,Tencent_raw
2026-06-10,300338.SZ,3.2500,3.2600,3.1200,3.1500,40910.0000,,Tencent_raw
2026-06-11,300338.SZ,3.1500,3.1500,3.0300,3.0700,34920.0000,,Tencent_raw
2026-06-12,300338.SZ,3.1000,3.1400,3.0400,3.0600,37402.0000,,Tencent_raw
2026-06-15,300338.SZ,3.0700,3.1300,3.0400,3.0900,43513.0000,,Tencent_raw
2026-06-16,300338.SZ,3.1000,3.2800,3.0600,3.2600,73893.0000,,Tencent_raw
2026-06-17,300338.SZ,3.2300,3.3700,3.2200,3.2500,64759.0000,,Tencent_raw
2026-06-18,300338.SZ,3.3200,3.3900,3.1500,3.2300,82565.0000,,Tencent_raw
2026-06-22,300338.SZ,3.1700,3.2200,3.0300,3.1900,68348.0000,,Tencent_raw
2026-06-23,300338.SZ,3.1400,3.2200,3.0800,3.0800,60331.0000,,Tencent_raw
2026-06-24,300338.SZ,3.0800,3.0800,2.8200,2.8500,130349.0000,,Tencent_raw
2026-06-25,300338.SZ,2.7900,2.8500,2.4400,2.5300,163498.0000,,Tencent_raw
2026-06-26,300338.SZ,2.5500,3.0400,2.5400,2.9700,262767.0000,,Tencent_raw
2026-06-29,300338.SZ,2.8100,2.8300,2.6100,2.6500,172679.0000,,Tencent_raw
2026-06-30,300338.SZ,2.6500,2.7900,2.6100,2.6800,109540.0000,,Tencent_raw
2026-07-01,300338.SZ,2.6300,2.9400,2.6300,2.9000,125995.0000,,Tencent_raw
2026-07-02,300338.SZ,2.8800,3.0200,2.8300,2.8800,106358.0000,,Tencent_raw
2026-07-03,300338.SZ,2.8700,2.9300,2.8100,2.8400,67936.0000,,Tencent_raw
2026-07-06,300338.SZ,2.8400,3.2200,2.8100,3.1300,152108.0000,,Tencent_raw
2026-07-07,300338.SZ,2.9900,3.0000,2.8000,2.8600,123387.0000,,Tencent_raw
2026-07-08,300338.SZ,2.8200,2.9300,2.7800,2.8900,60704.0000,,Tencent_raw
2026-07-09,300338.SZ,2.8800,3.0500,2.8500,2.9500,87815.0000,,Tencent_raw
2026-07-10,300338.SZ,2.9100,2.9500,2.8500,2.9000,57387.0000,,Tencent_raw
2026-07-13,300338.SZ,2.8800,2.9800,2.7800,2.8000,60553.0000,,Tencent_raw
2026-07-14,300338.SZ,2.8300,2.8300,2.7100,2.7500,47387.0000,,Tencent_raw
2026-07-15,300338.SZ,2.7100,2.7600,2.6500,2.7200,60936.0000,,Tencent_raw
2026-07-16,300338.SZ,2.7000,2.8000,2.6500,2.7600,61294.0000,,Tencent_raw
2026-07-17,300338.SZ,2.7400,2.7700,2.6100,2.6600,52308.0000,,Tencent_raw
2026-07-20,300338.SZ,2.6500,2.7200,2.3800,2.4800,73614.0000,,Tencent_raw
2026-07-21,300338.SZ,2.5000,2.5200,2.2100,2.4600,97236.0000,,Tencent_raw
2026-07-22,300338.SZ,2.4200,2.6200,2.4200,2.5500,64241.0000,,Tencent_raw
2026-07-23,300338.SZ,2.5000,2.7400,2.4800,2.6600,88467.0000,,Tencent_raw
2026-07-24,300338.SZ,2.6300,2.7500,2.5600,2.5900,48172.0000,,Tencent_raw
2026-07-27,300338.SZ,2.5600,2.6500,2.5400,2.6100,37058.0000,,Tencent_raw
2026-07-28,300338.SZ,2.6200,2.7900,2.6000,2.7000,71801.0000,,Tencent_raw
2026-07-29,300338.SZ,2.6800,2.9300,2.6800,2.8000,102238.0000,,Tencent_raw
2026-07-30,300338.SZ,2.7300,2.8300,2.6800,2.7000,75294.0000,,Tencent_raw
2026-07-31,300338.SZ,2.7200,2.8000,2.6900,2.7500,49709.0000,,Tencent_raw
2026-08-03,300338.SZ,2.7500,2.8800,2.7100,2.8600,48064.0000,,Tencent_raw
2026-08-04,300338.SZ,2.8900,3.0100,2.8700,2.9500,87211.0000,,Tencent_raw
2026-08-05,300338.SZ,2.9200,3.0700,2.9200,3.0000,69086.0000,,Tencent_raw
2026-08-06,300338.SZ,2.9800,3.0100,2.8600,2.8900,85610.0000,,Tencent_raw
2026-08-07,300338.SZ,2.9000,2.9400,2.8300,2.8700,48802.0000,,Tencent_raw
2026-08-10,300338.SZ,2.8700,2.8700,2.8000,2.8400,63285.0000,,Tencent_raw
2026-08-11,300338.SZ,2.8300,2.8700,2.7900,2.8600,32801.0000,,Tencent_raw
2026-08-12,300338.SZ,2.8400,2.9300,2.8300,2.8900,50598.0000,,Tencent_raw
2026-08-13,300338.SZ,2.8700,2.8900,2.8000,2.8000,51642.0000,,Tencent_raw
2026-08-14,300338.SZ,2.8000,2.8200,2.7300,2.8100,38515.0000,,Tencent_raw
2026-08-17,300338.SZ,2.8100,2.8500,2.7600,2.8500,30063.0000,,Tencent_raw
2026-08-18,300338.SZ,2.8300,3.0300,2.8300,2.9300,62736.0000,,Tencent_raw
2026-08-19,300338.SZ,2.8900,2.9400,2.8100,2.8200,44592.0000,,Tencent_raw
2026-08-20,300338.SZ,2.8200,2.9200,2.8100,2.8300,35217.0000,,Tencent_raw
2026-08-21,300338.SZ,2.8400,2.9100,2.8100,2.8900,50824.0000,,Tencent_raw
2026-08-24,300338.SZ,2.9800,3.2200,2.9800,3.0500,176565.0000,,Tencent_raw
2026-08-25,300338.SZ,3.0300,3.0600,2.9700,3.0400,81638.0000,,Tencent_raw
2026-08-26,300338.SZ,3.0700,3.3900,3.0700,3.2800,169751.0000,,Tencent_raw
2026-08-27,300338.SZ,3.2800,3.3700,3.1700,3.1900,114300.0000,,Tencent_raw
2026-08-28,300338.SZ,3.2500,3.2800,3.1600,3.1900,79061.0000,,Tencent_raw
2026-08-31,300338.SZ,3.1800,3.2600,3.1400,3.1900,62681.0000,,Tencent_raw
2026-09-01,300338.SZ,3.1900,3.2400,3.1800,3.1900,49646.0000,,Tencent_raw
2026-09-02,300338.SZ,3.1600,3.3000,3.1600,3.2400,57115.0000,,Tencent_raw
2026-09-03,300338.SZ,3.2100,3.2400,3.1300,3.1300,51203.0000,,Tencent_raw
2026-09-04,300338.SZ,3.1300,3.1800,3.1300,3.1500,39664.0000,,Tencent_raw
2026-09-07,300338.SZ,3.1500,3.1700,3.1000,3.1200,37732.0000,,Tencent_raw
2026-09-08,300338.SZ,3.1200,3.2300,3.0800,3.1900,68729.0000,,Tencent_raw
2026-09-09,300338.SZ,3.2500,3.2500,3.1000,3.1200,44234.0000,,Tencent_raw
2026-09-10,300338.SZ,3.0900,3.2400,3.0600,3.2100,90228.0000,,Tencent_raw
2026-09-11,300338.SZ,3.2000,3.2100,3.0500,3.0600,66652.0000,,Tencent_raw
2026-09-14,300338.SZ,3.0500,3.0800,2.9300,2.9500,73199.0000,,Tencent_raw
2026-09-15,300338.SZ,2.9500,2.9900,2.9000,2.9000,46272.0000,,Tencent_raw
2026-09-16,300338.SZ,2.9200,2.9600,2.8500,2.9300,38416.0000,,Tencent_raw
2026-09-17,300338.SZ,2.9300,3.1500,2.9100,3.1500,99815.0000,,Tencent_raw
2026-09-18,300338.SZ,3.0800,3.1300,3.0300,3.0700,79268.0000,,Tencent_raw
2026-09-21,300338.SZ,3.0800,3.1000,3.0400,3.1000,35824.0000,,Tencent_raw
2026-09-22,300338.SZ,3.0900,3.1500,3.0400,3.0500,57308.0000,,Tencent_raw
2026-09-23,300338.SZ,3.0200,3.0600,2.8400,2.8800,129103.0000,,Tencent_raw
2026-09-24,300338.SZ,2.8600,2.8600,2.6700,2.8200,145453.0000,,Tencent_raw
2026-09-28,300338.SZ,2.7900,2.8400,2.6500,2.6900,104179.0000,,Tencent_raw
2025-09-01,300385.SZ,5.1000,5.3000,5.0900,5.2500,92099.0000,,Tencent_raw
2025-09-02,300385.SZ,5.2400,5.3000,5.0900,5.2600,100867.0000,,Tencent_raw
2025-09-03,300385.SZ,5.2600,5.2800,5.0400,5.0700,69726.0000,,Tencent_raw
2025-09-04,300385.SZ,5.1700,5.2800,5.0200,5.1800,103542.0000,,Tencent_raw
2025-09-05,300385.SZ,5.1800,5.2500,5.0700,5.2300,75959.0000,,Tencent_raw
2025-09-08,300385.SZ,5.2900,5.3500,5.2300,5.3500,77677.0000,,Tencent_raw
2025-09-09,300385.SZ,5.3300,5.3700,5.2200,5.2600,54915.0000,,Tencent_raw
2025-09-10,300385.SZ,5.2600,5.3200,5.2300,5.3200,47313.0000,,Tencent_raw
2025-09-11,300385.SZ,5.3200,5.3200,5.2100,5.3000,52385.0000,,Tencent_raw
2025-09-12,300385.SZ,5.3200,5.3500,5.2400,5.2700,66013.0000,,Tencent_raw
2025-09-15,300385.SZ,5.2400,5.3000,5.1900,5.2400,44326.0000,,Tencent_raw
2025-09-16,300385.SZ,5.2600,5.3300,5.2200,5.3100,68340.0000,,Tencent_raw
2025-09-17,300385.SZ,5.3000,5.3500,5.2500,5.3200,47869.0000,,Tencent_raw
2025-09-18,300385.SZ,5.3300,5.3300,5.1200,5.1600,76593.0000,,Tencent_raw
2025-09-19,300385.SZ,5.1900,5.2000,5.0200,5.1000,72884.0000,,Tencent_raw
2025-09-22,300385.SZ,5.1000,5.1300,5.0100,5.0500,68582.0000,,Tencent_raw
2025-09-23,300385.SZ,5.0100,5.0400,4.8400,5.0000,105109.0000,,Tencent_raw
2025-09-24,300385.SZ,5.0000,5.1500,4.9200,5.1500,87644.0000,,Tencent_raw
2025-09-25,300385.SZ,5.1500,5.2200,5.0500,5.0700,71229.0000,,Tencent_raw
2025-09-26,300385.SZ,5.0700,5.1600,4.9800,5.1000,57174.0000,,Tencent_raw
2025-09-29,300385.SZ,5.0800,5.1600,4.9100,5.1400,93194.0000,,Tencent_raw
2025-09-30,300385.SZ,5.2000,5.2000,5.0500,5.0900,56190.0000,,Tencent_raw
2025-10-09,300385.SZ,5.1100,5.2100,5.0600,5.0900,66402.0000,,Tencent_raw
2025-10-10,300385.SZ,5.0800,5.2500,5.0600,5.1200,78783.0000,,Tencent_raw
2025-10-13,300385.SZ,4.9800,5.2800,4.8600,5.2500,113430.0000,,Tencent_raw
2025-10-14,300385.SZ,5.2900,5.3000,5.1600,5.1700,68027.0000,,Tencent_raw
2025-10-15,300385.SZ,5.1800,5.2900,5.1300,5.2700,69324.0000,,Tencent_raw
2025-10-16,300385.SZ,5.2700,5.3000,5.1200,5.1500,57736.0000,,Tencent_raw
2025-10-17,300385.SZ,5.1700,5.2000,5.0600,5.0700,63060.0000,,Tencent_raw
2025-10-20,300385.SZ,5.1000,5.1900,5.1000,5.1900,66411.0000,,Tencent_raw
2025-10-21,300385.SZ,5.1900,5.3500,5.1600,5.3400,67226.0000,,Tencent_raw
2025-10-22,300385.SZ,5.3500,5.4800,5.3100,5.4500,78925.0000,,Tencent_raw
2025-10-23,300385.SZ,5.4400,5.4700,5.3600,5.4400,74829.0000,,Tencent_raw
2025-10-24,300385.SZ,5.4400,5.5200,5.4100,5.4500,63689.0000,,Tencent_raw
2025-10-27,300385.SZ,5.4300,5.5600,5.4300,5.5100,73181.0000,,Tencent_raw
2025-10-28,300385.SZ,5.5200,5.5300,5.4000,5.4700,75878.0000,,Tencent_raw
2025-10-29,300385.SZ,5.4700,5.5400,5.3300,5.3900,58559.0000,,Tencent_raw
2025-10-30,300385.SZ,5.4000,5.4500,5.3500,5.3800,53616.0000,,Tencent_raw
2025-10-31,300385.SZ,5.4100,5.5500,5.3600,5.5100,80547.0000,,Tencent_raw
2025-11-03,300385.SZ,5.5600,5.6800,5.5200,5.6600,88132.0000,,Tencent_raw
2025-11-04,300385.SZ,5.7900,5.8800,5.6600,5.7400,101791.0000,,Tencent_raw
2025-11-05,300385.SZ,5.6900,5.8200,5.6400,5.7900,99037.0000,,Tencent_raw
2025-11-06,300385.SZ,5.8100,5.8400,5.6900,5.8300,77813.0000,,Tencent_raw
2025-11-07,300385.SZ,5.7900,6.0600,5.7300,6.0100,137056.0000,,Tencent_raw
2025-11-10,300385.SZ,6.0000,6.5300,5.9100,6.2800,270411.0000,,Tencent_raw
2025-11-11,300385.SZ,6.2600,6.4900,6.2300,6.3900,214976.0000,,Tencent_raw
2025-11-12,300385.SZ,6.4600,6.4800,6.2600,6.2700,112339.0000,,Tencent_raw
2025-11-13,300385.SZ,6.3000,6.3700,6.2300,6.2600,103219.0000,,Tencent_raw
2025-11-14,300385.SZ,6.2600,6.4200,6.1800,6.3500,103807.0000,,Tencent_raw
2025-11-17,300385.SZ,6.3800,6.3900,6.1700,6.2500,111239.0000,,Tencent_raw
2025-11-18,300385.SZ,6.2500,6.2600,6.0800,6.2000,92423.0000,,Tencent_raw
2025-11-19,300385.SZ,6.2100,6.4300,6.2000,6.2700,128711.0000,,Tencent_raw
2025-11-20,300385.SZ,6.8400,7.4000,6.3500,6.4900,459624.0000,,Tencent_raw
2025-11-21,300385.SZ,6.3200,6.5500,6.1000,6.1100,375629.0000,,Tencent_raw
2025-11-24,300385.SZ,6.3300,6.4000,6.0700,6.1700,221522.0000,,Tencent_raw
2025-11-25,300385.SZ,6.4700,6.5800,6.2100,6.2500,164930.0000,,Tencent_raw
2025-11-26,300385.SZ,6.2500,6.4900,6.1800,6.4200,182854.0000,,Tencent_raw
2025-11-27,300385.SZ,6.4600,7.2800,6.4100,6.9300,331330.0000,,Tencent_raw
2025-11-28,300385.SZ,7.0400,7.1300,6.6200,6.6900,238739.0000,,Tencent_raw
2025-12-01,300385.SZ,6.6500,6.8300,6.5300,6.6300,164084.0000,,Tencent_raw
2025-12-02,300385.SZ,6.5700,6.7800,6.5200,6.6600,132665.0000,,Tencent_raw
2025-12-03,300385.SZ,6.6500,6.6600,6.4100,6.4600,117188.0000,,Tencent_raw
2025-12-04,300385.SZ,6.3600,6.4700,6.2600,6.3500,121637.0000,,Tencent_raw
2025-12-05,300385.SZ,6.3300,6.4500,6.2300,6.4300,98900.0000,,Tencent_raw
2025-12-08,300385.SZ,6.4700,6.6200,6.4200,6.5000,93791.0000,,Tencent_raw
2025-12-09,300385.SZ,6.4900,6.5100,6.3000,6.4000,73031.0000,,Tencent_raw
2025-12-10,300385.SZ,6.4000,6.4400,6.2300,6.2600,66352.0000,,Tencent_raw
2025-12-11,300385.SZ,6.3500,6.3600,6.0000,6.0700,86948.0000,,Tencent_raw
2025-12-12,300385.SZ,6.0700,6.1100,5.9200,5.9900,97548.0000,,Tencent_raw
2025-12-15,300385.SZ,5.9900,6.0800,5.8500,6.0000,78043.0000,,Tencent_raw
2025-12-16,300385.SZ,5.9900,5.9900,5.8100,5.8400,68029.0000,,Tencent_raw
2025-12-17,300385.SZ,5.8600,5.8600,5.6800,5.8200,59662.0000,,Tencent_raw
2025-12-18,300385.SZ,5.8600,5.9500,5.7700,5.8700,67881.0000,,Tencent_raw
2025-12-19,300385.SZ,5.9100,6.1500,5.8500,6.1100,83418.0000,,Tencent_raw
2025-12-22,300385.SZ,6.1100,6.5300,6.0300,6.3100,156549.0000,,Tencent_raw
2025-12-23,300385.SZ,6.3500,6.3500,6.1500,6.2000,79038.0000,,Tencent_raw
2025-12-24,300385.SZ,6.2400,6.3600,6.1800,6.3000,71433.0000,,Tencent_raw
2025-12-25,300385.SZ,6.3300,6.3500,6.2000,6.2900,52476.0000,,Tencent_raw
2025-12-26,300385.SZ,6.3300,6.3800,6.2400,6.2700,64824.0000,,Tencent_raw
2025-12-29,300385.SZ,6.3500,6.3700,6.2200,6.3500,72019.0000,,Tencent_raw
2025-12-30,300385.SZ,6.2800,6.3500,6.1500,6.2100,71966.0000,,Tencent_raw
2025-12-31,300385.SZ,6.2100,6.2200,6.0000,6.2200,66444.0000,,Tencent_raw
2026-01-05,300385.SZ,6.1900,6.3800,6.0600,6.3000,86375.0000,,Tencent_raw
2026-01-06,300385.SZ,6.3500,6.3900,6.2100,6.2100,80189.0000,,Tencent_raw
2026-01-07,300385.SZ,6.2100,6.2900,6.1100,6.2100,63650.0000,,Tencent_raw
2026-01-08,300385.SZ,6.2800,6.4600,6.1800,6.4600,106166.0000,,Tencent_raw
2026-01-09,300385.SZ,6.4600,7.0300,6.4100,6.8300,175217.0000,,Tencent_raw
2026-01-12,300385.SZ,6.7800,7.4400,6.7400,7.2200,197311.0000,,Tencent_raw
2026-01-13,300385.SZ,7.3400,7.6600,7.1300,7.3900,164280.0000,,Tencent_raw
2026-01-14,300385.SZ,7.3600,7.3600,6.8000,6.9000,218634.0000,,Tencent_raw
2026-01-15,300385.SZ,7.2500,7.4600,6.7600,6.8300,192993.0000,,Tencent_raw
2026-01-16,300385.SZ,6.8900,7.2800,6.7500,7.0800,180805.0000,,Tencent_raw
2026-01-19,300385.SZ,7.2300,7.3000,6.9700,7.1000,108624.0000,,Tencent_raw
2026-01-20,300385.SZ,7.1500,7.5400,6.9700,7.5400,210196.0000,,Tencent_raw
2026-01-21,300385.SZ,7.6100,7.6800,7.3000,7.5500,141584.0000,,Tencent_raw
2026-01-22,300385.SZ,7.8100,8.4500,7.8000,8.2100,277934.0000,,Tencent_raw
2026-01-23,300385.SZ,8.5300,9.8500,8.3400,9.8500,432689.0000,,Tencent_raw
2026-01-26,300385.SZ,11.1200,11.2000,9.5500,9.7000,491490.0000,,Tencent_raw
2026-01-27,300385.SZ,9.9000,10.0500,9.2000,9.9800,317117.0000,,Tencent_raw
2026-01-28,300385.SZ,9.9500,10.5000,9.8200,10.2500,229213.0000,,Tencent_raw
2026-01-29,300385.SZ,10.1800,10.6700,10.0000,10.1100,175274.0000,,Tencent_raw
2026-01-30,300385.SZ,10.5100,11.8900,10.3000,11.6700,341407.0000,,Tencent_raw
2026-02-02,300385.SZ,11.5200,12.2200,11.0200,11.5700,255529.0000,,Tencent_raw
2026-02-03,300385.SZ,11.6900,11.6900,10.6500,11.3400,250749.0000,,Tencent_raw
2026-02-04,300385.SZ,11.3500,11.6200,10.8500,11.0900,167707.0000,,Tencent_raw
2026-02-05,300385.SZ,10.9700,13.1200,10.7600,12.9000,304191.0000,,Tencent_raw
2026-02-06,300385.SZ,12.7000,12.8100,11.4400,11.6900,301251.0000,,Tencent_raw
2026-02-09,300385.SZ,11.4000,11.8000,10.8700,11.6600,271886.0000,,Tencent_raw
2026-02-10,300385.SZ,11.5100,12.2000,11.3000,11.5300,233482.0000,,Tencent_raw
2026-02-11,300385.SZ,11.5300,11.5600,11.1600,11.3500,159731.0000,,Tencent_raw
2026-02-12,300385.SZ,11.4500,11.5200,11.0600,11.1000,120418.0000,,Tencent_raw
2026-02-13,300385.SZ,11.1500,11.2000,10.8300,11.0100,154831.0000,,Tencent_raw
2026-02-24,300385.SZ,11.1500,11.8800,11.1100,11.7600,185352.0000,,Tencent_raw
2026-02-25,300385.SZ,11.9600,12.2000,11.6000,11.9800,130964.0000,,Tencent_raw
2026-02-26,300385.SZ,12.1100,12.1400,11.7600,11.8200,112480.0000,,Tencent_raw
2026-02-27,300385.SZ,11.8100,12.2000,11.6100,12.0000,120153.0000,,Tencent_raw
2026-03-02,300385.SZ,11.6900,12.0500,11.3600,11.5400,155433.0000,,Tencent_raw
2026-03-03,300385.SZ,11.7000,11.9500,11.1600,11.2000,152502.0000,,Tencent_raw
2026-03-04,300385.SZ,11.0600,11.5100,10.8800,11.2900,144897.0000,,Tencent_raw
2026-03-05,300385.SZ,11.6600,11.8000,11.0900,11.3100,117163.0000,,Tencent_raw
2026-03-06,300385.SZ,11.3100,12.7000,11.3100,12.3900,252287.0000,,Tencent_raw
2026-03-09,300385.SZ,11.9300,12.9400,11.9300,12.9000,210666.0000,,Tencent_raw
2026-03-10,300385.SZ,13.3700,13.6000,12.9300,13.0300,214870.0000,,Tencent_raw
2026-03-11,300385.SZ,13.0900,13.2000,12.5800,12.7500,136528.0000,,Tencent_raw
2026-03-12,300385.SZ,12.8600,12.8600,12.4200,12.6000,97175.0000,,Tencent_raw
2026-03-13,300385.SZ,12.6000,14.2700,12.5000,13.4300,274320.0000,,Tencent_raw
2026-03-16,300385.SZ,13.3900,13.5500,12.6600,13.0100,196113.0000,,Tencent_raw
2026-03-23,300385.SZ,15.6100,15.6100,15.6100,15.6100,70991.0000,,Tencent_raw
2026-03-24,300385.SZ,17.8800,18.7300,17.8800,18.7300,250915.0000,,Tencent_raw
2026-03-25,300385.SZ,21.7700,21.7700,18.2000,20.9000,890351.0000,,Tencent_raw
2026-03-26,300385.SZ,21.3300,21.5900,16.9300,17.9000,812829.0000,,Tencent_raw
2026-03-27,300385.SZ,16.4600,17.4600,15.0400,16.5200,774299.0000,,Tencent_raw
2026-03-30,300385.SZ,15.7500,19.8200,15.4500,19.8200,660939.0000,,Tencent_raw
2026-03-31,300385.SZ,19.8200,22.1000,19.4200,20.6200,794111.0000,,Tencent_raw
2026-04-01,300385.SZ,21.0500,21.3400,18.3700,18.7000,614252.0000,,Tencent_raw
2026-04-02,300385.SZ,18.6600,19.3300,17.4100,17.7400,497236.0000,,Tencent_raw
2026-04-03,300385.SZ,17.5000,18.1500,15.6600,15.8600,562297.0000,,Tencent_raw
2026-04-07,300385.SZ,15.6700,16.3900,15.4100,15.4500,331814.0000,,Tencent_raw
2026-04-08,300385.SZ,15.7900,16.8200,15.7900,16.2000,396797.0000,,Tencent_raw
2026-04-09,300385.SZ,16.0100,16.3000,14.8500,15.1000,342305.0000,,Tencent_raw
2026-04-10,300385.SZ,15.0000,15.4600,14.5600,14.8000,294137.0000,,Tencent_raw
2026-04-14,300385.SZ,14.5000,15.0000,13.3000,13.7200,668881.0000,,Tencent_raw
2026-04-15,300385.SZ,13.8000,14.5700,13.5400,13.7200,410795.0000,,Tencent_raw
2026-04-16,300385.SZ,13.7300,14.9500,13.7300,14.4200,314050.0000,,Tencent_raw
2026-04-17,300385.SZ,14.4500,16.4900,14.4200,15.9300,334658.0000,,Tencent_raw
2026-04-20,300385.SZ,16.8000,17.1600,16.0100,16.5100,365575.0000,,Tencent_raw
2026-04-21,300385.SZ,16.5900,17.0000,15.8200,16.2200,272900.0000,,Tencent_raw
2026-04-22,300385.SZ,15.8000,16.2500,15.5000,15.7600,208759.0000,,Tencent_raw
2026-04-23,300385.SZ,15.6500,16.0200,14.6100,15.0000,203711.0000,,Tencent_raw
2026-04-24,300385.SZ,14.6000,14.8000,14.0300,14.2100,181107.0000,,Tencent_raw
2026-04-27,300385.SZ,14.6800,15.4600,14.6800,15.3300,192522.0000,,Tencent_raw
2026-04-28,300385.SZ,15.5000,15.9200,15.0100,15.0700,179034.0000,,Tencent_raw
2026-04-29,300385.SZ,14.8500,15.3900,14.8000,15.0800,110529.0000,,Tencent_raw
2026-04-30,300385.SZ,15.1800,16.5000,15.1800,16.2100,202394.0000,,Tencent_raw
2026-05-06,300385.SZ,15.9900,16.1800,15.5700,15.9800,191283.0000,,Tencent_raw
2026-05-07,300385.SZ,15.8000,16.4100,15.5800,15.8800,131668.0000,,Tencent_raw
2026-05-08,300385.SZ,15.8000,16.6800,15.8000,16.5000,159070.0000,,Tencent_raw
2026-05-11,300385.SZ,16.5200,17.0700,16.2500,16.3200,175044.0000,,Tencent_raw
2026-05-12,300385.SZ,16.1600,16.3800,15.5800,16.0100,133142.0000,,Tencent_raw
2026-05-13,300385.SZ,15.9000,16.4200,15.7600,16.0100,105531.0000,,Tencent_raw
2026-05-14,300385.SZ,15.9000,15.9000,15.3900,15.4100,130518.0000,,Tencent_raw
2026-05-15,300385.SZ,15.5400,15.7600,15.1400,15.4800,108513.0000,,Tencent_raw
2026-05-18,300385.SZ,15.1600,15.4700,14.5700,14.8400,155501.0000,,Tencent_raw
2026-05-19,300385.SZ,14.9200,15.0000,14.2900,14.8500,96390.0000,,Tencent_raw
2026-05-20,300385.SZ,14.7000,15.0600,14.5200,14.8900,85411.0000,,Tencent_raw
2026-05-21,300385.SZ,14.9100,15.2000,14.1500,14.1500,115177.0000,,Tencent_raw
2026-05-22,300385.SZ,14.1100,15.0600,13.9900,14.6700,111251.0000,,Tencent_raw
2026-05-25,300385.SZ,14.7100,15.0900,14.4000,14.4900,89873.0000,,Tencent_raw
2026-05-26,300385.SZ,14.1800,14.6000,13.8100,14.0300,106759.0000,,Tencent_raw
2026-05-27,300385.SZ,14.0100,14.0800,13.1500,13.3800,124064.0000,,Tencent_raw
2026-05-28,300385.SZ,13.3200,15.3900,13.3000,15.0600,182708.0000,,Tencent_raw
2026-05-29,300385.SZ,14.9800,15.4200,14.2600,14.8200,136046.0000,,Tencent_raw
2026-06-01,300385.SZ,14.7000,14.9500,14.3300,14.6500,80973.0000,,Tencent_raw
2026-06-02,300385.SZ,14.5000,14.9400,14.3800,14.8000,73074.0000,,Tencent_raw
2026-06-03,300385.SZ,14.6100,14.8700,14.4200,14.4900,71769.0000,,Tencent_raw
2026-06-04,300385.SZ,14.4200,14.8700,14.3700,14.3900,62568.0000,,Tencent_raw
2026-06-05,300385.SZ,14.5900,15.3300,14.3100,15.0600,111446.0000,,Tencent_raw
2026-06-08,300385.SZ,14.5000,15.1900,14.3600,14.4100,92532.0000,,Tencent_raw
2026-06-09,300385.SZ,14.3000,14.6800,14.1400,14.6000,59283.0000,,Tencent_raw
2026-06-10,300385.SZ,14.4900,14.6500,13.8300,13.9300,72850.0000,,Tencent_raw
2026-06-11,300385.SZ,13.6500,14.5800,13.6500,14.2900,64632.0000,,Tencent_raw
2026-06-12,300385.SZ,14.4900,14.8400,14.3800,14.4800,73704.0000,,Tencent_raw
2026-06-15,300385.SZ,14.1500,14.7800,14.1200,14.5600,61392.0000,,Tencent_raw
2026-06-16,300385.SZ,14.3000,14.5300,13.9700,13.9700,82377.0000,,Tencent_raw
2026-06-17,300385.SZ,13.7200,13.8500,13.3000,13.3600,101329.0000,,Tencent_raw
2026-06-18,300385.SZ,13.2000,14.0500,12.9300,13.4100,84581.0000,,Tencent_raw
2026-06-22,300385.SZ,13.3600,13.4000,12.3000,12.5100,113270.0000,,Tencent_raw
2026-06-23,300385.SZ,12.2900,12.9000,12.2900,12.6300,69502.0000,,Tencent_raw
2026-06-24,300385.SZ,12.4400,12.5800,11.5800,11.7100,112652.0000,,Tencent_raw
2026-06-25,300385.SZ,11.6800,11.7100,9.7600,10.1900,200766.0000,,Tencent_raw
2026-06-26,300385.SZ,10.1700,10.9200,10.0900,10.2200,134648.0000,,Tencent_raw
2026-06-29,300385.SZ,10.5200,10.5500,9.5000,9.8200,108013.0000,,Tencent_raw
2026-06-30,300385.SZ,9.6800,10.2900,9.4800,10.0800,72228.0000,,Tencent_raw
2026-07-01,300385.SZ,10.3300,12.1000,10.2500,12.1000,113143.0000,,Tencent_raw
2026-07-02,300385.SZ,12.2800,12.8300,11.8800,12.2200,170097.0000,,Tencent_raw
2026-07-03,300385.SZ,12.0200,12.9800,11.6600,12.7700,116812.0000,,Tencent_raw
2026-07-06,300385.SZ,12.5500,12.5500,11.1800,11.2000,113003.0000,,Tencent_raw
2026-07-07,300385.SZ,11.2000,11.6900,10.6800,11.6000,82863.0000,,Tencent_raw
2026-07-08,300385.SZ,11.5100,11.6500,11.0000,11.0300,71058.0000,,Tencent_raw
2026-07-09,300385.SZ,10.8800,11.3500,10.6900,11.2200,57137.0000,,Tencent_raw
2026-07-10,300385.SZ,11.3200,12.3500,11.2300,11.8000,99405.0000,,Tencent_raw
2026-07-13,300385.SZ,11.4000,11.6000,10.9000,10.9400,74603.0000,,Tencent_raw
2026-07-14,300385.SZ,10.4500,10.9900,10.4400,10.5600,67072.0000,,Tencent_raw
2026-07-15,300385.SZ,10.5800,11.3800,10.3200,10.9500,74992.0000,,Tencent_raw
2026-07-16,300385.SZ,10.7100,11.3700,10.6200,10.9600,58032.0000,,Tencent_raw
2026-07-17,300385.SZ,10.9600,11.1700,10.4100,10.5800,56442.0000,,Tencent_raw
2026-07-20,300385.SZ,10.7500,10.7800,9.8800,9.9900,56908.0000,,Tencent_raw
2026-07-21,300385.SZ,10.0000,10.1700,9.5500,9.8500,77668.0000,,Tencent_raw
2026-07-22,300385.SZ,9.9600,10.3500,9.8500,10.0500,47989.0000,,Tencent_raw
2026-07-23,300385.SZ,9.9400,10.4800,9.8800,10.4500,48443.0000,,Tencent_raw
2026-07-24,300385.SZ,10.0500,10.3100,9.8400,9.9300,48919.0000,,Tencent_raw
2026-07-27,300385.SZ,10.0000,10.4500,9.9800,10.3900,58509.0000,,Tencent_raw
2026-07-28,300385.SZ,10.2100,10.4300,10.0800,10.1600,42036.0000,,Tencent_raw
2026-07-29,300385.SZ,10.1000,10.2600,9.9400,10.2300,48854.0000,,Tencent_raw
2026-07-30,300385.SZ,10.1500,10.7600,10.0500,10.0900,64063.0000,,Tencent_raw
2026-07-31,300385.SZ,10.0300,10.4800,10.0100,10.3000,57697.0000,,Tencent_raw
2026-08-03,300385.SZ,10.4000,11.3700,10.4000,11.1400,79290.0000,,Tencent_raw
2026-08-04,300385.SZ,11.1000,11.2300,10.7600,11.2100,64402.0000,,Tencent_raw
2026-08-05,300385.SZ,11.2700,11.7700,11.1400,11.3000,69649.0000,,Tencent_raw
2026-08-06,300385.SZ,11.2300,11.4100,11.1100,11.3600,48327.0000,,Tencent_raw
2026-08-07,300385.SZ,11.3800,11.4400,10.9000,11.1000,62328.0000,,Tencent_raw
2026-08-10,300385.SZ,10.9000,11.1000,10.7500,11.0000,37563.0000,,Tencent_raw
2026-08-11,300385.SZ,10.9000,11.0600,10.7200,10.9700,33986.0000,,Tencent_raw
2026-08-12,300385.SZ,10.9800,11.6500,10.8800,11.3800,68734.0000,,Tencent_raw
2026-08-13,300385.SZ,11.4000,12.9800,11.3200,12.2500,120004.0000,,Tencent_raw
2026-08-14,300385.SZ,12.1600,12.5800,12.0000,12.4200,67739.0000,,Tencent_raw
2026-08-17,300385.SZ,12.3600,12.4100,11.9100,12.0200,77597.0000,,Tencent_raw
2026-08-18,300385.SZ,12.0000,12.2700,11.6000,12.0500,64392.0000,,Tencent_raw
2026-08-19,300385.SZ,12.1500,12.5700,11.7500,11.7600,60341.0000,,Tencent_raw
2026-08-20,300385.SZ,11.6500,12.0500,11.5000,12.0300,47927.0000,,Tencent_raw
2026-08-21,300385.SZ,11.9700,12.5500,11.8000,12.4000,57950.0000,,Tencent_raw
2026-08-24,300385.SZ,12.2100,12.8500,12.2000,12.6200,62500.0000,,Tencent_raw
2026-08-25,300385.SZ,12.5000,12.6700,12.3500,12.4100,39824.0000,,Tencent_raw
2026-08-26,300385.SZ,12.3600,12.5800,12.2300,12.4500,35650.0000,,Tencent_raw
2026-08-27,300385.SZ,12.2800,12.8300,12.2800,12.4800,39136.0000,,Tencent_raw
2026-08-28,300385.SZ,12.3300,12.8900,12.3300,12.7600,55893.0000,,Tencent_raw
2026-08-31,300385.SZ,12.7500,13.3300,12.6000,13.2200,62324.0000,,Tencent_raw
2026-09-01,300385.SZ,13.1000,13.4700,13.0300,13.1000,56478.0000,,Tencent_raw
2026-09-02,300385.SZ,13.0000,14.5800,12.9000,14.1000,95459.0000,,Tencent_raw
2026-09-03,300385.SZ,13.9000,14.3700,13.7000,13.9600,83704.0000,,Tencent_raw
2026-09-04,300385.SZ,13.9400,14.5800,13.6700,14.3100,90039.0000,,Tencent_raw
2026-09-07,300385.SZ,14.3500,14.4200,13.1700,13.3400,114730.0000,,Tencent_raw
2026-09-08,300385.SZ,13.2500,13.6100,12.6900,13.3600,92467.0000,,Tencent_raw
2026-09-09,300385.SZ,13.1800,13.3700,12.9500,13.0000,50956.0000,,Tencent_raw
2026-09-10,300385.SZ,12.9600,13.9800,12.8200,13.4800,75509.0000,,Tencent_raw
2026-09-11,300385.SZ,13.3300,13.7500,13.2500,13.5400,51934.0000,,Tencent_raw
2026-09-14,300385.SZ,13.4100,13.4600,12.8800,12.8900,58649.0000,,Tencent_raw
2026-09-15,300385.SZ,12.7500,12.9400,12.2200,12.4700,55716.0000,,Tencent_raw
2026-09-16,300385.SZ,12.4500,12.8700,12.3000,12.7000,37113.0000,,Tencent_raw
2026-09-17,300385.SZ,12.7000,12.9300,12.5200,12.6000,22265.0000,,Tencent_raw
2026-09-18,300385.SZ,12.6500,13.4500,12.5300,13.1400,61620.0000,,Tencent_raw
2026-09-21,300385.SZ,13.1500,13.2500,12.7500,12.8500,55910.0000,,Tencent_raw
2026-09-22,300385.SZ,12.8900,13.6200,12.6900,13.2600,74565.0000,,Tencent_raw
2026-09-23,300385.SZ,13.3900,13.7900,13.2000,13.5700,63241.0000,,Tencent_raw
2026-09-24,300385.SZ,13.5700,13.7700,13.3600,13.3600,35698.0000,,Tencent_raw
2026-09-28,300385.SZ,13.3000,13.3900,12.8800,12.9200,37437.0000,,Tencent_raw
2025-09-01,300472.SZ,6.1200,6.1500,5.9200,6.1000,123066.0000,,Tencent_raw
2025-09-02,300472.SZ,6.3600,6.5900,6.1600,6.2900,231333.0000,,Tencent_raw
2025-09-03,300472.SZ,6.4600,6.4800,6.0900,6.1300,159318.0000,,Tencent_raw
2025-09-04,300472.SZ,6.0100,6.1800,5.6700,5.8500,163851.0000,,Tencent_raw
2025-09-05,300472.SZ,5.8200,6.1000,5.7200,6.0300,134056.0000,,Tencent_raw
2025-09-08,300472.SZ,5.9300,6.1500,5.8600,6.0900,105176.0000,,Tencent_raw
2025-09-09,300472.SZ,6.1800,7.2500,6.1200,6.9300,372871.0000,,Tencent_raw
2025-09-10,300472.SZ,6.8800,7.2300,6.6400,7.0100,247095.0000,,Tencent_raw
2025-09-11,300472.SZ,7.0000,7.5000,6.9300,7.2500,251362.0000,,Tencent_raw
2025-09-12,300472.SZ,7.1100,7.4000,7.0200,7.2900,160728.0000,,Tencent_raw
2025-09-15,300472.SZ,7.1500,7.1800,6.7500,6.9600,191321.0000,,Tencent_raw
2025-09-16,300472.SZ,6.9600,7.0700,6.8100,6.8400,121551.0000,,Tencent_raw
2025-09-17,300472.SZ,6.8800,7.3300,6.8500,7.0500,192023.0000,,Tencent_raw
2025-09-18,300472.SZ,6.9400,7.0400,6.6800,6.7700,157605.0000,,Tencent_raw
2025-09-19,300472.SZ,6.8400,6.9500,6.7600,6.8100,95881.0000,,Tencent_raw
2025-09-22,300472.SZ,6.8200,6.8600,6.5000,6.5700,128044.0000,,Tencent_raw
2025-09-23,300472.SZ,6.4500,6.4900,5.3600,6.1900,200950.0000,,Tencent_raw
2025-09-24,300472.SZ,6.0600,6.1900,5.8700,5.9700,143550.0000,,Tencent_raw
2025-09-25,300472.SZ,6.0000,6.2300,5.9500,6.1100,125520.0000,,Tencent_raw
2025-09-26,300472.SZ,6.0400,6.0500,5.7200,5.7200,147005.0000,,Tencent_raw
2025-09-29,300472.SZ,5.8600,6.0100,5.6500,5.6600,136055.0000,,Tencent_raw
2025-09-30,300472.SZ,5.7100,5.7100,4.6700,5.3000,364968.0000,,Tencent_raw
2025-10-09,300472.SZ,5.1700,5.2800,4.8100,4.8100,240093.0000,,Tencent_raw
2025-10-10,300472.SZ,5.0800,5.7700,5.0800,5.7700,225585.0000,,Tencent_raw
2025-10-13,300472.SZ,5.8100,6.7500,5.7800,6.4600,376180.0000,,Tencent_raw
2025-10-14,300472.SZ,6.5300,6.9000,6.1000,6.3000,299800.0000,,Tencent_raw
2025-10-15,300472.SZ,6.4800,6.8900,6.2000,6.8100,277651.0000,,Tencent_raw
2025-10-16,300472.SZ,6.5800,7.3900,6.5800,6.9800,278248.0000,,Tencent_raw
2025-10-17,300472.SZ,6.9800,7.1400,6.4000,6.8000,206591.0000,,Tencent_raw
2025-10-20,300472.SZ,6.7700,6.9800,6.5600,6.7300,162920.0000,,Tencent_raw
2025-10-21,300472.SZ,6.6100,6.8100,6.5200,6.6900,112696.0000,,Tencent_raw
2025-10-22,300472.SZ,6.6400,7.2700,6.6400,6.9600,189463.0000,,Tencent_raw
2025-10-23,300472.SZ,7.0500,7.0800,6.7700,6.9800,133527.0000,,Tencent_raw
2025-10-24,300472.SZ,6.9500,7.0300,6.8200,6.9400,88587.0000,,Tencent_raw
2025-10-27,300472.SZ,7.6800,8.3300,7.6800,7.7700,347186.0000,,Tencent_raw
2025-10-28,300472.SZ,7.5000,7.8400,7.4000,7.6000,210374.0000,,Tencent_raw
2025-10-29,300472.SZ,7.6000,7.8000,7.3500,7.4800,185156.0000,,Tencent_raw
2025-10-30,300472.SZ,7.6000,8.0300,7.5000,7.8300,226741.0000,,Tencent_raw
2025-10-31,300472.SZ,7.8800,8.0900,7.7500,8.0100,173442.0000,,Tencent_raw
2025-11-03,300472.SZ,7.8400,7.9800,7.7500,7.8200,141735.0000,,Tencent_raw
2025-11-04,300472.SZ,7.7500,7.8600,7.4200,7.6000,141071.0000,,Tencent_raw
2025-11-05,300472.SZ,7.4000,7.9700,7.2800,7.9400,192800.0000,,Tencent_raw
2025-11-06,300472.SZ,7.8700,8.1500,7.8700,8.0200,139934.0000,,Tencent_raw
2025-11-07,300472.SZ,8.0500,9.0800,8.0500,8.9400,299718.0000,,Tencent_raw
2025-11-10,300472.SZ,9.0000,9.4700,8.7200,9.0100,276473.0000,,Tencent_raw
2025-11-11,300472.SZ,9.0100,9.1700,8.6300,8.8000,261717.0000,,Tencent_raw
2025-11-12,300472.SZ,8.7000,9.5000,8.7000,9.3800,238987.0000,,Tencent_raw
2025-11-13,300472.SZ,10.0000,11.1700,8.9100,8.9500,480700.0000,,Tencent_raw
2025-11-14,300472.SZ,8.7300,8.7600,8.0000,8.0500,331701.0000,,Tencent_raw
2025-11-17,300472.SZ,8.1800,8.4000,8.0200,8.1100,184886.0000,,Tencent_raw
2025-11-18,300472.SZ,8.0500,8.6900,8.0500,8.6900,205009.0000,,Tencent_raw
2025-11-19,300472.SZ,8.5400,9.1200,8.3800,8.7900,201050.0000,,Tencent_raw
2025-11-20,300472.SZ,8.7000,8.8800,8.4100,8.5000,130472.0000,,Tencent_raw
2025-11-21,300472.SZ,8.4400,8.8800,8.2600,8.6300,136799.0000,,Tencent_raw
2025-11-24,300472.SZ,8.6100,8.8000,8.3500,8.6300,105577.0000,,Tencent_raw
2025-11-25,300472.SZ,8.6200,8.6200,8.4000,8.4900,101981.0000,,Tencent_raw
2025-11-26,300472.SZ,8.5000,9.2600,8.4900,9.1600,209723.0000,,Tencent_raw
2025-11-27,300472.SZ,9.1000,9.2500,8.9300,9.1300,152373.0000,,Tencent_raw
2025-11-28,300472.SZ,9.1100,9.3600,8.8100,9.0800,110194.0000,,Tencent_raw
2025-12-01,300472.SZ,8.8400,9.2500,8.8000,9.1600,116647.0000,,Tencent_raw
2025-12-02,300472.SZ,9.2000,9.3000,8.9300,9.0300,93237.0000,,Tencent_raw
2025-12-03,300472.SZ,8.9900,9.0000,8.6600,8.6700,104589.0000,,Tencent_raw
2025-12-04,300472.SZ,8.6600,8.8700,8.4700,8.6100,86767.0000,,Tencent_raw
2025-12-05,300472.SZ,8.0600,8.3800,8.0300,8.1100,149491.0000,,Tencent_raw
2025-12-08,300472.SZ,8.5200,8.6100,8.2400,8.5600,115169.0000,,Tencent_raw
2025-12-09,300472.SZ,8.4000,9.2500,8.4000,9.1700,165864.0000,,Tencent_raw
2025-12-10,300472.SZ,9.1500,9.9700,9.0000,9.5900,166280.0000,,Tencent_raw
2025-12-11,300472.SZ,9.4300,9.9000,9.4300,9.6700,151939.0000,,Tencent_raw
2025-12-12,300472.SZ,9.4000,9.4000,8.2500,8.2600,243958.0000,,Tencent_raw
2025-12-15,300472.SZ,8.0700,8.6800,8.0700,8.5600,95635.0000,,Tencent_raw
2025-12-16,300472.SZ,8.5500,8.6100,7.6700,8.0100,168741.0000,,Tencent_raw
2025-12-17,300472.SZ,8.0000,8.1800,7.7500,8.1300,76704.0000,,Tencent_raw
2025-12-18,300472.SZ,8.1000,8.3000,7.9300,8.1700,50866.0000,,Tencent_raw
2025-12-19,300472.SZ,8.1500,8.6500,8.1200,8.6000,103051.0000,,Tencent_raw
2025-12-22,300472.SZ,8.5800,8.9200,8.5800,8.6300,99070.0000,,Tencent_raw
2025-12-23,300472.SZ,8.6400,8.6500,8.2100,8.2200,94913.0000,,Tencent_raw
2025-12-24,300472.SZ,8.3300,8.4100,7.8200,7.9500,164016.0000,,Tencent_raw
2025-12-25,300472.SZ,7.7500,8.4500,7.7500,8.2600,140093.0000,,Tencent_raw
2025-12-26,300472.SZ,8.2600,8.4200,8.0400,8.3000,92417.0000,,Tencent_raw
2025-12-29,300472.SZ,8.7000,9.0200,8.3200,8.3200,194140.0000,,Tencent_raw
2025-12-30,300472.SZ,8.0500,8.1200,7.8100,7.9100,156970.0000,,Tencent_raw
2025-12-31,300472.SZ,8.3500,8.3500,7.6700,7.7000,147770.0000,,Tencent_raw
2026-01-05,300472.SZ,7.7000,7.9200,7.4200,7.8200,127004.0000,,Tencent_raw
2026-01-06,300472.SZ,7.8000,8.0400,7.7100,7.8100,95245.0000,,Tencent_raw
2026-01-07,300472.SZ,7.7500,7.8100,7.5200,7.5700,105011.0000,,Tencent_raw
2026-01-08,300472.SZ,7.6100,7.6600,7.2800,7.3400,145554.0000,,Tencent_raw
2026-01-09,300472.SZ,7.3200,7.7400,7.2100,7.5400,151224.0000,,Tencent_raw
2026-01-12,300472.SZ,7.5900,7.8700,7.5900,7.8000,149558.0000,,Tencent_raw
2026-01-13,300472.SZ,7.9200,7.9700,7.5100,7.5600,121244.0000,,Tencent_raw
2026-01-14,300472.SZ,7.4900,7.7900,7.4900,7.6300,99914.0000,,Tencent_raw
2026-01-15,300472.SZ,7.5800,7.7100,7.4600,7.5800,66694.0000,,Tencent_raw
2026-01-16,300472.SZ,7.6800,7.8700,7.6100,7.6400,77506.0000,,Tencent_raw
2026-01-19,300472.SZ,7.6500,7.7400,7.5700,7.6800,58763.0000,,Tencent_raw
2026-01-20,300472.SZ,7.7800,7.7800,7.4800,7.5100,70030.0000,,Tencent_raw
2026-01-21,300472.SZ,7.4100,7.5700,7.4000,7.5600,62830.0000,,Tencent_raw
2026-01-22,300472.SZ,7.6000,8.1800,7.5300,7.9500,152206.0000,,Tencent_raw
2026-01-23,300472.SZ,8.0000,8.3500,7.9500,8.2400,126102.0000,,Tencent_raw
2026-01-26,300472.SZ,8.2600,8.8900,8.2600,8.6800,170820.0000,,Tencent_raw
2026-01-27,300472.SZ,8.6900,8.9700,8.2900,8.4600,140800.0000,,Tencent_raw
2026-01-28,300472.SZ,8.3500,8.4300,7.9900,8.0700,91432.0000,,Tencent_raw
2026-01-29,300472.SZ,8.0800,8.3100,8.0800,8.1800,74383.0000,,Tencent_raw
2026-01-30,300472.SZ,8.0800,8.2800,7.9000,8.2300,66085.0000,,Tencent_raw
2026-02-02,300472.SZ,8.0100,8.1800,7.7600,7.7700,64699.0000,,Tencent_raw
2026-02-03,300472.SZ,7.8000,7.9800,7.7500,7.8000,43443.0000,,Tencent_raw
2026-02-04,300472.SZ,7.8500,7.8500,7.6000,7.7500,48086.0000,,Tencent_raw
2026-02-05,300472.SZ,7.7500,8.1900,7.6700,7.9400,65414.0000,,Tencent_raw
2026-02-06,300472.SZ,7.9200,8.0900,7.8100,7.9500,44390.0000,,Tencent_raw
2026-02-09,300472.SZ,8.0500,8.0600,7.8100,7.8400,64326.0000,,Tencent_raw
2026-02-10,300472.SZ,7.8300,7.9000,7.8000,7.8000,33915.0000,,Tencent_raw
2026-02-11,300472.SZ,7.7800,7.8400,7.6800,7.6900,43922.0000,,Tencent_raw
2026-02-12,300472.SZ,7.7700,7.9400,7.6200,7.7200,50349.0000,,Tencent_raw
2026-02-13,300472.SZ,7.7100,7.8600,7.6600,7.6700,34747.0000,,Tencent_raw
2026-02-24,300472.SZ,7.7200,7.8200,7.5300,7.8000,52840.0000,,Tencent_raw
2026-02-25,300472.SZ,7.8000,7.9500,7.7400,7.8500,46913.0000,,Tencent_raw
2026-02-26,300472.SZ,7.8900,7.8900,7.6600,7.6900,54700.0000,,Tencent_raw
2026-02-27,300472.SZ,7.6000,7.8500,7.6000,7.8400,44574.0000,,Tencent_raw
2026-03-02,300472.SZ,7.7500,7.8700,7.6000,7.7400,56716.0000,,Tencent_raw
2026-03-03,300472.SZ,7.7700,7.8400,7.5200,7.5700,50202.0000,,Tencent_raw
2026-03-04,300472.SZ,7.6200,7.6900,7.4800,7.5300,28892.0000,,Tencent_raw
2026-03-05,300472.SZ,7.6100,7.7600,7.5800,7.6400,29381.0000,,Tencent_raw
2026-03-06,300472.SZ,7.6700,7.7400,7.5900,7.6300,28849.0000,,Tencent_raw
2026-03-09,300472.SZ,7.5000,7.6400,7.3800,7.4300,49384.0000,,Tencent_raw
2026-03-10,300472.SZ,7.4300,7.4900,7.3300,7.4600,47194.0000,,Tencent_raw
2026-03-11,300472.SZ,7.4800,7.5700,7.3000,7.3700,45581.0000,,Tencent_raw
2026-03-12,300472.SZ,7.3900,7.3900,7.1800,7.2000,49859.0000,,Tencent_raw
2026-03-13,300472.SZ,7.2800,7.4700,7.2400,7.2900,44700.0000,,Tencent_raw
2026-03-16,300472.SZ,7.4000,8.5800,7.2900,8.2300,126330.0000,,Tencent_raw
2026-03-17,300472.SZ,8.2000,8.6000,8.0500,8.2100,155247.0000,,Tencent_raw
2026-03-18,300472.SZ,8.0400,8.3000,8.0300,8.1500,81397.0000,,Tencent_raw
2026-03-19,300472.SZ,8.0600,8.5600,8.0600,8.2700,99687.0000,,Tencent_raw
2026-03-20,300472.SZ,8.3100,8.4800,8.1000,8.3700,75998.0000,,Tencent_raw
2026-03-23,300472.SZ,8.4000,8.4000,7.6000,7.7300,94219.0000,,Tencent_raw
2026-03-24,300472.SZ,7.7900,8.0800,7.7500,7.8900,48062.0000,,Tencent_raw
2026-03-25,300472.SZ,7.8000,8.2900,7.8000,8.2100,71225.0000,,Tencent_raw
2026-03-26,300472.SZ,8.2100,8.2700,7.9600,8.0400,59840.0000,,Tencent_raw
2026-03-27,300472.SZ,8.0500,8.1300,7.9700,8.1200,33463.0000,,Tencent_raw
2026-03-30,300472.SZ,7.9500,8.5000,7.9500,8.3500,94785.0000,,Tencent_raw
2026-03-31,300472.SZ,8.3000,8.9500,8.3000,8.5900,121826.0000,,Tencent_raw
2026-04-01,300472.SZ,8.6800,8.8000,8.4500,8.7700,89050.0000,,Tencent_raw
2026-04-02,300472.SZ,8.3800,8.3800,7.9200,8.0500,114994.0000,,Tencent_raw
2026-04-03,300472.SZ,8.0800,8.2000,7.7000,7.8400,65805.0000,,Tencent_raw
2026-04-07,300472.SZ,7.9000,7.9500,7.7700,7.8500,39065.0000,,Tencent_raw
2026-04-08,300472.SZ,7.9000,7.9500,7.6700,7.8100,87620.0000,,Tencent_raw
2026-04-09,300472.SZ,7.8100,7.8100,7.5900,7.6100,51162.0000,,Tencent_raw
2026-04-10,300472.SZ,7.6200,8.0300,7.6200,7.8600,79207.0000,,Tencent_raw
2026-04-13,300472.SZ,7.8500,7.9500,7.8100,7.8700,43561.0000,,Tencent_raw
2026-04-14,300472.SZ,7.8900,8.3800,7.8400,8.2200,87593.0000,,Tencent_raw
2026-04-15,300472.SZ,8.2200,8.3300,8.1100,8.2000,50162.0000,,Tencent_raw
2026-04-16,300472.SZ,8.2700,8.2700,8.0500,8.0700,51061.0000,,Tencent_raw
2026-04-17,300472.SZ,8.0400,8.1900,8.0000,8.0000,35464.0000,,Tencent_raw
2026-04-20,300472.SZ,8.0000,8.2900,7.9300,8.2500,70873.0000,,Tencent_raw
2026-04-21,300472.SZ,8.1900,8.6300,8.1900,8.4500,82248.0000,,Tencent_raw
2026-04-22,300472.SZ,8.3900,8.5500,8.2100,8.2500,69989.0000,,Tencent_raw
2026-04-23,300472.SZ,8.2300,8.4500,8.1100,8.2200,55868.0000,,Tencent_raw
2026-04-24,300472.SZ,8.2700,8.6100,8.2000,8.5500,106950.0000,,Tencent_raw
2026-04-27,300472.SZ,8.6800,8.7500,8.2200,8.2500,98576.0000,,Tencent_raw
2026-04-28,300472.SZ,8.1800,8.4200,8.0800,8.1800,46535.0000,,Tencent_raw
2026-04-29,300472.SZ,8.1600,8.2700,8.0600,8.0900,55244.0000,,Tencent_raw
2026-04-30,300472.SZ,8.1500,8.2000,8.0600,8.1200,34772.0000,,Tencent_raw
2026-05-06,300472.SZ,8.1100,8.5000,8.0700,8.4000,80165.0000,,Tencent_raw
2026-05-07,300472.SZ,8.3800,8.5100,8.2800,8.3800,59398.0000,,Tencent_raw
2026-05-08,300472.SZ,8.4000,8.7000,8.3700,8.5600,89926.0000,,Tencent_raw
2026-05-11,300472.SZ,8.5600,9.3300,8.5300,9.0400,125366.0000,,Tencent_raw
2026-05-12,300472.SZ,9.0400,9.3300,8.7800,8.8600,117866.0000,,Tencent_raw
2026-05-13,300472.SZ,8.7600,9.1900,8.7500,9.0800,70378.0000,,Tencent_raw
2026-05-14,300472.SZ,9.1000,9.2700,9.0000,9.2300,76907.0000,,Tencent_raw
2026-05-15,300472.SZ,9.2300,9.7900,9.2000,9.4300,115450.0000,,Tencent_raw
2026-05-18,300472.SZ,9.5000,9.5500,9.1000,9.2700,81444.0000,,Tencent_raw
2026-05-19,300472.SZ,9.2700,9.4100,9.0200,9.1100,46251.0000,,Tencent_raw
2026-05-20,300472.SZ,9.1500,9.1800,9.0100,9.1300,45468.0000,,Tencent_raw
2026-05-21,300472.SZ,9.1000,9.4200,9.0500,9.0700,53300.0000,,Tencent_raw
2026-05-22,300472.SZ,8.9600,9.1800,8.9600,9.1300,34947.0000,,Tencent_raw
2026-05-25,300472.SZ,9.0000,9.0000,8.0300,8.5700,120008.0000,,Tencent_raw
2026-05-26,300472.SZ,8.5500,8.9100,8.3700,8.9000,74662.0000,,Tencent_raw
2026-05-27,300472.SZ,9.0000,9.1300,8.1700,8.3400,92427.0000,,Tencent_raw
2026-05-28,300472.SZ,8.3500,8.4900,8.2000,8.2400,40610.0000,,Tencent_raw
2026-05-29,300472.SZ,8.3000,8.4000,8.1300,8.2000,40942.0000,,Tencent_raw
2026-06-01,300472.SZ,8.2300,8.6500,8.2300,8.5400,51112.0000,,Tencent_raw
2026-06-02,300472.SZ,8.5500,8.6000,8.2000,8.5000,37916.0000,,Tencent_raw
2026-06-03,300472.SZ,8.4800,8.5900,8.2800,8.3700,34064.0000,,Tencent_raw
2026-06-04,300472.SZ,8.4500,8.5200,8.2300,8.2700,33657.0000,,Tencent_raw
2026-06-05,300472.SZ,8.2800,8.3300,8.0300,8.1500,32687.0000,,Tencent_raw
2026-06-08,300472.SZ,8.1500,8.2200,7.7000,8.0200,36062.0000,,Tencent_raw
2026-06-09,300472.SZ,8.1000,8.1400,7.8500,7.8600,37956.0000,,Tencent_raw
2026-06-10,300472.SZ,7.8300,8.6500,7.8300,8.2300,57097.0000,,Tencent_raw
2026-06-11,300472.SZ,8.2000,8.2400,7.9100,8.0200,33962.0000,,Tencent_raw
2026-06-12,300472.SZ,7.9000,8.3000,7.9000,8.2800,33167.0000,,Tencent_raw
2026-06-15,300472.SZ,8.2900,8.3000,7.9600,8.2000,36073.0000,,Tencent_raw
2026-06-16,300472.SZ,8.1900,8.1900,8.0000,8.0100,42957.0000,,Tencent_raw
2026-06-17,300472.SZ,8.0200,8.1000,7.8300,7.9800,42308.0000,,Tencent_raw
2026-06-18,300472.SZ,7.9900,8.0000,7.7100,7.7500,37582.0000,,Tencent_raw
2026-06-22,300472.SZ,7.8800,8.3000,7.7800,8.2000,57084.0000,,Tencent_raw
2026-06-23,300472.SZ,8.1500,8.3200,7.9200,7.9200,51996.0000,,Tencent_raw
2026-06-24,300472.SZ,7.9000,7.9200,7.6500,7.6900,53105.0000,,Tencent_raw
2026-06-25,300472.SZ,7.6900,7.6900,7.3300,7.3700,54208.0000,,Tencent_raw
2026-06-26,300472.SZ,7.3700,7.9500,7.3500,7.6500,53276.0000,,Tencent_raw
2026-06-29,300472.SZ,7.6500,8.0000,7.5100,7.6100,45292.0000,,Tencent_raw
2026-06-30,300472.SZ,7.4500,7.7100,7.2500,7.4400,51010.0000,,Tencent_raw
2026-07-01,300472.SZ,7.0200,7.1800,6.3800,6.8200,149484.0000,,Tencent_raw
2026-07-02,300472.SZ,6.6000,7.2200,6.5000,6.9700,90975.0000,,Tencent_raw
2026-07-03,300472.SZ,7.0200,7.3000,6.7700,7.2300,68103.0000,,Tencent_raw
2026-07-06,300472.SZ,7.1500,7.3500,6.7200,6.7300,55162.0000,,Tencent_raw
2026-07-07,300472.SZ,6.6500,6.8400,6.5800,6.6000,31282.0000,,Tencent_raw
2026-07-08,300472.SZ,6.6100,6.8000,6.5400,6.6300,30854.0000,,Tencent_raw
2026-07-09,300472.SZ,6.5800,6.6400,6.5000,6.5400,27648.0000,,Tencent_raw
2026-07-10,300472.SZ,6.5200,6.6500,6.3500,6.5400,28404.0000,,Tencent_raw
2026-07-13,300472.SZ,6.5300,6.5400,6.1500,6.1700,41852.0000,,Tencent_raw
2026-07-14,300472.SZ,6.1700,6.2800,6.0300,6.2100,32916.0000,,Tencent_raw
2026-07-15,300472.SZ,6.0300,6.4500,6.0300,6.2600,51229.0000,,Tencent_raw
2026-07-16,300472.SZ,6.1300,6.5500,6.1300,6.4600,43677.0000,,Tencent_raw
2026-07-17,300472.SZ,6.4600,6.4600,6.0600,6.1600,32756.0000,,Tencent_raw
2026-07-20,300472.SZ,6.1200,6.1900,5.6200,5.6400,50092.0000,,Tencent_raw
2026-07-21,300472.SZ,5.7500,5.8600,5.2100,5.8000,41963.0000,,Tencent_raw
2026-07-22,300472.SZ,5.8000,5.8200,5.4500,5.5400,35595.0000,,Tencent_raw
2026-07-23,300472.SZ,5.4200,6.6300,5.4200,6.5300,85653.0000,,Tencent_raw
2026-07-24,300472.SZ,6.5000,6.9000,6.3900,6.4800,54971.0000,,Tencent_raw
2026-07-27,300472.SZ,6.4200,6.4200,6.1400,6.2900,39628.0000,,Tencent_raw
2026-07-28,300472.SZ,6.1600,6.2800,6.1000,6.1100,33672.0000,,Tencent_raw
2026-07-29,300472.SZ,6.1100,6.3400,6.1100,6.2900,27017.0000,,Tencent_raw
2026-07-30,300472.SZ,6.2500,6.7200,6.1600,6.5300,52635.0000,,Tencent_raw
2026-07-31,300472.SZ,6.4300,6.6100,6.4200,6.5200,28428.0000,,Tencent_raw
2026-08-03,300472.SZ,6.4900,6.5000,6.3200,6.4000,17135.0000,,Tencent_raw
2026-08-04,300472.SZ,6.3800,6.9000,6.3700,6.7400,38204.0000,,Tencent_raw
2026-08-05,300472.SZ,6.7000,6.8500,6.6200,6.8000,34733.0000,,Tencent_raw
2026-08-06,300472.SZ,6.8400,6.9900,6.7300,6.7300,25937.0000,,Tencent_raw
2026-08-07,300472.SZ,6.8000,7.0800,6.7200,6.8300,38299.0000,,Tencent_raw
2026-08-10,300472.SZ,6.8100,6.9900,6.7500,6.9200,23493.0000,,Tencent_raw
2026-08-11,300472.SZ,6.9900,7.1700,6.9000,7.1400,36405.0000,,Tencent_raw
2026-08-12,300472.SZ,7.1400,7.1900,6.9900,7.0200,26385.0000,,Tencent_raw
2026-08-13,300472.SZ,7.0200,7.0800,6.8400,6.8600,23455.0000,,Tencent_raw
2026-08-14,300472.SZ,6.8700,6.9700,6.8400,6.9700,18064.0000,,Tencent_raw
2026-08-17,300472.SZ,6.9700,7.0000,6.7400,6.7900,23826.0000,,Tencent_raw
2026-08-18,300472.SZ,6.7500,6.8100,6.5000,6.5900,38527.0000,,Tencent_raw
2026-08-19,300472.SZ,6.5000,6.6400,6.4000,6.4400,23193.0000,,Tencent_raw
2026-08-20,300472.SZ,6.4900,6.8000,6.4000,6.6200,20457.0000,,Tencent_raw
2026-08-21,300472.SZ,6.6300,6.7700,6.4700,6.7500,23813.0000,,Tencent_raw
2026-08-24,300472.SZ,6.7600,6.8400,6.5300,6.5400,24114.0000,,Tencent_raw
2026-08-25,300472.SZ,6.4700,6.6900,6.4700,6.6100,14200.0000,,Tencent_raw
2026-08-26,300472.SZ,6.6800,6.8900,6.6200,6.8500,23204.0000,,Tencent_raw
2026-08-27,300472.SZ,6.8700,6.9200,6.7700,6.8700,19273.0000,,Tencent_raw
2026-08-28,300472.SZ,6.9700,7.2500,6.8100,7.0300,40566.0000,,Tencent_raw
2026-08-31,300472.SZ,7.0000,7.5800,6.9800,7.3700,73582.0000,,Tencent_raw
2026-09-01,300472.SZ,7.3300,7.4300,7.1700,7.2200,44925.0000,,Tencent_raw
2026-09-03,300472.SZ,7.2200,7.3800,7.1000,7.1900,63875.0000,,Tencent_raw
2026-09-04,300472.SZ,7.1200,7.2700,6.9500,7.2100,40374.0000,,Tencent_raw
2026-09-07,300472.SZ,7.1600,7.2500,7.0900,7.1300,24232.0000,,Tencent_raw
2026-09-08,300472.SZ,7.1400,7.4800,7.0800,7.2600,26306.0000,,Tencent_raw
2026-09-09,300472.SZ,7.2600,7.3200,7.0600,7.1100,24062.0000,,Tencent_raw
2026-09-10,300472.SZ,7.1000,7.1600,7.0100,7.0500,24040.0000,,Tencent_raw
2026-09-11,300472.SZ,6.9600,7.1000,6.9100,6.9300,20160.0000,,Tencent_raw
2026-09-14,300472.SZ,6.9500,7.0600,6.8500,6.9800,19455.0000,,Tencent_raw
2026-09-15,300472.SZ,6.9800,6.9800,6.5800,6.7300,34719.0000,,Tencent_raw
2026-09-16,300472.SZ,6.6400,6.8100,6.6400,6.7800,20601.0000,,Tencent_raw
2026-09-17,300472.SZ,6.6800,6.8800,6.6700,6.8100,21848.0000,,Tencent_raw
2026-09-18,300472.SZ,6.8100,6.9100,6.7400,6.7700,16834.0000,,Tencent_raw
2026-09-21,300472.SZ,6.7700,6.7800,6.7100,6.7300,21552.0000,,Tencent_raw
2026-09-22,300472.SZ,6.7300,6.9000,6.6800,6.7600,32342.0000,,Tencent_raw
2026-09-23,300472.SZ,6.7600,7.0300,6.7300,6.9200,36629.0000,,Tencent_raw
2026-09-24,300472.SZ,6.8800,7.0700,6.8500,6.8700,24096.0000,,Tencent_raw
2026-09-28,300472.SZ,6.7200,6.8400,6.5200,6.6600,37069.0000,,Tencent_raw
2025-09-01,300477.SZ,2.0900,2.1500,2.0800,2.1300,360057.0000,,Tencent_raw
2025-09-02,300477.SZ,2.1300,2.2500,2.1200,2.2000,646710.0000,,Tencent_raw
2025-09-03,300477.SZ,2.1800,2.2200,2.1200,2.1300,435320.0000,,Tencent_raw
2025-09-04,300477.SZ,2.1300,2.1800,2.0900,2.1200,409508.0000,,Tencent_raw
2025-09-05,300477.SZ,2.1200,2.2100,2.1200,2.1900,456595.0000,,Tencent_raw
2025-09-08,300477.SZ,2.1800,2.2000,2.1500,2.1900,456313.0000,,Tencent_raw
2025-09-09,300477.SZ,2.1800,2.1900,2.1400,2.1500,366134.0000,,Tencent_raw
2025-09-10,300477.SZ,2.1500,2.1600,2.1000,2.1300,485022.0000,,Tencent_raw
2025-09-11,300477.SZ,2.1200,2.1300,2.0600,2.1000,585117.0000,,Tencent_raw
2025-09-12,300477.SZ,2.0900,2.1300,2.0800,2.0900,531553.0000,,Tencent_raw
2025-09-15,300477.SZ,2.0800,2.1100,2.0300,2.0400,729063.0000,,Tencent_raw
2025-09-16,300477.SZ,2.0400,2.0700,2.0100,2.0600,540272.0000,,Tencent_raw
2025-09-17,300477.SZ,2.0600,2.0900,2.0400,2.0900,492181.0000,,Tencent_raw
2025-09-18,300477.SZ,2.1000,2.2100,2.0900,2.1200,859045.0000,,Tencent_raw
2025-09-19,300477.SZ,2.1000,2.1200,2.0600,2.0700,511601.0000,,Tencent_raw
2025-09-22,300477.SZ,2.0700,2.1400,2.0700,2.1000,505084.0000,,Tencent_raw
2025-09-23,300477.SZ,2.0900,2.1000,1.9800,2.0300,621602.0000,,Tencent_raw
2025-09-24,300477.SZ,2.0100,2.0500,2.0000,2.0400,330558.0000,,Tencent_raw
2025-09-25,300477.SZ,2.0400,2.0400,2.0100,2.0200,306689.0000,,Tencent_raw
2025-09-26,300477.SZ,2.0100,2.0400,2.0000,2.0200,245579.0000,,Tencent_raw
2025-09-29,300477.SZ,2.0200,2.0700,2.0000,2.0400,362267.0000,,Tencent_raw
2025-09-30,300477.SZ,2.0300,2.0700,2.0300,2.0300,320192.0000,,Tencent_raw
2025-10-09,300477.SZ,2.0500,2.0600,2.0100,2.0200,405122.0000,,Tencent_raw
2025-10-10,300477.SZ,2.0100,2.0300,2.0000,2.0100,332042.0000,,Tencent_raw
2025-10-13,300477.SZ,1.9300,1.9900,1.9100,1.9800,384045.0000,,Tencent_raw
2025-10-14,300477.SZ,1.9800,2.0000,1.9400,1.9600,319121.0000,,Tencent_raw
2025-10-15,300477.SZ,1.9600,1.9800,1.9400,1.9600,327377.0000,,Tencent_raw
2025-10-16,300477.SZ,1.9600,2.0000,1.9300,2.0000,499230.0000,,Tencent_raw
2025-10-17,300477.SZ,1.9800,2.0000,1.9500,1.9500,326004.0000,,Tencent_raw
2025-10-20,300477.SZ,1.9500,1.9800,1.9500,1.9700,240590.0000,,Tencent_raw
2025-10-21,300477.SZ,1.9600,2.0100,1.9500,2.0000,342827.0000,,Tencent_raw
2025-10-22,300477.SZ,1.9900,2.0400,1.9800,2.0200,379997.0000,,Tencent_raw
2025-10-23,300477.SZ,2.0200,2.0300,1.9800,2.0000,339235.0000,,Tencent_raw
2025-10-24,300477.SZ,2.0000,2.1200,2.0000,2.0600,581340.0000,,Tencent_raw
2025-10-27,300477.SZ,2.0600,2.0700,2.0300,2.0400,348797.0000,,Tencent_raw
2025-10-28,300477.SZ,2.0300,2.0300,1.9800,2.0000,469043.0000,,Tencent_raw
2025-10-29,300477.SZ,1.9900,2.0000,1.9600,1.9900,322398.0000,,Tencent_raw
2025-10-30,300477.SZ,1.9800,2.0100,1.9700,1.9900,315054.0000,,Tencent_raw
2025-10-31,300477.SZ,1.9800,2.0300,1.9800,2.0200,289683.0000,,Tencent_raw
2025-11-03,300477.SZ,2.0200,2.0900,2.0000,2.0700,466271.0000,,Tencent_raw
2025-11-04,300477.SZ,2.0700,2.1700,2.0600,2.1100,777523.0000,,Tencent_raw
2025-11-05,300477.SZ,2.0900,2.2800,2.0800,2.2500,1022372.0000,,Tencent_raw
2025-11-06,300477.SZ,2.2400,2.2700,2.1600,2.1800,659652.0000,,Tencent_raw
2025-11-07,300477.SZ,2.1800,2.4800,2.1700,2.3300,1206417.0000,,Tencent_raw
2025-11-10,300477.SZ,2.4000,2.7800,2.3900,2.7100,1660023.0000,,Tencent_raw
2025-11-11,300477.SZ,2.6000,2.9700,2.6000,2.6800,1946966.0000,,Tencent_raw
2025-11-12,300477.SZ,2.6800,2.9000,2.5500,2.8000,1531799.0000,,Tencent_raw
2025-11-13,300477.SZ,2.8000,3.0900,2.8000,3.0600,1526130.0000,,Tencent_raw
2025-11-14,300477.SZ,3.0700,3.3800,3.0100,3.3800,1760026.0000,,Tencent_raw
2025-11-17,300477.SZ,3.5000,4.0500,3.2700,3.9800,2246043.0000,,Tencent_raw
2025-11-18,300477.SZ,3.9300,4.5500,3.8200,4.1300,2588008.0000,,Tencent_raw
2025-11-19,300477.SZ,4.2300,4.3800,3.6700,3.7500,2182971.0000,,Tencent_raw
2025-11-20,300477.SZ,3.7000,4.0200,3.3300,4.0200,2538474.0000,,Tencent_raw
2025-11-21,300477.SZ,3.8300,4.1900,3.6700,3.7400,1826402.0000,,Tencent_raw
2025-11-24,300477.SZ,3.5900,3.7700,3.0100,3.1100,1973615.0000,,Tencent_raw
2025-11-25,300477.SZ,3.2000,3.5100,3.1000,3.4100,1807669.0000,,Tencent_raw
2025-11-26,300477.SZ,3.3700,3.8800,3.3700,3.8500,1958940.0000,,Tencent_raw
2025-11-27,300477.SZ,3.9000,4.1400,3.7000,3.8200,1999880.0000,,Tencent_raw
2025-11-28,300477.SZ,3.7800,3.9300,3.6200,3.8100,1374689.0000,,Tencent_raw
2025-12-01,300477.SZ,3.8600,4.0300,3.7600,3.7800,1272764.0000,,Tencent_raw
2025-12-02,300477.SZ,3.6700,3.6700,3.3900,3.4300,1494213.0000,,Tencent_raw
2025-12-03,300477.SZ,3.5000,3.5900,3.3700,3.4600,1037571.0000,,Tencent_raw
2025-12-04,300477.SZ,3.4100,3.4500,3.1600,3.2000,1198134.0000,,Tencent_raw
2025-12-05,300477.SZ,3.2500,3.3900,3.2100,3.2200,1047335.0000,,Tencent_raw
2025-12-08,300477.SZ,3.1500,3.3000,3.0700,3.2900,1133089.0000,,Tencent_raw
2025-12-09,300477.SZ,3.2300,3.5200,3.1800,3.4500,1385199.0000,,Tencent_raw
2025-12-10,300477.SZ,3.3800,3.4600,3.2800,3.3100,885711.0000,,Tencent_raw
2025-12-11,300477.SZ,3.2800,3.4000,3.1800,3.1800,788327.0000,,Tencent_raw
2025-12-12,300477.SZ,3.1500,3.2400,3.0300,3.0400,907553.0000,,Tencent_raw
2025-12-15,300477.SZ,3.0300,3.0800,2.8100,2.8800,1011633.0000,,Tencent_raw
2025-12-16,300477.SZ,2.8800,2.9700,2.7600,2.9200,841074.0000,,Tencent_raw
2025-12-17,300477.SZ,2.8600,3.0800,2.8200,3.0400,927931.0000,,Tencent_raw
2025-12-18,300477.SZ,2.9800,3.0100,2.9200,2.9200,707496.0000,,Tencent_raw
2025-12-19,300477.SZ,2.9100,3.0700,2.8600,3.0200,805056.0000,,Tencent_raw
2025-12-22,300477.SZ,3.0000,3.1900,3.0000,3.0800,861461.0000,,Tencent_raw
2025-12-23,300477.SZ,3.0300,3.1600,2.9600,3.0700,799093.0000,,Tencent_raw
2025-12-24,300477.SZ,3.0500,3.1800,3.0500,3.0900,632356.0000,,Tencent_raw
2025-12-25,300477.SZ,3.0300,3.0500,2.9800,3.0000,613719.0000,,Tencent_raw
2025-12-26,300477.SZ,3.0600,3.1400,3.0200,3.0600,664283.0000,,Tencent_raw
2025-12-29,300477.SZ,3.0400,3.0500,2.9100,2.9200,732374.0000,,Tencent_raw
2025-12-30,300477.SZ,2.8700,2.8800,2.7200,2.7200,835398.0000,,Tencent_raw
2025-12-31,300477.SZ,2.7500,2.7900,2.5900,2.6200,737485.0000,,Tencent_raw
2026-01-05,300477.SZ,2.6700,2.6900,2.5600,2.6400,555073.0000,,Tencent_raw
2026-01-06,300477.SZ,2.6400,2.8300,2.6200,2.7400,811650.0000,,Tencent_raw
2026-01-07,300477.SZ,2.7400,2.8700,2.7400,2.7800,663965.0000,,Tencent_raw
2026-01-08,300477.SZ,2.7900,2.8000,2.6900,2.7200,583982.0000,,Tencent_raw
2026-01-09,300477.SZ,2.6800,2.7500,2.6600,2.7000,553917.0000,,Tencent_raw
2026-01-12,300477.SZ,2.7300,2.7400,2.6600,2.6900,619215.0000,,Tencent_raw
2026-01-13,300477.SZ,2.6700,2.9300,2.6000,2.8800,1238327.0000,,Tencent_raw
2026-01-14,300477.SZ,2.8100,2.9700,2.8000,2.8600,1033132.0000,,Tencent_raw
2026-01-15,300477.SZ,2.8200,3.3400,2.7800,3.3200,1644621.0000,,Tencent_raw
2026-01-16,300477.SZ,3.4100,3.6300,3.2200,3.3000,1891506.0000,,Tencent_raw
2026-01-19,300477.SZ,3.2800,3.6100,3.1500,3.5700,1517771.0000,,Tencent_raw
2026-01-20,300477.SZ,3.4900,3.5900,3.3600,3.4200,1152380.0000,,Tencent_raw
2026-01-21,300477.SZ,3.3400,3.4000,3.1300,3.1500,1174394.0000,,Tencent_raw
2026-01-22,300477.SZ,3.1800,3.3700,3.1200,3.2800,949482.0000,,Tencent_raw
2026-01-23,300477.SZ,3.2500,3.3600,3.2100,3.2600,798518.0000,,Tencent_raw
2026-01-26,300477.SZ,3.2100,3.4000,3.1100,3.2400,1046675.0000,,Tencent_raw
2026-01-27,300477.SZ,3.2200,3.3000,3.1600,3.1600,699972.0000,,Tencent_raw
2026-01-28,300477.SZ,3.1300,3.2600,3.0500,3.1700,838849.0000,,Tencent_raw
2026-01-29,300477.SZ,3.1800,3.1800,3.0200,3.0200,764420.0000,,Tencent_raw
2026-01-30,300477.SZ,2.9700,2.9700,2.8500,2.8700,637037.0000,,Tencent_raw
2026-02-02,300477.SZ,2.9200,3.0500,2.8700,2.9200,680352.0000,,Tencent_raw
2026-02-03,300477.SZ,2.8800,3.0500,2.8500,3.0100,630423.0000,,Tencent_raw
2026-02-04,300477.SZ,2.9800,3.0900,2.9600,3.0400,535490.0000,,Tencent_raw
2026-02-05,300477.SZ,3.0100,3.1700,2.9800,3.1300,707373.0000,,Tencent_raw
2026-02-06,300477.SZ,3.1000,3.1600,3.0200,3.0200,615719.0000,,Tencent_raw
2026-02-09,300477.SZ,3.0000,3.0400,2.9600,2.9900,485370.0000,,Tencent_raw
2026-02-10,300477.SZ,2.9800,3.0100,2.9200,2.9300,377513.0000,,Tencent_raw
2026-02-11,300477.SZ,2.9200,2.9600,2.9000,2.9100,285489.0000,,Tencent_raw
2026-02-12,300477.SZ,2.9200,3.0100,2.9100,2.9200,418479.0000,,Tencent_raw
2026-02-13,300477.SZ,2.9200,2.9400,2.8600,2.8600,377018.0000,,Tencent_raw
2026-02-24,300477.SZ,2.8800,3.0100,2.8800,2.9400,454273.0000,,Tencent_raw
2026-02-25,300477.SZ,2.9300,3.1400,2.9300,3.0800,798776.0000,,Tencent_raw
2026-02-26,300477.SZ,3.0800,3.1100,2.9800,3.0000,607238.0000,,Tencent_raw
2026-02-27,300477.SZ,2.9900,3.0700,2.9800,3.0300,404986.0000,,Tencent_raw
2026-03-02,300477.SZ,2.9200,2.9700,2.8900,2.9000,510021.0000,,Tencent_raw
2026-03-03,300477.SZ,2.8800,2.9200,2.7000,2.7100,508662.0000,,Tencent_raw
2026-03-04,300477.SZ,2.6500,2.8300,2.6400,2.7600,334645.0000,,Tencent_raw
2026-03-05,300477.SZ,2.7900,2.8700,2.7700,2.8400,385720.0000,,Tencent_raw
2026-03-06,300477.SZ,2.8100,2.8500,2.7800,2.8400,310548.0000,,Tencent_raw
2026-03-09,300477.SZ,2.7900,2.8600,2.7700,2.8500,336705.0000,,Tencent_raw
2026-03-10,300477.SZ,2.8500,3.0000,2.8400,2.9700,539346.0000,,Tencent_raw
2026-03-11,300477.SZ,2.9500,2.9900,2.9100,2.9200,433558.0000,,Tencent_raw
2026-03-12,300477.SZ,2.9200,2.9600,2.8800,2.9000,325148.0000,,Tencent_raw
2026-03-13,300477.SZ,2.8800,2.9300,2.8700,2.8700,289460.0000,,Tencent_raw
2026-03-16,300477.SZ,2.8200,2.8900,2.8200,2.8500,225376.0000,,Tencent_raw
2026-03-17,300477.SZ,2.8700,2.9800,2.8600,2.8800,397300.0000,,Tencent_raw
2026-03-18,300477.SZ,2.8700,2.8900,2.8000,2.8400,296240.0000,,Tencent_raw
2026-03-19,300477.SZ,2.8100,2.8100,2.7100,2.7300,303292.0000,,Tencent_raw
2026-03-20,300477.SZ,2.7300,2.7700,2.6700,2.6700,313202.0000,,Tencent_raw
2026-03-23,300477.SZ,2.6100,2.6300,2.4300,2.4900,445551.0000,,Tencent_raw
2026-03-24,300477.SZ,2.5600,2.6100,2.5000,2.5900,339960.0000,,Tencent_raw
2026-03-25,300477.SZ,2.6000,2.6700,2.5800,2.6700,281947.0000,,Tencent_raw
2026-03-26,300477.SZ,2.6600,2.6900,2.5900,2.6100,270652.0000,,Tencent_raw
2026-03-27,300477.SZ,2.5600,2.7500,2.5300,2.7000,360749.0000,,Tencent_raw
2026-03-30,300477.SZ,2.6500,2.7100,2.6300,2.6700,236390.0000,,Tencent_raw
2026-03-31,300477.SZ,2.6700,2.7100,2.5800,2.5800,271823.0000,,Tencent_raw
2026-04-01,300477.SZ,2.6100,2.6400,2.5600,2.6000,190475.0000,,Tencent_raw
2026-04-02,300477.SZ,2.5900,2.6400,2.5700,2.5700,174310.0000,,Tencent_raw
2026-04-03,300477.SZ,2.5700,2.5800,2.4500,2.4800,241135.0000,,Tencent_raw
2026-04-07,300477.SZ,2.5100,2.5200,2.4600,2.4900,147598.0000,,Tencent_raw
2026-04-08,300477.SZ,2.5300,2.6500,2.5300,2.6200,292500.0000,,Tencent_raw
2026-04-09,300477.SZ,2.5800,2.5900,2.5200,2.5400,233695.0000,,Tencent_raw
2026-04-10,300477.SZ,2.5400,2.6500,2.5400,2.5800,230966.0000,,Tencent_raw
2026-04-13,300477.SZ,2.5500,2.6300,2.5500,2.6100,192949.0000,,Tencent_raw
2026-04-14,300477.SZ,2.6300,2.7500,2.5900,2.6900,404644.0000,,Tencent_raw
2026-04-15,300477.SZ,2.5600,2.6200,2.4800,2.5000,685913.0000,,Tencent_raw
2026-04-16,300477.SZ,2.4700,2.5600,2.3600,2.5400,505513.0000,,Tencent_raw
2026-04-17,300477.SZ,2.5200,2.5900,2.4700,2.5000,371196.0000,,Tencent_raw
2026-04-20,300477.SZ,2.4800,2.5000,2.4300,2.4400,285813.0000,,Tencent_raw
2026-04-21,300477.SZ,2.4500,2.4600,2.2800,2.3300,474204.0000,,Tencent_raw
2026-04-22,300477.SZ,2.2900,2.3200,2.1900,2.2000,555693.0000,,Tencent_raw
2026-04-23,300477.SZ,2.1900,2.2700,2.1600,2.1900,388248.0000,,Tencent_raw
2026-04-24,300477.SZ,2.1400,2.1600,2.0600,2.0800,467291.0000,,Tencent_raw
2026-04-27,300477.SZ,2.1300,2.4600,2.1300,2.4100,891788.0000,,Tencent_raw
2026-04-28,300477.SZ,2.2900,2.4000,2.2100,2.2300,654505.0000,,Tencent_raw
2026-04-29,300477.SZ,2.4000,2.5500,2.3300,2.4500,805618.0000,,Tencent_raw
2026-04-30,300477.SZ,2.4600,2.7800,2.4200,2.7600,1051334.0000,,Tencent_raw
2026-05-06,300477.SZ,2.8100,2.9100,2.7100,2.7400,1051695.0000,,Tencent_raw
2026-05-07,300477.SZ,2.7800,2.8800,2.6600,2.7800,694602.0000,,Tencent_raw
2026-05-08,300477.SZ,2.7300,2.8200,2.7200,2.8000,471799.0000,,Tencent_raw
2026-05-11,300477.SZ,2.8000,3.1400,2.8000,3.1300,944590.0000,,Tencent_raw
2026-05-12,300477.SZ,3.1000,3.3800,3.0100,3.1400,1163786.0000,,Tencent_raw
2026-05-13,300477.SZ,3.2000,3.2700,3.0700,3.1500,731986.0000,,Tencent_raw
2026-05-14,300477.SZ,3.1500,3.3900,3.1100,3.3000,881499.0000,,Tencent_raw
2026-05-15,300477.SZ,3.2200,3.3300,3.0900,3.1100,708862.0000,,Tencent_raw
2026-05-18,300477.SZ,3.0000,3.0000,2.7600,2.7900,856936.0000,,Tencent_raw
2026-05-19,300477.SZ,2.8100,3.0200,2.8000,2.9900,615012.0000,,Tencent_raw
2026-05-20,300477.SZ,2.9500,3.0000,2.8500,2.9000,383699.0000,,Tencent_raw
2026-05-21,300477.SZ,2.9200,2.9800,2.8000,2.8000,408762.0000,,Tencent_raw
2026-05-22,300477.SZ,2.8000,2.8800,2.7800,2.8300,255604.0000,,Tencent_raw
2026-05-25,300477.SZ,2.8200,2.9000,2.7800,2.8400,287761.0000,,Tencent_raw
2026-05-26,300477.SZ,2.8300,2.8300,2.7000,2.7300,308849.0000,,Tencent_raw
2026-05-27,300477.SZ,2.7300,2.7500,2.6000,2.6200,317631.0000,,Tencent_raw
2026-05-28,300477.SZ,2.6500,2.7200,2.6200,2.6600,220970.0000,,Tencent_raw
2026-05-29,300477.SZ,2.6500,2.8400,2.6400,2.7300,387290.0000,,Tencent_raw
2026-06-01,300477.SZ,2.6100,2.7500,2.6100,2.7200,271627.0000,,Tencent_raw
2026-06-02,300477.SZ,2.7000,2.7100,2.6000,2.6300,305014.0000,,Tencent_raw
2026-06-03,300477.SZ,2.5700,2.5900,2.4700,2.4900,471743.0000,,Tencent_raw
2026-06-04,300477.SZ,2.4600,2.5300,2.3700,2.3800,318904.0000,,Tencent_raw
2026-06-05,300477.SZ,2.4200,2.5100,2.4200,2.4500,317665.0000,,Tencent_raw
2026-06-08,300477.SZ,2.3700,2.5200,2.3100,2.4600,260305.0000,,Tencent_raw
2026-06-09,300477.SZ,2.4400,2.4800,2.3900,2.4700,180286.0000,,Tencent_raw
2026-06-10,300477.SZ,2.4400,2.6500,2.4100,2.5600,383498.0000,,Tencent_raw
2026-06-11,300477.SZ,2.4000,2.4800,2.3500,2.4100,331931.0000,,Tencent_raw
2026-06-12,300477.SZ,2.4500,2.4500,2.3600,2.4000,189508.0000,,Tencent_raw
2026-06-15,300477.SZ,2.4000,2.4500,2.3800,2.4000,172907.0000,,Tencent_raw
2026-06-16,300477.SZ,2.4000,2.4400,2.3300,2.4400,250925.0000,,Tencent_raw
2026-06-17,300477.SZ,2.4300,2.4800,2.3700,2.3900,200317.0000,,Tencent_raw
2026-06-18,300477.SZ,2.3600,2.3800,2.3100,2.3100,188649.0000,,Tencent_raw
2026-06-22,300477.SZ,2.3000,2.4600,2.2100,2.4000,308553.0000,,Tencent_raw
2026-06-23,300477.SZ,2.3500,2.4300,2.3200,2.3300,203484.0000,,Tencent_raw
2026-06-24,300477.SZ,2.2900,2.3100,2.2300,2.2400,198439.0000,,Tencent_raw
2026-06-25,300477.SZ,2.1900,2.2400,2.1200,2.1300,242487.0000,,Tencent_raw
2026-06-26,300477.SZ,2.1600,2.2300,2.1500,2.1600,204876.0000,,Tencent_raw
2026-06-29,300477.SZ,2.1700,2.2500,2.1500,2.2100,188505.0000,,Tencent_raw
2026-06-30,300477.SZ,2.1900,2.3300,2.1600,2.3200,237343.0000,,Tencent_raw
2026-07-01,300477.SZ,2.3100,2.6000,2.3100,2.5400,510838.0000,,Tencent_raw
2026-07-02,300477.SZ,2.4500,2.6300,2.4300,2.5500,354195.0000,,Tencent_raw
2026-07-03,300477.SZ,2.4900,2.5700,2.4500,2.5200,232621.0000,,Tencent_raw
2026-07-06,300477.SZ,2.4600,2.4900,2.3800,2.3900,223306.0000,,Tencent_raw
2026-07-07,300477.SZ,2.4100,2.4300,2.2800,2.2900,163347.0000,,Tencent_raw
2026-07-08,300477.SZ,2.2700,2.3900,2.2400,2.3100,138265.0000,,Tencent_raw
2026-07-09,300477.SZ,2.3100,2.3700,2.2700,2.3000,156943.0000,,Tencent_raw
2026-07-10,300477.SZ,2.2800,2.3500,2.2600,2.3400,141529.0000,,Tencent_raw
2026-07-13,300477.SZ,2.3200,2.4000,2.2900,2.3300,161856.0000,,Tencent_raw
2026-07-14,300477.SZ,2.3000,2.3100,2.2000,2.2800,119838.0000,,Tencent_raw
2026-07-15,300477.SZ,2.2700,2.5000,2.2500,2.4800,210439.0000,,Tencent_raw
2026-07-16,300477.SZ,2.4200,2.5600,2.4000,2.4600,248084.0000,,Tencent_raw
2026-07-17,300477.SZ,2.4400,2.5200,2.3200,2.3500,159844.0000,,Tencent_raw
2026-07-20,300477.SZ,2.3700,2.3900,2.2500,2.2700,142388.0000,,Tencent_raw
2026-07-21,300477.SZ,2.2800,2.3000,2.2000,2.2900,132231.0000,,Tencent_raw
2026-07-22,300477.SZ,2.2700,2.3100,2.2500,2.2600,106320.0000,,Tencent_raw
2026-07-23,300477.SZ,2.2600,2.3600,2.2400,2.3300,161905.0000,,Tencent_raw
2026-07-24,300477.SZ,2.3600,2.5500,2.3400,2.4700,440994.0000,,Tencent_raw
2026-07-27,300477.SZ,2.5900,2.7800,2.5300,2.6200,564426.0000,,Tencent_raw
2026-07-28,300477.SZ,2.5600,2.7400,2.5100,2.6700,537427.0000,,Tencent_raw
2026-07-29,300477.SZ,2.6500,2.8400,2.6300,2.8000,478362.0000,,Tencent_raw
2026-07-30,300477.SZ,2.8900,2.9500,2.7100,2.7200,429756.0000,,Tencent_raw
2026-07-31,300477.SZ,2.6400,2.7900,2.6200,2.6900,472171.0000,,Tencent_raw
2026-08-03,300477.SZ,2.6600,2.7100,2.6200,2.6900,297463.0000,,Tencent_raw
2026-08-04,300477.SZ,2.7100,2.8200,2.7100,2.7400,317467.0000,,Tencent_raw
2026-08-05,300477.SZ,2.7200,2.7600,2.6500,2.7200,364870.0000,,Tencent_raw
2026-08-06,300477.SZ,2.7400,2.7400,2.6200,2.6400,275523.0000,,Tencent_raw
2026-08-07,300477.SZ,2.6300,2.6700,2.5800,2.6500,256342.0000,,Tencent_raw
2026-08-10,300477.SZ,2.6200,2.7100,2.5900,2.6900,231523.0000,,Tencent_raw
2026-08-11,300477.SZ,2.6400,2.6600,2.6200,2.6300,184146.0000,,Tencent_raw
2026-08-12,300477.SZ,2.6300,2.6500,2.5900,2.6300,188378.0000,,Tencent_raw
2026-08-13,300477.SZ,2.6200,2.7700,2.6000,2.7400,401490.0000,,Tencent_raw
2026-08-14,300477.SZ,2.7200,2.7500,2.6600,2.7000,243417.0000,,Tencent_raw
2026-08-17,300477.SZ,2.7000,2.7200,2.6400,2.6600,220188.0000,,Tencent_raw
2026-08-18,300477.SZ,2.6500,2.6800,2.5900,2.6300,199432.0000,,Tencent_raw
2026-08-19,300477.SZ,2.6000,2.6200,2.4900,2.5000,243185.0000,,Tencent_raw
2026-08-20,300477.SZ,2.4900,2.5400,2.4900,2.5200,143774.0000,,Tencent_raw
2026-08-21,300477.SZ,2.5000,2.6000,2.4700,2.5300,175968.0000,,Tencent_raw
2026-08-24,300477.SZ,2.5400,2.5400,2.4500,2.4500,183859.0000,,Tencent_raw
2026-08-25,300477.SZ,2.4500,2.5300,2.4000,2.5100,160541.0000,,Tencent_raw
2026-08-26,300477.SZ,2.5000,2.5300,2.4900,2.5100,130854.0000,,Tencent_raw
2026-08-27,300477.SZ,2.5000,2.5500,2.4700,2.5200,150736.0000,,Tencent_raw
2026-08-28,300477.SZ,2.5100,2.6200,2.5000,2.5800,218743.0000,,Tencent_raw
2026-08-31,300477.SZ,2.5500,2.7100,2.5500,2.6800,299275.0000,,Tencent_raw
2026-09-01,300477.SZ,2.6500,2.6900,2.6300,2.6600,186792.0000,,Tencent_raw
2026-09-02,300477.SZ,2.6400,2.6700,2.5800,2.6100,145957.0000,,Tencent_raw
2026-09-03,300477.SZ,2.6000,2.6500,2.5700,2.6000,122806.0000,,Tencent_raw
2026-09-04,300477.SZ,2.6000,2.6300,2.5800,2.6100,118589.0000,,Tencent_raw
2026-09-07,300477.SZ,2.6000,2.6400,2.5800,2.6100,107482.0000,,Tencent_raw
2026-09-08,300477.SZ,2.6100,2.6900,2.6100,2.6900,229357.0000,,Tencent_raw
2026-09-09,300477.SZ,2.6800,2.7100,2.6300,2.6300,162022.0000,,Tencent_raw
2026-09-10,300477.SZ,2.6000,2.7300,2.5800,2.7000,281410.0000,,Tencent_raw
2026-09-11,300477.SZ,2.6800,2.8500,2.6100,2.7900,409201.0000,,Tencent_raw
2026-09-14,300477.SZ,2.7900,2.9000,2.7400,2.8700,403664.0000,,Tencent_raw
2026-09-15,300477.SZ,2.8600,2.8600,2.6200,2.6700,391142.0000,,Tencent_raw
2026-09-16,300477.SZ,2.6900,2.7500,2.6200,2.6900,199361.0000,,Tencent_raw
2026-09-17,300477.SZ,2.6600,2.7500,2.6300,2.6500,176312.0000,,Tencent_raw
2026-09-18,300477.SZ,2.6400,2.6700,2.6200,2.6300,164921.0000,,Tencent_raw
2026-09-21,300477.SZ,2.6400,2.6700,2.6000,2.6400,173843.0000,,Tencent_raw
2026-09-22,300477.SZ,2.6400,2.6500,2.6200,2.6200,109975.0000,,Tencent_raw
2026-09-23,300477.SZ,2.6200,2.7300,2.6100,2.6800,241988.0000,,Tencent_raw
2026-09-24,300477.SZ,2.6800,2.6900,2.6400,2.6400,118334.0000,,Tencent_raw
2026-09-28,300477.SZ,2.6400,2.6700,2.6100,2.6400,126860.0000,,Tencent_raw
2025-09-01,300716.SZ,9.7800,11.3600,9.7800,10.9100,103080.0000,,Tencent_raw
2025-09-02,300716.SZ,11.2000,11.5000,10.7600,11.1000,82963.0000,,Tencent_raw
2025-09-03,300716.SZ,11.1000,11.3800,10.8000,10.9600,63132.0000,,Tencent_raw
2025-09-04,300716.SZ,10.9800,11.1500,10.1500,10.3200,74555.0000,,Tencent_raw
2025-09-05,300716.SZ,10.4300,11.3700,10.4300,11.1300,64302.0000,,Tencent_raw
2025-09-08,300716.SZ,11.4300,12.2800,10.9400,12.1500,101222.0000,,Tencent_raw
2025-09-09,300716.SZ,12.1600,12.4400,11.9700,12.3000,79294.0000,,Tencent_raw
2025-09-10,300716.SZ,12.3700,13.5600,12.3700,13.4500,90834.0000,,Tencent_raw
2025-09-11,300716.SZ,13.1500,14.2200,12.9900,13.0600,122893.0000,,Tencent_raw
2025-09-12,300716.SZ,13.2400,14.1800,12.9800,14.0600,83130.0000,,Tencent_raw
2025-09-15,300716.SZ,14.1300,14.4000,13.3800,13.9100,88449.0000,,Tencent_raw
2025-09-16,300716.SZ,13.6500,14.0500,13.4500,13.5500,43053.0000,,Tencent_raw
2025-09-17,300716.SZ,13.5500,13.5500,13.0600,13.3300,49818.0000,,Tencent_raw
2025-09-18,300716.SZ,13.3400,13.9200,13.2500,13.4600,51676.0000,,Tencent_raw
2025-09-19,300716.SZ,13.4600,13.5000,12.4000,12.8600,67773.0000,,Tencent_raw
2025-09-22,300716.SZ,12.5000,12.7000,11.9900,12.1000,63762.0000,,Tencent_raw
2025-09-23,300716.SZ,12.1900,12.6500,12.0200,12.6200,45600.0000,,Tencent_raw
2025-09-24,300716.SZ,12.4200,13.3000,12.4000,13.2400,36610.0000,,Tencent_raw
2025-09-25,300716.SZ,13.2400,13.3700,13.0400,13.0600,20892.0000,,Tencent_raw
2025-09-26,300716.SZ,13.0000,13.3000,12.8600,13.1200,27270.0000,,Tencent_raw
2025-09-29,300716.SZ,13.1300,13.8000,13.1200,13.5900,44881.0000,,Tencent_raw
2025-09-30,300716.SZ,13.6300,13.8300,13.2000,13.4800,42688.0000,,Tencent_raw
2025-10-09,300716.SZ,13.4900,13.8200,12.9500,13.7800,32043.0000,,Tencent_raw
2025-10-10,300716.SZ,13.8000,13.9500,13.6300,13.7300,24106.0000,,Tencent_raw
2025-10-13,300716.SZ,13.3000,14.9500,13.2500,14.7100,66702.0000,,Tencent_raw
2025-10-14,300716.SZ,15.0000,15.4900,14.8800,15.1300,55565.0000,,Tencent_raw
2025-10-15,300716.SZ,15.0000,15.3900,14.6300,14.7800,34610.0000,,Tencent_raw
2025-10-16,300716.SZ,14.7800,15.1500,14.2600,14.3300,29930.0000,,Tencent_raw
2025-10-17,300716.SZ,14.5500,14.5500,13.9100,13.9900,18044.0000,,Tencent_raw
2025-10-20,300716.SZ,14.1000,14.3500,13.6800,14.0300,21507.0000,,Tencent_raw
2025-10-21,300716.SZ,14.0300,14.0300,13.6900,13.9400,17857.0000,,Tencent_raw
2025-10-22,300716.SZ,13.9400,14.4000,13.6700,13.9200,35060.0000,,Tencent_raw
2025-10-23,300716.SZ,13.8000,13.8500,13.1600,13.2000,34749.0000,,Tencent_raw
2025-10-24,300716.SZ,13.2300,13.4000,12.7600,12.9300,41249.0000,,Tencent_raw
2025-10-27,300716.SZ,12.9200,13.6900,12.8200,13.6000,39328.0000,,Tencent_raw
2025-10-28,300716.SZ,13.6100,13.7900,12.9500,13.0600,29494.0000,,Tencent_raw
2025-10-29,300716.SZ,12.8000,13.1400,12.8000,13.0300,16448.0000,,Tencent_raw
2025-10-30,300716.SZ,13.0300,13.0300,12.3800,12.5700,53724.0000,,Tencent_raw
2025-10-31,300716.SZ,12.4000,13.3000,12.4000,13.1000,35580.0000,,Tencent_raw
2025-11-03,300716.SZ,13.2200,13.2700,12.8300,12.9000,19855.0000,,Tencent_raw
2025-11-04,300716.SZ,13.0800,14.2000,12.9100,13.2600,38317.0000,,Tencent_raw
2025-11-05,300716.SZ,12.9600,13.6000,12.9600,13.4100,17663.0000,,Tencent_raw
2025-11-06,300716.SZ,13.5300,13.8900,12.9200,13.1500,34606.0000,,Tencent_raw
2025-11-07,300716.SZ,13.3200,13.4400,13.1500,13.2200,16560.0000,,Tencent_raw
2025-11-10,300716.SZ,13.1600,13.4900,13.1600,13.2100,15166.0000,,Tencent_raw
2025-11-11,300716.SZ,13.2900,13.7200,13.2500,13.5700,25323.0000,,Tencent_raw
2025-11-12,300716.SZ,13.4500,13.6000,13.1100,13.3300,23850.0000,,Tencent_raw
2025-11-13,300716.SZ,13.2400,13.6800,13.1000,13.1500,14179.0000,,Tencent_raw
2025-11-14,300716.SZ,13.1400,13.3800,13.0400,13.2000,14491.0000,,Tencent_raw
2025-11-17,300716.SZ,13.1500,13.3700,12.9500,13.1400,17657.0000,,Tencent_raw
2025-11-18,300716.SZ,13.0100,13.4900,12.8800,13.1800,24971.0000,,Tencent_raw
2025-11-19,300716.SZ,13.1800,13.2800,12.9300,12.9400,12432.0000,,Tencent_raw
2025-11-20,300716.SZ,12.9000,12.9800,12.3000,12.3000,25278.0000,,Tencent_raw
2025-11-21,300716.SZ,12.4000,12.4000,11.6200,11.8500,19841.0000,,Tencent_raw
2025-11-24,300716.SZ,11.8600,12.1500,11.3500,11.6300,32008.0000,,Tencent_raw
2025-11-25,300716.SZ,11.6600,12.0800,11.6600,11.9200,14651.0000,,Tencent_raw
2025-11-26,300716.SZ,12.1000,12.1000,11.7400,11.8200,10696.0000,,Tencent_raw
2025-11-27,300716.SZ,11.8200,11.8200,11.3400,11.5300,24060.0000,,Tencent_raw
2025-11-28,300716.SZ,11.5000,12.0500,11.3900,11.9300,22729.0000,,Tencent_raw
2025-12-01,300716.SZ,12.2400,12.2400,11.8100,12.0600,16699.0000,,Tencent_raw
2025-12-02,300716.SZ,12.1100,12.1600,11.7700,11.8000,17236.0000,,Tencent_raw
2025-12-03,300716.SZ,11.8000,11.9200,11.4200,11.5300,15282.0000,,Tencent_raw
2025-12-04,300716.SZ,11.4800,11.4900,11.0300,11.0800,14457.0000,,Tencent_raw
2025-12-05,300716.SZ,11.1100,11.2100,10.6200,10.8200,30392.0000,,Tencent_raw
2025-12-08,300716.SZ,10.8500,11.1000,10.6400,10.7600,19648.0000,,Tencent_raw
2025-12-09,300716.SZ,10.7700,11.8800,10.6700,11.2600,43380.0000,,Tencent_raw
2025-12-10,300716.SZ,11.3300,11.3300,10.8100,10.8200,22956.0000,,Tencent_raw
2025-12-11,300716.SZ,10.8200,10.9200,10.1500,10.3200,27819.0000,,Tencent_raw
2025-12-12,300716.SZ,10.2700,10.4400,9.9000,10.2300,20143.0000,,Tencent_raw
2025-12-15,300716.SZ,10.0900,10.3200,9.8300,10.1800,16208.0000,,Tencent_raw
2025-12-16,300716.SZ,10.2500,10.2500,9.6700,9.7000,20594.0000,,Tencent_raw
2025-12-17,300716.SZ,9.6900,10.0000,9.2200,9.9500,29695.0000,,Tencent_raw
2025-12-18,300716.SZ,9.8900,10.2800,9.7300,10.1100,17446.0000,,Tencent_raw
2025-12-19,300716.SZ,10.2000,10.3200,10.0000,10.0900,8109.0000,,Tencent_raw
2025-12-22,300716.SZ,10.0900,10.2500,9.9100,10.0200,19518.0000,,Tencent_raw
2025-12-23,300716.SZ,9.9400,10.0500,9.7900,9.8300,13042.0000,,Tencent_raw
2025-12-24,300716.SZ,9.8400,9.9100,9.6600,9.7900,11373.0000,,Tencent_raw
2025-12-25,300716.SZ,9.7100,10.1300,9.6800,10.0400,18145.0000,,Tencent_raw
2025-12-26,300716.SZ,10.0500,10.3000,9.9600,9.9600,15829.0000,,Tencent_raw
2025-12-29,300716.SZ,9.9600,11.5200,9.8600,11.0200,50928.0000,,Tencent_raw
2025-12-30,300716.SZ,10.8900,12.2500,10.8900,11.9700,63018.0000,,Tencent_raw
2025-12-31,300716.SZ,11.9700,12.2900,11.7800,11.9700,37147.0000,,Tencent_raw
2026-01-05,300716.SZ,12.3000,12.9800,12.2000,12.6000,44533.0000,,Tencent_raw
2026-01-06,300716.SZ,12.5900,13.3000,12.4000,13.2600,48374.0000,,Tencent_raw
2026-01-07,300716.SZ,13.2600,13.5000,12.3500,12.4800,56189.0000,,Tencent_raw
2026-01-08,300716.SZ,12.4700,12.6500,12.2600,12.3300,23759.0000,,Tencent_raw
2026-01-09,300716.SZ,12.3300,12.9400,11.7000,11.8300,54656.0000,,Tencent_raw
2026-01-12,300716.SZ,11.9000,11.9900,11.3200,11.8300,24203.0000,,Tencent_raw
2026-01-13,300716.SZ,11.8300,11.9700,11.6100,11.6900,23988.0000,,Tencent_raw
2026-01-14,300716.SZ,11.8000,12.5700,11.6100,11.8700,34527.0000,,Tencent_raw
2026-01-15,300716.SZ,11.9900,12.6600,11.8500,12.3800,41316.0000,,Tencent_raw
2026-01-16,300716.SZ,12.5300,12.8500,12.1300,12.5300,27826.0000,,Tencent_raw
2026-01-19,300716.SZ,12.7800,12.8000,12.2000,12.2200,27024.0000,,Tencent_raw
2026-01-20,300716.SZ,12.2300,12.2300,11.9100,12.0100,18964.0000,,Tencent_raw
2026-01-21,300716.SZ,11.9000,12.5000,11.8200,12.3800,20106.0000,,Tencent_raw
2026-01-22,300716.SZ,12.3800,12.5900,11.9000,12.0100,20091.0000,,Tencent_raw
2026-01-23,300716.SZ,12.0000,12.1500,11.8200,11.9100,23309.0000,,Tencent_raw
2026-01-26,300716.SZ,11.8800,11.9100,10.5300,10.6300,73667.0000,,Tencent_raw
2026-01-27,300716.SZ,10.7000,11.1000,10.3200,11.0300,44494.0000,,Tencent_raw
2026-01-28,300716.SZ,11.0600,11.3900,10.4000,10.4000,46554.0000,,Tencent_raw
2026-01-29,300716.SZ,10.4000,10.6100,10.0700,10.1800,22137.0000,,Tencent_raw
2026-01-30,300716.SZ,10.3500,11.3600,10.1100,11.2300,42343.0000,,Tencent_raw
2026-02-02,300716.SZ,11.4000,13.2000,11.3800,12.9100,148704.0000,,Tencent_raw
2026-02-03,300716.SZ,13.4600,13.4600,12.0100,12.7000,107762.0000,,Tencent_raw
2026-02-04,300716.SZ,12.9900,13.2800,12.4100,12.9500,70602.0000,,Tencent_raw
2026-02-05,300716.SZ,12.6600,13.0500,12.6600,12.6600,38852.0000,,Tencent_raw
2026-02-06,300716.SZ,12.6000,13.1000,12.6000,12.7600,49049.0000,,Tencent_raw
2026-02-09,300716.SZ,12.9800,13.8000,12.7600,13.3600,77373.0000,,Tencent_raw
2026-02-10,300716.SZ,13.3400,13.6200,13.0500,13.4500,43426.0000,,Tencent_raw
2026-02-11,300716.SZ,13.3300,13.6500,13.0700,13.1900,41999.0000,,Tencent_raw
2026-02-12,300716.SZ,13.2900,13.4200,12.8000,12.8500,36010.0000,,Tencent_raw
2026-02-13,300716.SZ,12.8600,13.0400,12.6300,12.8400,29073.0000,,Tencent_raw
2026-02-24,300716.SZ,12.8900,13.5000,12.7700,13.2600,55373.0000,,Tencent_raw
2026-02-25,300716.SZ,13.2000,13.9500,13.2000,13.7900,53088.0000,,Tencent_raw
2026-02-26,300716.SZ,14.0200,14.3800,13.7600,14.0900,68384.0000,,Tencent_raw
2026-02-27,300716.SZ,13.9000,15.0200,13.8500,14.9000,77238.0000,,Tencent_raw
2026-03-02,300716.SZ,14.5600,15.2700,14.5000,14.8200,71656.0000,,Tencent_raw
2026-03-03,300716.SZ,14.8100,15.3800,14.0100,14.4100,72299.0000,,Tencent_raw
2026-03-04,300716.SZ,14.4100,14.8200,14.1800,14.8200,42935.0000,,Tencent_raw
2026-03-05,300716.SZ,15.0700,15.2600,14.4000,14.7500,40410.0000,,Tencent_raw
2026-03-06,300716.SZ,14.5800,15.1800,14.4200,15.1000,39081.0000,,Tencent_raw
2026-03-09,300716.SZ,14.6000,15.1700,14.4200,15.0000,37560.0000,,Tencent_raw
2026-03-10,300716.SZ,15.1100,15.2900,14.7100,15.2100,47569.0000,,Tencent_raw
2026-03-11,300716.SZ,15.1600,15.5900,14.8800,14.9000,48828.0000,,Tencent_raw
2026-03-12,300716.SZ,14.6700,14.8000,14.1300,14.2400,70191.0000,,Tencent_raw
2026-03-13,300716.SZ,14.2600,14.8700,14.2200,14.8200,47681.0000,,Tencent_raw
2026-03-16,300716.SZ,14.6800,14.7500,14.4000,14.4800,27424.0000,,Tencent_raw
2026-03-17,300716.SZ,14.5100,15.0400,14.4900,14.7600,37270.0000,,Tencent_raw
2026-03-18,300716.SZ,14.6800,15.1000,14.5300,14.9700,41072.0000,,Tencent_raw
2026-03-19,300716.SZ,14.7100,14.9800,14.6100,14.6500,28503.0000,,Tencent_raw
2026-03-20,300716.SZ,14.0000,14.7100,13.3600,14.2000,126585.0000,,Tencent_raw
2026-03-23,300716.SZ,13.6000,13.7000,12.8300,12.9300,94498.0000,,Tencent_raw
2026-03-24,300716.SZ,13.2700,13.9100,13.1300,13.9100,62826.0000,,Tencent_raw
2026-03-25,300716.SZ,14.2700,14.8600,14.2700,14.7900,71487.0000,,Tencent_raw
2026-03-26,300716.SZ,14.8800,14.9100,14.4700,14.7400,52657.0000,,Tencent_raw
2026-03-27,300716.SZ,14.5400,15.4900,14.5400,15.2300,57063.0000,,Tencent_raw
2026-03-30,300716.SZ,14.8000,15.1800,14.3100,14.7200,73648.0000,,Tencent_raw
2026-03-31,300716.SZ,14.6000,14.8800,14.3400,14.4900,58105.0000,,Tencent_raw
2026-04-01,300716.SZ,14.8000,15.0600,14.2200,14.5000,58341.0000,,Tencent_raw
2026-04-02,300716.SZ,14.3200,14.5700,13.6800,13.7200,49823.0000,,Tencent_raw
2026-04-03,300716.SZ,13.7300,13.9000,12.8400,13.1900,56308.0000,,Tencent_raw
2026-04-07,300716.SZ,13.1900,13.5000,12.8900,13.2300,39094.0000,,Tencent_raw
2026-04-08,300716.SZ,13.6000,14.4300,13.5000,14.4300,68382.0000,,Tencent_raw
2026-04-09,300716.SZ,14.4200,14.7100,14.0300,14.5700,46713.0000,,Tencent_raw
2026-04-10,300716.SZ,14.5800,15.0900,14.4300,14.7600,75200.0000,,Tencent_raw
2026-04-13,300716.SZ,14.3900,14.8200,14.2300,14.4400,70836.0000,,Tencent_raw
2026-04-14,300716.SZ,14.5300,14.6000,13.7600,14.1400,60915.0000,,Tencent_raw
2026-04-15,300716.SZ,14.5200,14.6000,13.8000,14.1800,52815.0000,,Tencent_raw
2026-04-16,300716.SZ,14.1800,14.2900,13.9000,14.1400,47229.0000,,Tencent_raw
2026-04-17,300716.SZ,14.1000,14.1000,13.4100,13.5500,77583.0000,,Tencent_raw
2026-04-20,300716.SZ,13.4800,14.2600,13.4800,13.9300,60190.0000,,Tencent_raw
2026-04-21,300716.SZ,13.9300,13.9400,13.4900,13.5100,48391.0000,,Tencent_raw
2026-04-22,300716.SZ,13.4600,13.9700,13.2100,13.4300,61114.0000,,Tencent_raw
2026-04-23,300716.SZ,13.2600,13.9800,13.2600,13.4500,34865.0000,,Tencent_raw
2026-04-24,300716.SZ,13.3200,13.7500,13.2000,13.7200,41569.0000,,Tencent_raw
2026-04-27,300716.SZ,13.4000,13.7800,13.2100,13.6800,38354.0000,,Tencent_raw
2026-04-28,300716.SZ,13.4000,14.0400,13.4000,13.9100,39514.0000,,Tencent_raw
2026-04-29,300716.SZ,13.8300,14.0400,13.5000,13.5100,63904.0000,,Tencent_raw
2026-05-06,300716.SZ,13.1000,13.7700,13.0000,13.1300,80418.0000,,Tencent_raw
2026-05-07,300716.SZ,12.9400,13.5300,12.5700,13.0700,75366.0000,,Tencent_raw
2026-05-08,300716.SZ,13.0000,15.6000,12.7200,15.4000,128593.0000,,Tencent_raw
2026-05-11,300716.SZ,15.5000,17.5000,15.1000,17.0300,132789.0000,,Tencent_raw
2026-05-12,300716.SZ,16.7700,16.9900,16.1000,16.6800,68556.0000,,Tencent_raw
2026-05-13,300716.SZ,16.6800,17.3700,16.4000,16.8000,43861.0000,,Tencent_raw
2026-05-14,300716.SZ,16.8000,17.0300,16.1800,16.3500,35019.0000,,Tencent_raw
2026-05-15,300716.SZ,16.3200,16.8200,15.8800,16.3600,31221.0000,,Tencent_raw
2026-05-18,300716.SZ,16.0000,17.1000,16.0000,16.6000,43719.0000,,Tencent_raw
2026-05-19,300716.SZ,16.4200,16.7800,16.0100,16.3600,32742.0000,,Tencent_raw
2026-05-20,300716.SZ,16.2900,16.4500,16.0300,16.2300,25182.0000,,Tencent_raw
2026-05-21,300716.SZ,16.0700,16.2100,14.0000,14.8200,67805.0000,,Tencent_raw
2026-05-22,300716.SZ,14.6900,15.5200,14.2100,15.2000,39604.0000,,Tencent_raw
2026-05-25,300716.SZ,15.1900,15.6300,14.7400,15.0600,32631.0000,,Tencent_raw
2026-05-26,300716.SZ,15.6000,15.6200,14.9700,15.3700,29687.0000,,Tencent_raw
2026-05-27,300716.SZ,15.6400,15.6400,15.0000,15.1500,22173.0000,,Tencent_raw
2026-05-28,300716.SZ,15.0100,15.1900,14.2300,14.7800,29499.0000,,Tencent_raw
2026-05-29,300716.SZ,14.7500,15.0500,14.2000,14.4000,23700.0000,,Tencent_raw
2026-06-01,300716.SZ,14.7000,15.3300,14.1400,15.1600,29515.0000,,Tencent_raw
2026-06-02,300716.SZ,14.8300,15.2000,14.6000,14.6300,25414.0000,,Tencent_raw
2026-06-03,300716.SZ,14.6300,15.0000,14.2000,14.5000,25682.0000,,Tencent_raw
2026-06-04,300716.SZ,17.0000,17.4000,16.0300,17.0500,152398.0000,,Tencent_raw
2026-06-05,300716.SZ,16.4400,17.3300,15.6000,16.7900,113025.0000,,Tencent_raw
2026-06-08,300716.SZ,16.1000,17.6300,16.1000,17.1200,75967.0000,,Tencent_raw
2026-06-09,300716.SZ,17.2000,18.6500,17.1700,18.3600,80832.0000,,Tencent_raw
2026-06-10,300716.SZ,18.0000,18.9000,17.8000,18.5400,69336.0000,,Tencent_raw
2026-06-11,300716.SZ,18.1100,19.4800,18.1100,19.3200,52977.0000,,Tencent_raw
2026-06-12,300716.SZ,19.7800,19.9000,17.3500,17.9900,90242.0000,,Tencent_raw
2026-06-15,300716.SZ,17.9900,18.6500,17.5800,18.1800,35994.0000,,Tencent_raw
2026-06-16,300716.SZ,18.0200,19.2000,18.0200,18.6600,41731.0000,,Tencent_raw
2026-06-17,300716.SZ,18.5000,20.1000,18.5000,19.8400,51329.0000,,Tencent_raw
2026-06-18,300716.SZ,19.9800,22.0000,19.7000,21.5300,70263.0000,,Tencent_raw
2026-06-22,300716.SZ,20.5000,21.7400,19.8100,21.1000,73765.0000,,Tencent_raw
2026-06-23,300716.SZ,21.5700,22.7900,21.5600,22.2300,52579.0000,,Tencent_raw
2026-06-24,300716.SZ,22.2200,24.3600,22.0600,24.0000,72371.0000,,Tencent_raw
2026-06-25,300716.SZ,23.9900,26.8800,22.7000,23.6200,75423.0000,,Tencent_raw
2026-06-26,300716.SZ,23.6300,25.0000,21.7800,23.9000,61136.0000,,Tencent_raw
2026-06-29,300716.SZ,23.9700,24.0000,23.0100,23.4600,33346.0000,,Tencent_raw
2026-06-30,300716.SZ,23.4500,23.9000,22.2300,22.9800,40438.0000,,Tencent_raw
2026-07-01,300716.SZ,22.8000,23.9700,21.6000,22.3600,58315.0000,,Tencent_raw
2026-07-02,300716.SZ,22.9900,23.2500,21.3500,22.6100,51162.0000,,Tencent_raw
2026-07-03,300716.SZ,23.0300,25.0000,22.7600,24.4300,102100.0000,,Tencent_raw
2026-07-06,300716.SZ,24.5000,29.3000,24.5000,29.0900,128781.0000,,Tencent_raw
2026-07-07,300716.SZ,29.0900,29.4000,23.2700,23.2700,150752.0000,,Tencent_raw
2026-07-08,300716.SZ,21.1900,23.4500,18.6200,22.2500,129048.0000,,Tencent_raw
2026-07-09,300716.SZ,21.0000,21.0500,17.8000,17.8000,122158.0000,,Tencent_raw
2026-07-10,300716.SZ,17.8000,20.9800,17.0000,17.5000,84093.0000,,Tencent_raw
2026-07-13,300716.SZ,16.8300,17.1700,15.7100,16.0800,66779.0000,,Tencent_raw
2026-07-14,300716.SZ,15.4400,17.8000,15.3800,17.3000,60493.0000,,Tencent_raw
2026-07-15,300716.SZ,17.2700,17.2700,16.3000,16.8400,32261.0000,,Tencent_raw
2026-07-16,300716.SZ,16.4200,18.8600,16.0800,18.0700,53386.0000,,Tencent_raw
2026-07-17,300716.SZ,17.7700,19.6600,17.7500,18.2000,58910.0000,,Tencent_raw
2026-07-20,300716.SZ,18.3800,19.1000,17.3000,17.7700,42439.0000,,Tencent_raw
2026-07-21,300716.SZ,17.7700,18.6800,16.3900,17.4500,47069.0000,,Tencent_raw
2026-07-22,300716.SZ,17.0000,17.8200,15.8800,16.5500,35904.0000,,Tencent_raw
2026-07-23,300716.SZ,16.2800,16.9900,16.0200,16.2000,25672.0000,,Tencent_raw
2026-07-24,300716.SZ,16.1300,16.2000,15.4000,15.6900,19314.0000,,Tencent_raw
2026-07-27,300716.SZ,15.4800,16.9800,15.1100,16.4900,26834.0000,,Tencent_raw
2026-07-28,300716.SZ,16.8500,18.0000,16.0800,17.5000,37512.0000,,Tencent_raw
2026-07-29,300716.SZ,17.3000,18.0900,17.0500,17.4100,20786.0000,,Tencent_raw
2026-07-30,300716.SZ,17.1000,18.0000,17.0000,17.3300,20117.0000,,Tencent_raw
2026-07-31,300716.SZ,17.6400,17.8200,16.7800,17.4100,24571.0000,,Tencent_raw
2026-08-03,300716.SZ,17.1000,17.3800,16.8800,16.9400,13968.0000,,Tencent_raw
2026-08-04,300716.SZ,17.0000,17.8800,16.9400,17.3000,20687.0000,,Tencent_raw
2026-08-05,300716.SZ,17.0000,17.9500,16.9000,17.5600,26019.0000,,Tencent_raw
2026-08-06,300716.SZ,17.3100,18.8000,17.2300,18.2600,29966.0000,,Tencent_raw
2026-08-07,300716.SZ,17.9200,18.7800,17.9200,18.2800,30275.0000,,Tencent_raw
2026-08-10,300716.SZ,18.2000,18.8500,17.6100,18.1300,21035.0000,,Tencent_raw
2026-08-11,300716.SZ,18.1300,18.4700,17.7900,17.8800,16297.0000,,Tencent_raw
2026-08-12,300716.SZ,17.7900,17.9500,17.6200,17.7200,9501.0000,,Tencent_raw
2026-08-13,300716.SZ,17.9400,17.9400,17.2000,17.2500,20490.0000,,Tencent_raw
2026-08-14,300716.SZ,17.5000,17.5000,17.0900,17.2200,9201.0000,,Tencent_raw
2026-08-17,300716.SZ,17.1000,17.4400,16.7900,17.1800,17721.0000,,Tencent_raw
2026-08-18,300716.SZ,17.2500,17.2900,16.6700,16.7900,15366.0000,,Tencent_raw
2026-08-19,300716.SZ,16.5000,16.8400,16.1100,16.3100,15833.0000,,Tencent_raw
2026-08-20,300716.SZ,16.3200,16.8500,15.8800,16.1800,15203.0000,,Tencent_raw
2026-08-21,300716.SZ,15.9400,19.4200,15.8600,19.0300,58513.0000,,Tencent_raw
2026-08-24,300716.SZ,18.4100,21.9800,18.4000,19.9000,72671.0000,,Tencent_raw
2026-08-25,300716.SZ,19.9000,20.8300,19.0000,19.0000,41014.0000,,Tencent_raw
2026-08-26,300716.SZ,18.9700,20.0000,17.9000,19.6800,45205.0000,,Tencent_raw
2026-08-27,300716.SZ,19.4500,19.7800,19.0100,19.1600,24537.0000,,Tencent_raw
2026-08-28,300716.SZ,19.0200,19.6000,18.9900,18.9900,14411.0000,,Tencent_raw
2026-08-31,300716.SZ,18.8100,19.6600,18.3300,19.3300,23882.0000,,Tencent_raw
2026-09-01,300716.SZ,19.1000,19.2000,18.5000,18.7800,22561.0000,,Tencent_raw
2026-09-02,300716.SZ,18.7800,19.0000,18.5300,18.7300,12441.0000,,Tencent_raw
2026-09-03,300716.SZ,18.9900,19.1800,18.3400,18.3500,15539.0000,,Tencent_raw
2026-09-04,300716.SZ,18.3500,18.4300,17.9500,18.0000,22378.0000,,Tencent_raw
2026-09-07,300716.SZ,18.3000,19.0000,17.8800,18.7500,22478.0000,,Tencent_raw
2026-09-08,300716.SZ,18.7700,18.9800,18.1000,18.1800,15520.0000,,Tencent_raw
2026-09-09,300716.SZ,18.1800,18.4000,17.9600,18.0500,12121.0000,,Tencent_raw
2026-09-10,300716.SZ,18.1800,19.1300,17.9500,18.4500,21409.0000,,Tencent_raw
2026-09-11,300716.SZ,18.2900,18.4800,18.0700,18.3100,8917.0000,,Tencent_raw
2026-09-14,300716.SZ,18.0800,19.6500,18.0000,19.2200,35405.0000,,Tencent_raw
2026-09-15,300716.SZ,19.2300,19.5000,18.7600,18.9500,24026.0000,,Tencent_raw
2026-09-16,300716.SZ,18.7300,19.0000,18.4200,18.4900,20860.0000,,Tencent_raw
2026-09-17,300716.SZ,18.4900,18.8100,18.3000,18.5400,20008.0000,,Tencent_raw
2026-09-18,300716.SZ,18.3800,18.7900,18.3800,18.4200,13313.0000,,Tencent_raw
2026-09-21,300716.SZ,18.7900,18.7900,18.3500,18.4500,10044.0000,,Tencent_raw
2026-09-22,300716.SZ,18.3700,18.4900,18.0800,18.1600,16195.0000,,Tencent_raw
2026-09-23,300716.SZ,18.1700,18.2500,17.6700,17.8900,20516.0000,,Tencent_raw
2026-09-24,300716.SZ,17.8900,18.7500,17.8000,17.8500,25088.0000,,Tencent_raw
2026-09-28,300716.SZ,17.8500,17.8500,16.8900,17.4300,16408.0000,,Tencent_raw
