date,ticker,open,high,low,close,volume_raw,amount_raw,source
2025-09-01,301030.SZ,16.5700,16.7900,16.4200,16.6300,103235.0000,,Tencent_raw
2025-09-02,301030.SZ,16.5000,16.7200,15.9800,16.2300,117060.0000,,Tencent_raw
2025-09-03,301030.SZ,16.2300,16.3600,15.7800,15.8100,78331.0000,,Tencent_raw
2025-09-04,301030.SZ,15.8700,16.4100,15.8100,16.0500,101371.0000,,Tencent_raw
2025-09-05,301030.SZ,16.1000,16.6400,16.0700,16.6300,98514.0000,,Tencent_raw
2025-09-08,301030.SZ,16.6800,16.6800,16.2300,16.4000,88882.0000,,Tencent_raw
2025-09-09,301030.SZ,16.4000,16.5500,16.1200,16.2100,73773.0000,,Tencent_raw
2025-09-10,301030.SZ,16.1500,16.3000,15.9000,16.0700,68890.0000,,Tencent_raw
2025-09-11,301030.SZ,16.0200,16.2000,15.8300,16.1300,72570.0000,,Tencent_raw
2025-09-12,301030.SZ,16.1200,16.1200,15.8000,15.9200,79164.0000,,Tencent_raw
2025-09-15,301030.SZ,15.8900,16.0400,15.7100,15.7900,59514.0000,,Tencent_raw
2025-09-16,301030.SZ,15.7800,15.8500,15.5200,15.8500,78433.0000,,Tencent_raw
2025-09-17,301030.SZ,15.8800,16.1500,15.7800,16.0200,76542.0000,,Tencent_raw
2025-09-18,301030.SZ,16.0900,16.1000,15.5500,15.6500,79902.0000,,Tencent_raw
2025-09-19,301030.SZ,15.5700,15.7100,15.3300,15.5000,50798.0000,,Tencent_raw
2025-09-22,301030.SZ,15.4000,15.5300,15.1300,15.2500,50175.0000,,Tencent_raw
2025-09-23,301030.SZ,15.1800,15.2000,14.3000,14.6800,111062.0000,,Tencent_raw
2025-09-24,301030.SZ,14.5100,14.9600,14.4800,14.9600,65519.0000,,Tencent_raw
2025-09-25,301030.SZ,14.8800,15.1000,14.6200,14.6500,62632.0000,,Tencent_raw
2025-09-26,301030.SZ,14.5500,14.7800,14.5000,14.5500,50654.0000,,Tencent_raw
2025-09-29,301030.SZ,14.5200,14.8900,14.3300,14.8000,55080.0000,,Tencent_raw
2025-09-30,301030.SZ,16.0100,16.2200,15.0800,15.1100,110591.0000,,Tencent_raw
2025-10-09,301030.SZ,15.4900,15.5700,15.1200,15.2900,73869.0000,,Tencent_raw
2025-10-10,301030.SZ,15.2100,15.3700,15.1000,15.1100,53812.0000,,Tencent_raw
2025-10-13,301030.SZ,14.5500,15.1600,14.3700,15.0900,55602.0000,,Tencent_raw
2025-10-14,301030.SZ,15.0000,15.6000,15.0000,15.2100,72645.0000,,Tencent_raw
2025-10-15,301030.SZ,15.1300,15.3200,14.9600,15.2500,44707.0000,,Tencent_raw
2025-10-16,301030.SZ,15.1900,15.2400,14.9000,14.9500,44892.0000,,Tencent_raw
2025-10-17,301030.SZ,14.8800,15.0200,14.5300,14.5300,43550.0000,,Tencent_raw
2025-10-20,301030.SZ,14.6800,14.7200,14.4900,14.6300,35503.0000,,Tencent_raw
2025-10-21,301030.SZ,14.6400,14.8000,14.5800,14.7800,32650.0000,,Tencent_raw
2025-10-22,301030.SZ,14.7800,14.8400,14.6500,14.7400,25759.0000,,Tencent_raw
2025-10-23,301030.SZ,14.7400,14.9500,14.5600,14.9400,39942.0000,,Tencent_raw
2025-10-24,301030.SZ,14.9600,15.2000,14.8800,15.0000,39495.0000,,Tencent_raw
2025-10-27,301030.SZ,14.7800,14.8800,14.4600,14.6100,80029.0000,,Tencent_raw
2025-10-28,301030.SZ,14.5800,14.6800,14.4800,14.5400,39597.0000,,Tencent_raw
2025-10-29,301030.SZ,14.4900,14.4900,14.1600,14.2600,57862.0000,,Tencent_raw
2025-10-30,301030.SZ,14.2600,14.2600,14.0800,14.1100,40479.0000,,Tencent_raw
2025-10-31,301030.SZ,14.0800,14.5500,14.0600,14.5100,60470.0000,,Tencent_raw
2025-11-03,301030.SZ,14.5400,14.6800,14.4500,14.6800,45462.0000,,Tencent_raw
2025-11-04,301030.SZ,14.6100,14.7100,14.4600,14.5600,33833.0000,,Tencent_raw
2025-11-05,301030.SZ,14.4800,14.9200,14.3900,14.8600,58464.0000,,Tencent_raw
2025-11-06,301030.SZ,14.9000,14.9000,14.5900,14.6000,44169.0000,,Tencent_raw
2025-11-07,301030.SZ,14.5800,14.9000,14.5600,14.8000,42631.0000,,Tencent_raw
2025-11-10,301030.SZ,14.8000,15.2600,14.7600,15.1500,69174.0000,,Tencent_raw
2025-11-11,301030.SZ,15.1000,15.4600,15.0700,15.3300,66450.0000,,Tencent_raw
2025-11-12,301030.SZ,15.3200,15.3600,14.9200,15.0300,57915.0000,,Tencent_raw
2025-11-13,301030.SZ,15.1400,15.1400,14.9500,14.9800,43995.0000,,Tencent_raw
2025-11-14,301030.SZ,14.9800,15.6000,14.9000,15.3200,72446.0000,,Tencent_raw
2025-11-17,301030.SZ,15.3200,15.4400,15.1500,15.4000,49459.0000,,Tencent_raw
2025-11-18,301030.SZ,15.3500,15.4600,15.1000,15.1700,37497.0000,,Tencent_raw
2025-11-19,301030.SZ,15.1600,15.3000,14.8600,15.0200,38049.0000,,Tencent_raw
2025-11-20,301030.SZ,15.0200,15.1600,14.7000,14.7400,34381.0000,,Tencent_raw
2025-11-21,301030.SZ,14.6100,14.7700,13.9300,13.9800,59349.0000,,Tencent_raw
2025-11-24,301030.SZ,14.1300,14.2900,13.8800,14.2600,36184.0000,,Tencent_raw
2025-11-25,301030.SZ,14.2300,14.4300,14.1700,14.3000,27240.0000,,Tencent_raw
2025-11-26,301030.SZ,14.2500,14.3500,13.9500,13.9800,40974.0000,,Tencent_raw
2025-11-27,301030.SZ,14.0200,14.1000,13.7500,14.1000,43828.0000,,Tencent_raw
2025-11-28,301030.SZ,13.9800,14.1400,13.8600,14.1100,24057.0000,,Tencent_raw
2025-12-01,301030.SZ,14.1100,14.3100,14.0500,14.1400,31218.0000,,Tencent_raw
2025-12-02,301030.SZ,14.1500,14.2800,14.0100,14.1800,30728.0000,,Tencent_raw
2025-12-03,301030.SZ,14.1400,14.2300,13.8100,13.9100,33057.0000,,Tencent_raw
2025-12-04,301030.SZ,13.8700,13.9600,13.3900,13.4000,50793.0000,,Tencent_raw
2025-12-05,301030.SZ,13.3700,13.6000,13.2000,13.5800,34434.0000,,Tencent_raw
2025-12-08,301030.SZ,13.5800,13.7200,13.5300,13.6600,32032.0000,,Tencent_raw
2025-12-09,301030.SZ,13.7600,13.7600,13.4200,13.4500,29741.0000,,Tencent_raw
2025-12-10,301030.SZ,13.4600,13.4600,13.1300,13.2600,51774.0000,,Tencent_raw
2025-12-11,301030.SZ,13.2600,13.3100,12.7800,12.7900,70739.0000,,Tencent_raw
2025-12-12,301030.SZ,12.7200,12.8400,12.5000,12.5100,52311.0000,,Tencent_raw
2025-12-15,301030.SZ,12.1100,12.3500,12.0000,12.1600,69884.0000,,Tencent_raw
2025-12-16,301030.SZ,12.1300,12.1300,11.6400,11.6600,71371.0000,,Tencent_raw
2025-12-17,301030.SZ,11.6200,11.7500,11.1000,11.5100,103998.0000,,Tencent_raw
2025-12-18,301030.SZ,11.4000,11.8500,11.3500,11.7300,71540.0000,,Tencent_raw
2025-12-19,301030.SZ,11.8000,11.8600,11.6100,11.8200,53101.0000,,Tencent_raw
2025-12-22,301030.SZ,11.8400,11.8900,11.6100,11.6100,54696.0000,,Tencent_raw
2025-12-23,301030.SZ,11.6100,11.7200,11.4300,11.4500,52741.0000,,Tencent_raw
2025-12-24,301030.SZ,11.4100,13.2800,11.3700,12.3200,203289.0000,,Tencent_raw
2025-12-25,301030.SZ,12.3100,12.6000,12.1100,12.4700,133508.0000,,Tencent_raw
2025-12-26,301030.SZ,12.5100,12.5900,12.1500,12.1500,72235.0000,,Tencent_raw
2025-12-29,301030.SZ,12.1600,12.2900,12.0600,12.1800,52490.0000,,Tencent_raw
2025-12-30,301030.SZ,12.0600,12.1400,11.8300,11.8600,57571.0000,,Tencent_raw
2025-12-31,301030.SZ,11.9500,11.9700,11.5900,11.8300,50291.0000,,Tencent_raw
2026-01-05,301030.SZ,11.8800,12.2700,11.7200,12.0800,69930.0000,,Tencent_raw
2026-01-06,301030.SZ,12.0900,12.5100,12.0200,12.2800,75485.0000,,Tencent_raw
2026-01-07,301030.SZ,12.2900,12.3800,12.0600,12.3200,64671.0000,,Tencent_raw
2026-01-08,301030.SZ,12.2900,12.6600,12.2100,12.5400,74923.0000,,Tencent_raw
2026-01-09,301030.SZ,12.5400,13.0400,12.5400,12.7900,87766.0000,,Tencent_raw
2026-01-12,301030.SZ,12.7400,13.1300,12.6800,12.9800,82672.0000,,Tencent_raw
2026-01-13,301030.SZ,13.0000,13.9500,12.8700,13.5500,169351.0000,,Tencent_raw
2026-01-14,301030.SZ,13.4100,14.2900,13.2800,13.9500,186107.0000,,Tencent_raw
2026-01-15,301030.SZ,13.7400,14.2000,13.6000,13.8800,126440.0000,,Tencent_raw
2026-01-16,301030.SZ,13.9600,14.0300,13.3600,13.5500,97139.0000,,Tencent_raw
2026-01-19,301030.SZ,13.6600,13.8500,13.3600,13.5300,73077.0000,,Tencent_raw
2026-01-20,301030.SZ,13.5100,13.6500,13.2000,13.3300,66159.0000,,Tencent_raw
2026-01-21,301030.SZ,13.2600,13.4500,13.0600,13.4000,47839.0000,,Tencent_raw
2026-01-22,301030.SZ,13.4100,13.4900,13.2700,13.2900,43370.0000,,Tencent_raw
2026-01-23,301030.SZ,13.3200,14.1500,13.3200,14.1300,137079.0000,,Tencent_raw
2026-01-26,301030.SZ,14.1500,14.2400,13.4500,13.6000,100493.0000,,Tencent_raw
2026-01-27,301030.SZ,13.5000,13.5500,12.9000,13.4900,82311.0000,,Tencent_raw
2026-01-28,301030.SZ,13.5200,13.5900,12.9300,12.9600,72915.0000,,Tencent_raw
2026-01-29,301030.SZ,12.9000,13.1300,12.6400,12.8200,65882.0000,,Tencent_raw
2026-01-30,301030.SZ,12.8200,12.9400,12.5000,12.8300,65679.0000,,Tencent_raw
2026-02-02,301030.SZ,12.8100,12.8800,12.5200,12.5200,62308.0000,,Tencent_raw
2026-02-03,301030.SZ,12.5800,12.9300,12.5800,12.9300,46565.0000,,Tencent_raw
2026-02-04,301030.SZ,12.9200,13.3600,12.8600,13.3400,85725.0000,,Tencent_raw
2026-02-05,301030.SZ,13.2100,14.9900,13.1200,14.0300,266932.0000,,Tencent_raw
2026-02-06,301030.SZ,14.0400,14.7400,13.7100,14.3600,158588.0000,,Tencent_raw
2026-02-09,301030.SZ,14.6300,15.9600,14.6100,15.6500,308519.0000,,Tencent_raw
2026-02-10,301030.SZ,15.4200,16.8000,15.3000,15.8000,262506.0000,,Tencent_raw
2026-02-11,301030.SZ,15.8400,16.0100,14.9600,14.9800,166159.0000,,Tencent_raw
2026-02-12,301030.SZ,15.0400,16.4000,14.4500,15.7400,280326.0000,,Tencent_raw
2026-02-13,301030.SZ,15.4700,15.5700,14.8500,14.9000,200838.0000,,Tencent_raw
2026-02-24,301030.SZ,15.1200,15.2000,14.3800,14.4600,149577.0000,,Tencent_raw
2026-02-25,301030.SZ,14.6100,15.0200,14.4400,14.4600,125365.0000,,Tencent_raw
2026-02-26,301030.SZ,14.4500,14.6200,12.3900,12.4600,345657.0000,,Tencent_raw
2026-02-27,301030.SZ,12.3300,13.2300,12.2700,13.0800,210140.0000,,Tencent_raw
2026-03-02,301030.SZ,12.8800,13.5200,12.4100,12.4800,159869.0000,,Tencent_raw
2026-03-03,301030.SZ,12.4300,12.7000,11.8800,11.8900,136292.0000,,Tencent_raw
2026-03-04,301030.SZ,11.7400,11.9800,11.6100,11.7900,97095.0000,,Tencent_raw
2026-03-05,301030.SZ,11.9900,12.2000,11.8000,11.8400,80970.0000,,Tencent_raw
2026-03-06,301030.SZ,11.8400,12.3400,11.7500,12.3400,84516.0000,,Tencent_raw
2026-03-09,301030.SZ,12.1500,12.5100,12.0400,12.2600,98833.0000,,Tencent_raw
2026-03-10,301030.SZ,12.4100,12.5300,12.2600,12.4800,63305.0000,,Tencent_raw
2026-03-11,301030.SZ,12.4800,12.5300,12.1500,12.2800,78675.0000,,Tencent_raw
2026-03-12,301030.SZ,12.3000,12.8000,12.1300,12.5400,120647.0000,,Tencent_raw
2026-03-13,301030.SZ,12.4800,13.4300,12.3500,12.8800,179632.0000,,Tencent_raw
2026-03-16,301030.SZ,12.9900,13.2900,12.7400,13.1200,121292.0000,,Tencent_raw
2026-03-17,301030.SZ,13.1400,13.7700,12.9400,13.0000,153980.0000,,Tencent_raw
2026-03-18,301030.SZ,13.0700,13.2100,12.5000,12.7300,107862.0000,,Tencent_raw
2026-03-19,301030.SZ,12.5900,12.8300,12.3700,12.4700,94070.0000,,Tencent_raw
2026-03-20,301030.SZ,12.5000,12.7700,12.0800,12.0900,104003.0000,,Tencent_raw
2026-03-23,301030.SZ,11.9100,12.1600,11.3500,11.4500,113013.0000,,Tencent_raw
2026-03-24,301030.SZ,11.7400,12.0300,11.2800,11.8700,116231.0000,,Tencent_raw
2026-03-25,301030.SZ,11.9000,12.1800,11.6700,11.7600,91249.0000,,Tencent_raw
2026-03-26,301030.SZ,11.7600,11.7900,10.9100,10.9500,128674.0000,,Tencent_raw
2026-03-27,301030.SZ,10.7800,11.1000,10.7600,11.0600,113389.0000,,Tencent_raw
2026-03-30,301030.SZ,10.9000,11.0700,10.4700,10.7300,98285.0000,,Tencent_raw
2026-03-31,301030.SZ,10.7500,11.3500,10.6800,10.8100,123159.0000,,Tencent_raw
2026-04-01,301030.SZ,11.0600,11.1700,10.6700,10.8600,99319.0000,,Tencent_raw
2026-04-02,301030.SZ,10.7600,10.8500,10.3500,10.4200,85543.0000,,Tencent_raw
2026-04-03,301030.SZ,10.5200,10.5200,9.9300,9.9800,102520.0000,,Tencent_raw
2026-04-07,301030.SZ,9.8900,10.2000,9.8700,10.1800,60616.0000,,Tencent_raw
2026-04-08,301030.SZ,10.4100,10.7300,10.3200,10.7200,76421.0000,,Tencent_raw
2026-04-09,301030.SZ,10.6400,10.7000,10.2800,10.3100,62550.0000,,Tencent_raw
2026-04-10,301030.SZ,10.3800,10.5400,10.3000,10.3300,55823.0000,,Tencent_raw
2026-04-13,301030.SZ,10.3300,10.4500,10.2100,10.4300,50571.0000,,Tencent_raw
2026-04-14,301030.SZ,10.4800,10.6100,10.2200,10.3100,57906.0000,,Tencent_raw
2026-04-15,301030.SZ,10.3100,10.3600,10.1500,10.1700,45890.0000,,Tencent_raw
2026-04-16,301030.SZ,10.2000,11.8800,10.1500,11.4000,236051.0000,,Tencent_raw
2026-04-17,301030.SZ,11.5000,12.3400,11.4000,11.9200,204350.0000,,Tencent_raw
2026-04-20,301030.SZ,12.2500,12.6700,11.5800,12.3700,164445.0000,,Tencent_raw
2026-04-21,301030.SZ,12.6000,12.6000,11.8200,11.9700,98967.0000,,Tencent_raw
2026-04-22,301030.SZ,11.8400,12.2800,11.8200,11.9000,70192.0000,,Tencent_raw
2026-04-23,301030.SZ,11.9000,11.9500,11.3100,11.3800,77256.0000,,Tencent_raw
2026-04-24,301030.SZ,11.2700,11.3600,10.7600,11.0700,77601.0000,,Tencent_raw
2026-04-27,301030.SZ,11.0700,11.5000,11.0000,11.3000,85119.0000,,Tencent_raw
2026-04-28,301030.SZ,12.1900,12.3300,10.7800,10.8100,180831.0000,,Tencent_raw
2026-04-29,301030.SZ,10.8000,11.7000,10.6200,11.1900,146980.0000,,Tencent_raw
2026-05-06,301030.SZ,8.9500,9.9900,8.9500,9.4800,573279.0000,,Tencent_raw
2026-05-07,301030.SZ,9.4700,9.8000,9.3300,9.6500,248307.0000,,Tencent_raw
2026-05-08,301030.SZ,9.5200,11.3000,9.4800,11.1300,261205.0000,,Tencent_raw
2026-05-11,301030.SZ,10.8500,11.7400,10.8100,11.4600,204134.0000,,Tencent_raw
2026-05-12,301030.SZ,11.2300,11.9700,11.0800,11.5300,151607.0000,,Tencent_raw
2026-05-13,301030.SZ,11.4300,11.7000,11.0700,11.2500,150283.0000,,Tencent_raw
2026-05-14,301030.SZ,11.1500,11.3800,10.9600,11.0800,107917.0000,,Tencent_raw
2026-05-15,301030.SZ,11.0800,11.8400,11.0800,11.6200,123644.0000,,Tencent_raw
2026-05-18,301030.SZ,11.3600,11.8300,11.2000,11.6000,107319.0000,,Tencent_raw
2026-05-19,301030.SZ,11.4100,11.7300,11.3400,11.6500,102124.0000,,Tencent_raw
2026-05-20,301030.SZ,11.4000,12.6000,11.3000,11.6600,229229.0000,,Tencent_raw
2026-05-21,301030.SZ,11.8800,11.9500,11.0800,11.1100,154020.0000,,Tencent_raw
2026-05-22,301030.SZ,11.1200,11.5000,11.1200,11.3500,81843.0000,,Tencent_raw
2026-05-25,301030.SZ,11.3000,11.9200,11.2000,11.9200,93339.0000,,Tencent_raw
2026-05-26,301030.SZ,11.7500,12.5000,11.7500,12.4900,132008.0000,,Tencent_raw
2026-05-27,301030.SZ,12.5600,13.3900,12.3300,13.2000,135572.0000,,Tencent_raw
2026-05-28,301030.SZ,12.9400,13.4200,12.8100,13.3500,97897.0000,,Tencent_raw
2026-05-29,301030.SZ,13.1900,13.5600,13.1000,13.3600,84683.0000,,Tencent_raw
2026-06-01,301030.SZ,13.2300,14.2500,13.1600,14.2500,96357.0000,,Tencent_raw
2026-06-02,301030.SZ,14.0800,14.1900,13.6000,13.8600,101412.0000,,Tencent_raw
2026-06-03,301030.SZ,13.5600,13.7000,12.6500,12.6900,144622.0000,,Tencent_raw
2026-06-04,301030.SZ,12.9000,13.2800,12.4700,12.7400,99605.0000,,Tencent_raw
2026-06-05,301030.SZ,12.7300,13.5500,12.5000,13.4800,97952.0000,,Tencent_raw
2026-06-08,301030.SZ,13.3200,14.3400,13.3000,13.3400,165742.0000,,Tencent_raw
2026-06-09,301030.SZ,13.4000,13.4800,12.7400,12.8800,115668.0000,,Tencent_raw
2026-06-10,301030.SZ,12.9100,13.2300,12.6200,12.9700,77656.0000,,Tencent_raw
2026-06-11,301030.SZ,12.6200,12.8100,12.0000,12.4800,84523.0000,,Tencent_raw
2026-06-12,301030.SZ,12.6400,12.9400,12.4700,12.7200,68046.0000,,Tencent_raw
2026-06-15,301030.SZ,12.4900,12.5700,11.6500,11.7600,119383.0000,,Tencent_raw
2026-06-16,301030.SZ,11.9900,12.1500,10.6300,11.7000,139741.0000,,Tencent_raw
2026-06-17,301030.SZ,11.4000,11.4300,10.6800,10.7000,122476.0000,,Tencent_raw
2026-06-18,301030.SZ,10.7500,11.0300,10.3800,10.5500,90307.0000,,Tencent_raw
2026-06-22,301030.SZ,10.1400,10.2000,9.3600,10.0000,159706.0000,,Tencent_raw
2026-06-23,301030.SZ,9.8700,10.5700,9.8400,10.2900,108741.0000,,Tencent_raw
2026-06-24,301030.SZ,10.1000,10.2100,9.3000,9.3000,123453.0000,,Tencent_raw
2026-06-25,301030.SZ,8.9700,9.0000,7.8600,8.0500,205613.0000,,Tencent_raw
2026-06-26,301030.SZ,8.4300,9.2100,8.1700,8.4200,181886.0000,,Tencent_raw
2026-06-29,301030.SZ,9.6600,10.1000,9.5500,10.1000,181517.0000,,Tencent_raw
2026-06-30,301030.SZ,10.5000,10.7200,9.3500,9.6800,221933.0000,,Tencent_raw
2026-07-01,301030.SZ,9.7100,10.3500,9.5600,10.1800,138088.0000,,Tencent_raw
2026-07-02,301030.SZ,10.1500,10.6700,9.9200,10.0300,123332.0000,,Tencent_raw
2026-07-03,301030.SZ,10.1600,10.7400,10.0100,10.2500,131238.0000,,Tencent_raw
2026-07-06,301030.SZ,10.0700,10.3300,9.1900,9.1900,127253.0000,,Tencent_raw
2026-07-07,301030.SZ,9.0100,9.3900,8.5100,8.7600,120150.0000,,Tencent_raw
2026-07-08,301030.SZ,8.7600,9.0500,8.4600,8.9500,115594.0000,,Tencent_raw
2026-07-09,301030.SZ,8.7700,9.2400,8.7700,8.9400,97689.0000,,Tencent_raw
2026-07-10,301030.SZ,8.7900,9.2400,8.6900,9.1500,86927.0000,,Tencent_raw
2026-07-13,301030.SZ,9.0000,9.1000,8.3100,8.4700,96277.0000,,Tencent_raw
2026-07-14,301030.SZ,8.4200,8.5800,8.2000,8.5100,78849.0000,,Tencent_raw
2026-07-15,301030.SZ,8.4500,8.4700,7.6900,7.7600,134789.0000,,Tencent_raw
2026-07-16,301030.SZ,7.7500,8.4000,7.7100,8.2700,111374.0000,,Tencent_raw
2026-07-17,301030.SZ,8.3500,8.6300,7.8900,8.2900,106512.0000,,Tencent_raw
2026-07-20,301030.SZ,8.2900,8.4000,7.1400,7.3500,120638.0000,,Tencent_raw
2026-07-21,301030.SZ,7.2600,7.4100,6.4300,7.3000,130736.0000,,Tencent_raw
2026-07-22,301030.SZ,7.0900,8.1900,6.9600,8.1900,121752.0000,,Tencent_raw
2026-07-23,301030.SZ,7.8600,8.5800,7.8600,8.4500,106716.0000,,Tencent_raw
2026-07-24,301030.SZ,8.2900,8.4900,8.0100,8.1000,67772.0000,,Tencent_raw
2026-07-27,301030.SZ,7.9100,8.6500,7.8700,8.4900,75812.0000,,Tencent_raw
2026-07-28,301030.SZ,8.3100,8.6800,8.1700,8.1700,64908.0000,,Tencent_raw
2026-07-29,301030.SZ,8.2100,8.5200,8.1000,8.2800,72954.0000,,Tencent_raw
2026-07-30,301030.SZ,8.2900,8.4500,7.6900,7.9300,89874.0000,,Tencent_raw
2026-07-31,301030.SZ,8.1800,9.2800,8.1000,8.7500,137233.0000,,Tencent_raw
2026-08-03,301030.SZ,8.8100,9.1500,8.7000,9.0400,104060.0000,,Tencent_raw
2026-08-04,301030.SZ,9.0100,9.0300,8.6600,8.7400,88019.0000,,Tencent_raw
2026-08-05,301030.SZ,8.7600,8.8900,8.5100,8.7800,91419.0000,,Tencent_raw
2026-08-06,301030.SZ,8.9100,9.0100,8.5000,8.5300,80619.0000,,Tencent_raw
2026-08-07,301030.SZ,8.4500,8.5900,8.1400,8.4600,73572.0000,,Tencent_raw
2026-08-10,301030.SZ,8.3200,8.4900,8.1200,8.2700,79422.0000,,Tencent_raw
2026-08-11,301030.SZ,8.2600,8.5600,8.0700,8.5200,72388.0000,,Tencent_raw
2026-08-12,301030.SZ,8.4200,8.5500,8.3500,8.4500,63450.0000,,Tencent_raw
2026-08-13,301030.SZ,8.3900,8.8400,8.3500,8.5400,78732.0000,,Tencent_raw
2026-08-14,301030.SZ,8.5500,8.9900,8.4800,8.9100,98475.0000,,Tencent_raw
2026-08-17,301030.SZ,8.8000,8.8000,8.5900,8.7200,61106.0000,,Tencent_raw
2026-08-18,301030.SZ,8.7200,8.7600,8.5000,8.5100,50926.0000,,Tencent_raw
2026-08-19,301030.SZ,8.3700,8.4100,8.0000,8.0000,59199.0000,,Tencent_raw
2026-08-20,301030.SZ,8.0400,8.4900,7.9600,8.4700,53182.0000,,Tencent_raw
2026-08-21,301030.SZ,8.3900,8.8300,8.3500,8.6900,63445.0000,,Tencent_raw
2026-08-24,301030.SZ,8.1500,8.3100,7.9500,8.1400,79000.0000,,Tencent_raw
2026-08-25,301030.SZ,8.0600,8.3300,8.0300,8.2900,48803.0000,,Tencent_raw
2026-08-26,301030.SZ,8.2700,8.7500,8.2700,8.5900,72010.0000,,Tencent_raw
2026-08-27,301030.SZ,8.6400,8.6400,8.2600,8.3500,63611.0000,,Tencent_raw
2026-08-28,301030.SZ,8.2700,8.5700,8.1500,8.1600,68254.0000,,Tencent_raw
2026-08-31,301030.SZ,8.1200,8.1200,7.8200,8.0100,61337.0000,,Tencent_raw
2026-09-01,301030.SZ,7.8000,7.9700,7.6100,7.7000,95285.0000,,Tencent_raw
2026-09-02,301030.SZ,7.6700,7.9700,7.4900,7.8300,79628.0000,,Tencent_raw
2026-09-03,301030.SZ,7.8000,8.2500,7.7800,8.0500,75824.0000,,Tencent_raw
2026-09-04,301030.SZ,7.6400,7.9100,7.3000,7.5200,165379.0000,,Tencent_raw
2026-09-07,301030.SZ,7.4700,7.6500,7.1200,7.5200,119287.0000,,Tencent_raw
2026-09-08,301030.SZ,7.4600,7.5500,7.3400,7.3500,67664.0000,,Tencent_raw
2026-09-09,301030.SZ,7.3000,7.7500,7.2800,7.4900,80802.0000,,Tencent_raw
2026-09-10,301030.SZ,7.4200,8.3800,7.2600,7.9000,136875.0000,,Tencent_raw
2026-09-11,301030.SZ,7.8000,7.9200,7.5500,7.6000,83579.0000,,Tencent_raw
2026-09-14,301030.SZ,7.5000,7.5400,7.2400,7.2900,78005.0000,,Tencent_raw
2026-09-15,301030.SZ,7.2100,7.4800,6.9000,6.9400,76738.0000,,Tencent_raw
2026-09-16,301030.SZ,6.9700,7.2200,6.9000,7.0700,55776.0000,,Tencent_raw
2026-09-17,301030.SZ,7.0200,7.1900,6.8100,7.0600,58924.0000,,Tencent_raw
2026-09-18,301030.SZ,6.9800,7.0800,6.1800,6.4800,199487.0000,,Tencent_raw
2026-09-21,301030.SZ,6.3000,6.3400,5.8700,5.8800,209936.0000,,Tencent_raw
2026-09-22,301030.SZ,5.8900,5.9700,5.6300,5.7400,181711.0000,,Tencent_raw
2026-09-23,301030.SZ,5.6900,5.6900,5.4300,5.4400,164589.0000,,Tencent_raw
2026-09-24,301030.SZ,5.4300,5.6200,5.2000,5.3300,161786.0000,,Tencent_raw
2026-09-28,301030.SZ,5.2800,5.3300,4.7600,4.8500,172921.0000,,Tencent_raw
2025-09-01,600180.SH,4.5400,4.5600,4.4500,4.5200,146588.0000,,Tencent_raw
2025-09-02,600180.SH,4.5400,4.5400,4.4300,4.4800,159698.0000,,Tencent_raw
2025-09-03,600180.SH,4.4800,4.4900,4.3900,4.4200,125324.0000,,Tencent_raw
2025-09-04,600180.SH,4.4100,4.5000,4.3800,4.4700,141526.0000,,Tencent_raw
2025-09-05,600180.SH,4.4500,4.5200,4.4200,4.5200,144024.0000,,Tencent_raw
2025-09-08,600180.SH,4.5100,4.5700,4.5000,4.5500,123864.0000,,Tencent_raw
2025-09-09,600180.SH,4.5400,4.5800,4.5200,4.5400,104964.0000,,Tencent_raw
2025-09-10,600180.SH,4.5400,4.6200,4.5100,4.6100,162883.0000,,Tencent_raw
2025-09-11,600180.SH,4.5900,4.6000,4.5100,4.6000,134066.0000,,Tencent_raw
2025-09-12,600180.SH,4.6000,4.6900,4.5800,4.6200,215400.0000,,Tencent_raw
2025-09-15,600180.SH,4.6000,4.6600,4.5700,4.6300,144419.0000,,Tencent_raw
2025-09-16,600180.SH,4.6600,4.7400,4.6500,4.7300,343002.0000,,Tencent_raw
2025-09-17,600180.SH,4.7000,4.7400,4.6100,4.7000,212992.0000,,Tencent_raw
2025-09-18,600180.SH,4.7100,4.7300,4.5700,4.6200,195654.0000,,Tencent_raw
2025-09-19,600180.SH,4.6200,4.8300,4.6200,4.7400,427780.0000,,Tencent_raw
2025-09-22,600180.SH,4.7000,4.7000,4.5300,4.5800,297012.0000,,Tencent_raw
2025-09-23,600180.SH,4.5800,4.5900,4.4400,4.5200,182694.0000,,Tencent_raw
2025-09-24,600180.SH,4.5100,4.5500,4.4800,4.5400,116594.0000,,Tencent_raw
2025-09-25,600180.SH,4.5300,4.5400,4.4200,4.4200,192946.0000,,Tencent_raw
2025-09-26,600180.SH,4.4000,4.4600,4.3800,4.4500,111275.0000,,Tencent_raw
2025-09-29,600180.SH,4.4300,4.4700,4.3500,4.4500,137142.0000,,Tencent_raw
2025-09-30,600180.SH,4.4600,4.4600,4.4100,4.4100,108375.0000,,Tencent_raw
2025-10-09,600180.SH,4.4000,4.4600,4.3800,4.4600,118672.0000,,Tencent_raw
2025-10-10,600180.SH,4.4600,4.5900,4.4400,4.5500,189431.0000,,Tencent_raw
2025-10-13,600180.SH,4.4900,4.8200,4.4500,4.6600,328566.0000,,Tencent_raw
2025-10-14,600180.SH,4.6500,4.7400,4.6100,4.6900,326116.0000,,Tencent_raw
2025-10-15,600180.SH,4.6900,4.8300,4.6500,4.7400,301923.0000,,Tencent_raw
2025-10-16,600180.SH,4.7200,4.7500,4.6700,4.7000,225965.0000,,Tencent_raw
2025-10-17,600180.SH,4.6800,4.7400,4.6200,4.6300,151534.0000,,Tencent_raw
2025-10-20,600180.SH,4.6900,4.7500,4.6600,4.7400,211812.0000,,Tencent_raw
2025-10-21,600180.SH,4.7500,4.8000,4.6800,4.7800,191984.0000,,Tencent_raw
2025-10-22,600180.SH,4.7700,4.8100,4.7300,4.7500,138549.0000,,Tencent_raw
2025-10-23,600180.SH,4.7200,4.8300,4.7200,4.8100,167406.0000,,Tencent_raw
2025-10-24,600180.SH,4.8300,4.8400,4.6900,4.7300,192361.0000,,Tencent_raw
2025-10-27,600180.SH,4.7800,4.9700,4.7100,4.8700,485478.0000,,Tencent_raw
2025-10-28,600180.SH,4.8000,4.8500,4.7400,4.7500,277162.0000,,Tencent_raw
2025-10-29,600180.SH,4.6900,4.9600,4.5600,4.8800,449156.0000,,Tencent_raw
2025-10-30,600180.SH,4.8400,4.8500,4.7100,4.7100,312258.0000,,Tencent_raw
2025-10-31,600180.SH,4.8000,4.8800,4.7300,4.7700,231089.0000,,Tencent_raw
2025-11-03,600180.SH,4.7700,4.8400,4.7300,4.8000,189994.0000,,Tencent_raw
2025-11-04,600180.SH,4.7900,4.9200,4.7600,4.8800,259144.0000,,Tencent_raw
2025-11-05,600180.SH,4.8500,4.9700,4.8200,4.9400,216935.0000,,Tencent_raw
2025-11-06,600180.SH,4.9100,4.9300,4.8400,4.8800,185894.0000,,Tencent_raw
2025-11-07,600180.SH,4.8600,4.9600,4.8500,4.9300,188723.0000,,Tencent_raw
2025-11-10,600180.SH,4.9300,5.0200,4.8800,5.0200,239027.0000,,Tencent_raw
2025-11-11,600180.SH,5.0200,5.0700,4.9600,4.9900,187597.0000,,Tencent_raw
2025-11-12,600180.SH,4.9600,5.0100,4.9200,4.9900,176077.0000,,Tencent_raw
2025-11-13,600180.SH,4.9300,4.9600,4.8900,4.9500,206641.0000,,Tencent_raw
2025-11-14,600180.SH,4.9500,4.9900,4.8700,4.8900,203541.0000,,Tencent_raw
2025-11-17,600180.SH,4.8700,4.9200,4.8500,4.9000,146851.0000,,Tencent_raw
2025-11-18,600180.SH,4.8800,4.8900,4.6900,4.7300,223721.0000,,Tencent_raw
2025-11-19,600180.SH,4.7300,4.7600,4.5800,4.6200,177519.0000,,Tencent_raw
2025-11-20,600180.SH,4.6400,4.6500,4.5500,4.6000,134051.0000,,Tencent_raw
2025-11-21,600180.SH,4.5800,4.6200,4.4400,4.4500,223426.0000,,Tencent_raw
2025-11-24,600180.SH,4.4500,4.5100,4.4000,4.4500,145403.0000,,Tencent_raw
2025-11-25,600180.SH,4.4800,4.5300,4.4300,4.4900,148526.0000,,Tencent_raw
2025-11-26,600180.SH,4.5100,4.5800,4.4700,4.4800,138958.0000,,Tencent_raw
2025-11-27,600180.SH,4.5000,4.5500,4.4600,4.5100,107003.0000,,Tencent_raw
2025-11-28,600180.SH,4.5000,4.5600,4.4600,4.5600,102091.0000,,Tencent_raw
2025-12-01,600180.SH,4.5600,4.6100,4.5600,4.5900,135346.0000,,Tencent_raw
2025-12-02,600180.SH,4.5800,4.6400,4.5300,4.6000,145407.0000,,Tencent_raw
2025-12-03,600180.SH,4.5900,4.6400,4.5600,4.5900,111899.0000,,Tencent_raw
2025-12-04,600180.SH,4.5900,4.6000,4.4900,4.5300,119835.0000,,Tencent_raw
2025-12-05,600180.SH,4.3200,4.3900,4.0800,4.2300,818867.0000,,Tencent_raw
2025-12-08,600180.SH,4.2100,4.3500,4.2000,4.2600,473337.0000,,Tencent_raw
2025-12-09,600180.SH,4.2800,4.2900,4.1500,4.1600,216359.0000,,Tencent_raw
2025-12-10,600180.SH,4.1600,4.2300,4.1200,4.1900,174309.0000,,Tencent_raw
2025-12-11,600180.SH,4.1600,4.1800,4.0400,4.0500,212557.0000,,Tencent_raw
2025-12-12,600180.SH,4.0500,4.0700,3.9800,4.0000,209981.0000,,Tencent_raw
2025-12-15,600180.SH,3.9700,4.0500,3.9200,4.0200,147053.0000,,Tencent_raw
2025-12-16,600180.SH,4.0100,4.0400,3.9500,3.9600,139552.0000,,Tencent_raw
2025-12-17,600180.SH,3.9600,3.9600,3.8800,3.9400,140860.0000,,Tencent_raw
2025-12-18,600180.SH,3.9100,3.9400,3.8700,3.9000,204731.0000,,Tencent_raw
2025-12-19,600180.SH,3.8900,3.9900,3.8700,3.9800,155629.0000,,Tencent_raw
2025-12-22,600180.SH,3.9800,3.9900,3.9100,3.9200,161261.0000,,Tencent_raw
2025-12-23,600180.SH,3.9100,3.9200,3.7800,3.8000,222962.0000,,Tencent_raw
2025-12-24,600180.SH,3.7800,3.8000,3.7400,3.7600,226230.0000,,Tencent_raw
2025-12-25,600180.SH,3.7200,3.7900,3.7000,3.7200,260616.0000,,Tencent_raw
2025-12-26,600180.SH,3.7400,3.7500,3.6800,3.6900,232455.0000,,Tencent_raw
2025-12-29,600180.SH,3.6300,3.6400,3.4800,3.5100,399618.0000,,Tencent_raw
2025-12-30,600180.SH,3.5000,3.5500,3.4600,3.5300,239130.0000,,Tencent_raw
2025-12-31,600180.SH,3.5100,3.5300,3.4400,3.5000,216691.0000,,Tencent_raw
2026-01-05,600180.SH,3.5300,3.5600,3.5000,3.5500,174023.0000,,Tencent_raw
2026-01-06,600180.SH,3.5500,3.6700,3.5300,3.6300,247643.0000,,Tencent_raw
2026-01-07,600180.SH,3.6300,3.6500,3.5900,3.6000,175646.0000,,Tencent_raw
2026-01-08,600180.SH,3.6000,3.6500,3.5700,3.6400,141109.0000,,Tencent_raw
2026-01-09,600180.SH,3.6300,3.6600,3.6000,3.6200,176030.0000,,Tencent_raw
2026-01-12,600180.SH,3.6200,3.7000,3.6100,3.6900,223128.0000,,Tencent_raw
2026-01-13,600180.SH,3.6900,3.7400,3.6500,3.6700,239697.0000,,Tencent_raw
2026-01-14,600180.SH,3.6600,3.6900,3.5800,3.6100,285937.0000,,Tencent_raw
2026-01-15,600180.SH,3.6000,3.6200,3.5600,3.6100,167601.0000,,Tencent_raw
2026-01-16,600180.SH,3.6100,3.6300,3.5300,3.5400,155327.0000,,Tencent_raw
2026-01-19,600180.SH,3.4700,3.6100,3.4600,3.6000,168078.0000,,Tencent_raw
2026-01-20,600180.SH,3.6100,3.6600,3.6000,3.6600,182482.0000,,Tencent_raw
2026-01-21,600180.SH,3.6500,3.6700,3.6000,3.6600,128689.0000,,Tencent_raw
2026-01-22,600180.SH,3.6500,3.7500,3.6400,3.7400,197131.0000,,Tencent_raw
2026-01-23,600180.SH,3.7400,3.8000,3.7200,3.7900,181104.0000,,Tencent_raw
2026-01-26,600180.SH,3.7900,3.8000,3.6700,3.7300,206758.0000,,Tencent_raw
2026-01-27,600180.SH,3.7300,3.7300,3.6000,3.6700,174493.0000,,Tencent_raw
2026-01-28,600180.SH,3.6600,3.7000,3.6400,3.6700,127214.0000,,Tencent_raw
2026-01-29,600180.SH,3.6500,3.7300,3.6200,3.7200,162148.0000,,Tencent_raw
2026-01-30,600180.SH,3.7100,3.9200,3.6900,3.7900,400443.0000,,Tencent_raw
2026-02-02,600180.SH,3.6500,3.6500,3.5100,3.5500,312721.0000,,Tencent_raw
2026-02-03,600180.SH,3.5700,3.6100,3.5200,3.5900,144200.0000,,Tencent_raw
2026-02-04,600180.SH,3.5900,3.7000,3.5700,3.7000,176004.0000,,Tencent_raw
2026-02-05,600180.SH,3.6900,3.7100,3.6400,3.6600,138408.0000,,Tencent_raw
2026-02-06,600180.SH,3.6400,3.7300,3.6400,3.7000,142500.0000,,Tencent_raw
2026-02-09,600180.SH,3.7200,3.7900,3.7000,3.7700,122845.0000,,Tencent_raw
2026-02-10,600180.SH,3.7700,3.7900,3.7300,3.7600,111984.0000,,Tencent_raw
2026-02-11,600180.SH,3.7500,3.7800,3.7300,3.7400,98840.0000,,Tencent_raw
2026-02-12,600180.SH,3.7300,3.7500,3.6400,3.6600,158014.0000,,Tencent_raw
2026-02-13,600180.SH,3.6500,3.7600,3.6300,3.6700,177080.0000,,Tencent_raw
2026-02-24,600180.SH,3.6800,3.7600,3.6800,3.7500,159453.0000,,Tencent_raw
2026-02-25,600180.SH,3.7500,3.8200,3.7400,3.7700,150078.0000,,Tencent_raw
2026-02-26,600180.SH,3.7800,3.8000,3.7200,3.7400,129029.0000,,Tencent_raw
2026-02-27,600180.SH,3.7500,3.8000,3.7200,3.7900,137533.0000,,Tencent_raw
2026-03-02,600180.SH,3.7600,3.7700,3.6500,3.7100,158614.0000,,Tencent_raw
2026-03-03,600180.SH,3.7000,3.7800,3.6800,3.7000,178158.0000,,Tencent_raw
2026-03-04,600180.SH,3.6600,3.7000,3.5500,3.5600,189636.0000,,Tencent_raw
2026-03-05,600180.SH,3.5900,3.6600,3.5700,3.6400,137170.0000,,Tencent_raw
2026-03-06,600180.SH,3.6200,3.8100,3.6100,3.8100,214303.0000,,Tencent_raw
2026-03-09,600180.SH,3.8000,3.8300,3.7300,3.7600,163137.0000,,Tencent_raw
2026-03-10,600180.SH,3.7700,3.8000,3.7300,3.7500,143233.0000,,Tencent_raw
2026-03-11,600180.SH,3.7500,3.7900,3.7200,3.7900,146787.0000,,Tencent_raw
2026-03-12,600180.SH,3.7900,3.8900,3.7600,3.8400,213327.0000,,Tencent_raw
2026-03-13,600180.SH,3.8100,3.8800,3.8000,3.8400,173259.0000,,Tencent_raw
2026-03-16,600180.SH,3.8300,3.9100,3.8200,3.8800,202098.0000,,Tencent_raw
2026-03-17,600180.SH,3.8800,3.8900,3.7700,3.7800,178572.0000,,Tencent_raw
2026-03-18,600180.SH,3.7700,3.7800,3.7000,3.7400,138289.0000,,Tencent_raw
2026-03-19,600180.SH,3.6500,3.7400,3.6000,3.6200,191469.0000,,Tencent_raw
2026-03-20,600180.SH,3.6200,3.6600,3.4600,3.4700,214929.0000,,Tencent_raw
2026-03-23,600180.SH,3.4000,3.4200,3.2400,3.2600,211183.0000,,Tencent_raw
2026-03-24,600180.SH,3.3400,3.4400,3.2700,3.4300,184674.0000,,Tencent_raw
2026-03-25,600180.SH,3.4500,3.5500,3.3900,3.5300,189019.0000,,Tencent_raw
2026-03-26,600180.SH,3.5400,3.5800,3.4400,3.4600,127535.0000,,Tencent_raw
2026-03-27,600180.SH,3.4200,3.5300,3.4200,3.5200,126599.0000,,Tencent_raw
2026-03-30,600180.SH,3.4900,3.5400,3.4300,3.5300,131158.0000,,Tencent_raw
2026-03-31,600180.SH,3.5000,3.6100,3.4700,3.4700,117349.0000,,Tencent_raw
2026-04-01,600180.SH,3.5100,3.5500,3.4400,3.4700,114333.0000,,Tencent_raw
2026-04-02,600180.SH,3.4500,3.4700,3.3300,3.3800,129246.0000,,Tencent_raw
2026-04-03,600180.SH,3.3800,3.3900,3.1600,3.1700,182278.0000,,Tencent_raw
2026-04-07,600180.SH,3.1700,3.3200,3.1400,3.3100,139041.0000,,Tencent_raw
2026-04-08,600180.SH,3.3400,3.3900,3.3100,3.3800,111851.0000,,Tencent_raw
2026-04-09,600180.SH,3.3700,3.3800,3.2500,3.2600,113156.0000,,Tencent_raw
2026-04-10,600180.SH,3.2700,3.3700,3.2700,3.3300,131042.0000,,Tencent_raw
2026-04-13,600180.SH,3.3200,3.3500,3.2800,3.3500,110231.0000,,Tencent_raw
2026-04-14,600180.SH,3.3800,3.3800,3.2400,3.3000,147804.0000,,Tencent_raw
2026-04-15,600180.SH,3.3000,3.3100,3.2100,3.2200,128555.0000,,Tencent_raw
2026-04-16,600180.SH,3.2300,3.3100,3.2100,3.2900,148464.0000,,Tencent_raw
2026-04-17,600180.SH,3.2800,3.2800,3.1700,3.2200,141645.0000,,Tencent_raw
2026-04-20,600180.SH,3.2100,3.2200,3.1700,3.2000,110072.0000,,Tencent_raw
2026-04-21,600180.SH,3.2000,3.2200,3.1700,3.2100,102893.0000,,Tencent_raw
2026-04-22,600180.SH,3.2000,3.2200,3.1700,3.2100,98755.0000,,Tencent_raw
2026-04-23,600180.SH,3.2000,3.2100,3.1600,3.2000,128981.0000,,Tencent_raw
2026-04-24,600180.SH,3.0900,3.0900,2.9200,2.9600,334747.0000,,Tencent_raw
2026-04-27,600180.SH,2.9700,2.9800,2.6800,2.9200,347924.0000,,Tencent_raw
2026-04-28,600180.SH,2.9000,3.0600,2.9000,3.0600,280488.0000,,Tencent_raw
2026-04-30,600180.SH,2.9100,2.9100,2.9100,2.9100,3602.0000,,Tencent_raw
2026-05-06,600180.SH,2.7600,2.7600,2.7600,2.7600,4683.0000,,Tencent_raw
2026-05-07,600180.SH,2.6200,2.6200,2.6200,2.6200,1814.0000,,Tencent_raw
2026-05-08,600180.SH,2.4900,2.4900,2.4900,2.4900,2332.0000,,Tencent_raw
2026-05-11,600180.SH,2.3700,2.3700,2.3700,2.3700,2813.0000,,Tencent_raw
2026-05-12,600180.SH,2.2500,2.2500,2.2500,2.2500,10632.0000,,Tencent_raw
2026-05-13,600180.SH,2.1400,2.1400,2.1400,2.1400,4003.0000,,Tencent_raw
2026-05-14,600180.SH,2.0300,2.0300,2.0300,2.0300,3840.0000,,Tencent_raw
2026-05-15,600180.SH,1.9300,1.9300,1.9300,1.9300,2265.0000,,Tencent_raw
2026-05-18,600180.SH,1.8300,1.8300,1.8300,1.8300,1873.0000,,Tencent_raw
2026-05-19,600180.SH,1.7400,1.7400,1.7400,1.7400,3778.0000,,Tencent_raw
2026-05-20,600180.SH,1.6500,1.6500,1.6500,1.6500,4515.0000,,Tencent_raw
2026-05-21,600180.SH,1.5700,1.5800,1.5700,1.5700,659177.0000,,Tencent_raw
2026-05-22,600180.SH,1.4900,1.4900,1.4900,1.4900,19763.0000,,Tencent_raw
2026-05-25,600180.SH,1.4200,1.4600,1.4200,1.4200,529253.0000,,Tencent_raw
2026-05-26,600180.SH,1.3600,1.3700,1.3500,1.3500,282436.0000,,Tencent_raw
2026-05-27,600180.SH,1.2800,1.3100,1.2800,1.2800,520528.0000,,Tencent_raw
2026-05-28,600180.SH,1.3300,1.3400,1.3100,1.3400,460070.0000,,Tencent_raw
2026-05-29,600180.SH,1.4100,1.4100,1.3000,1.3400,849004.0000,,Tencent_raw
2026-06-01,600180.SH,1.3000,1.4100,1.2700,1.4100,663568.0000,,Tencent_raw
2026-06-02,600180.SH,1.4400,1.4800,1.4300,1.4800,264440.0000,,Tencent_raw
2026-06-03,600180.SH,1.5500,1.5500,1.4500,1.5500,794475.0000,,Tencent_raw
2026-06-04,600180.SH,1.6300,1.6300,1.5400,1.6300,744855.0000,,Tencent_raw
2026-06-05,600180.SH,1.5500,1.5700,1.5500,1.5500,532482.0000,,Tencent_raw
2026-06-08,600180.SH,1.4700,1.5000,1.4700,1.4700,447048.0000,,Tencent_raw
2026-06-09,600180.SH,1.4500,1.4700,1.4000,1.4200,473336.0000,,Tencent_raw
2026-06-10,600180.SH,1.4200,1.4200,1.3500,1.3500,241841.0000,,Tencent_raw
2026-06-11,600180.SH,1.3100,1.3400,1.2800,1.3100,457786.0000,,Tencent_raw
2026-06-12,600180.SH,1.3500,1.3600,1.2700,1.3200,442184.0000,,Tencent_raw
2026-06-15,600180.SH,1.2500,1.3100,1.2500,1.2800,446241.0000,,Tencent_raw
2026-06-16,600180.SH,1.2700,1.3400,1.2500,1.3400,318604.0000,,Tencent_raw
2026-06-17,600180.SH,1.3400,1.4000,1.2800,1.2900,347679.0000,,Tencent_raw
2026-06-18,600180.SH,1.2600,1.2800,1.2300,1.2300,252697.0000,,Tencent_raw
2026-06-22,600180.SH,1.1700,1.2100,1.1700,1.2000,268288.0000,,Tencent_raw
2026-06-23,600180.SH,1.1600,1.2400,1.1600,1.2000,305040.0000,,Tencent_raw
2026-06-24,600180.SH,1.1700,1.1800,1.1400,1.1400,240866.0000,,Tencent_raw
2026-06-25,600180.SH,1.0800,1.0800,1.0800,1.0800,50248.0000,,Tencent_raw
2026-06-26,600180.SH,1.1300,1.1300,1.1300,1.1300,51980.0000,,Tencent_raw
2026-06-29,600180.SH,1.1900,1.1900,1.1900,1.1900,20817.0000,,Tencent_raw
2026-06-30,600180.SH,1.2500,1.2500,1.2500,1.2500,21865.0000,,Tencent_raw
2026-07-01,600180.SH,1.3100,1.3100,1.2900,1.3100,362980.0000,,Tencent_raw
2026-07-02,600180.SH,1.3800,1.3800,1.3800,1.3800,35077.0000,,Tencent_raw
2026-07-03,600180.SH,1.4200,1.4500,1.3500,1.4000,657892.0000,,Tencent_raw
2026-07-06,600180.SH,1.4300,1.5400,1.3800,1.5400,518116.0000,,Tencent_raw
2026-07-07,600180.SH,1.4500,1.4800,1.3900,1.3900,410314.0000,,Tencent_raw
2026-07-08,600180.SH,1.3600,1.4700,1.2800,1.4500,412144.0000,,Tencent_raw
2026-07-09,600180.SH,1.3900,1.5100,1.3800,1.4000,370229.0000,,Tencent_raw
2026-07-10,600180.SH,1.4000,1.4400,1.3400,1.4100,284029.0000,,Tencent_raw
2026-07-13,600180.SH,1.4200,1.5000,1.4000,1.4300,351763.0000,,Tencent_raw
2026-07-14,600180.SH,1.4200,1.5700,1.4100,1.5700,538444.0000,,Tencent_raw
2026-07-15,600180.SH,1.5200,1.6700,1.5000,1.6300,525106.0000,,Tencent_raw
2026-07-16,600180.SH,1.6100,1.7600,1.5900,1.6100,551885.0000,,Tencent_raw
2026-07-17,600180.SH,1.6200,1.6600,1.4500,1.4500,495252.0000,,Tencent_raw
2026-07-20,600180.SH,1.4400,1.4700,1.3100,1.3100,363453.0000,,Tencent_raw
2026-07-21,600180.SH,1.2700,1.3500,1.2200,1.3200,314793.0000,,Tencent_raw
2026-07-22,600180.SH,1.3200,1.3600,1.2900,1.3400,233152.0000,,Tencent_raw
2026-07-23,600180.SH,1.3000,1.4000,1.3000,1.3700,220281.0000,,Tencent_raw
2026-07-24,600180.SH,1.3700,1.4500,1.2900,1.3300,237476.0000,,Tencent_raw
2026-07-27,600180.SH,1.3100,1.4100,1.3100,1.4000,220133.0000,,Tencent_raw
2026-07-28,600180.SH,1.3700,1.5000,1.3700,1.4700,305264.0000,,Tencent_raw
2026-07-29,600180.SH,1.4500,1.5200,1.4300,1.5200,268783.0000,,Tencent_raw
2026-07-30,600180.SH,1.5000,1.5500,1.4400,1.4700,243613.0000,,Tencent_raw
2026-07-31,600180.SH,1.4900,1.6200,1.4700,1.6000,373471.0000,,Tencent_raw
2026-08-03,600180.SH,1.5800,1.6700,1.5500,1.6600,343631.0000,,Tencent_raw
2026-08-04,600180.SH,1.6600,1.6800,1.5400,1.5700,403571.0000,,Tencent_raw
2026-08-05,600180.SH,1.5700,1.5900,1.5000,1.5400,303753.0000,,Tencent_raw
2026-08-06,600180.SH,1.5500,1.6100,1.5300,1.5600,239548.0000,,Tencent_raw
2026-08-07,600180.SH,1.5600,1.5600,1.4800,1.5000,207155.0000,,Tencent_raw
2026-08-10,600180.SH,1.5000,1.5800,1.5000,1.5800,218790.0000,,Tencent_raw
2026-08-11,600180.SH,1.5800,1.6000,1.5400,1.5600,184150.0000,,Tencent_raw
2026-08-12,600180.SH,1.5600,1.6000,1.5600,1.5700,150668.0000,,Tencent_raw
2026-08-13,600180.SH,1.5700,1.6300,1.5600,1.5800,212519.0000,,Tencent_raw
2026-08-14,600180.SH,1.5900,1.6700,1.5300,1.6700,261849.0000,,Tencent_raw
2026-08-17,600180.SH,1.6400,1.6700,1.6100,1.6200,229064.0000,,Tencent_raw
2026-08-18,600180.SH,1.6100,1.6300,1.5400,1.5500,190463.0000,,Tencent_raw
2026-08-19,600180.SH,1.5300,1.5400,1.4800,1.5200,151959.0000,,Tencent_raw
2026-08-20,600180.SH,1.5000,1.5500,1.4900,1.5500,144358.0000,,Tencent_raw
2026-08-21,600180.SH,1.5200,1.6200,1.5000,1.5900,252703.0000,,Tencent_raw
2026-08-24,600180.SH,1.5900,1.6200,1.5200,1.5300,172551.0000,,Tencent_raw
2026-08-25,600180.SH,1.5200,1.5600,1.5100,1.5300,156420.0000,,Tencent_raw
2026-08-26,600180.SH,1.5200,1.5700,1.5100,1.5500,179575.0000,,Tencent_raw
2026-08-27,600180.SH,1.5400,1.5500,1.4900,1.5100,149145.0000,,Tencent_raw
2026-08-28,600180.SH,1.5000,1.5400,1.4900,1.5200,124314.0000,,Tencent_raw
2026-08-31,600180.SH,1.5000,1.5300,1.4900,1.5000,118142.0000,,Tencent_raw
2026-09-01,600180.SH,1.4900,1.5100,1.4600,1.4800,147445.0000,,Tencent_raw
2026-09-02,600180.SH,1.4700,1.4800,1.4300,1.4500,132383.0000,,Tencent_raw
2026-09-03,600180.SH,1.4600,1.4700,1.4000,1.4200,138469.0000,,Tencent_raw
2026-09-04,600180.SH,1.4200,1.4700,1.4100,1.4400,144204.0000,,Tencent_raw
2026-09-07,600180.SH,1.4300,1.5100,1.4300,1.5100,168595.0000,,Tencent_raw
2026-09-08,600180.SH,1.5100,1.5700,1.5000,1.5700,200322.0000,,Tencent_raw
2026-09-09,600180.SH,1.5700,1.5900,1.5200,1.5400,134636.0000,,Tencent_raw
2026-09-10,600180.SH,1.5300,1.6900,1.5300,1.6900,268890.0000,,Tencent_raw
2026-09-11,600180.SH,1.7300,1.8200,1.6700,1.7200,582360.0000,,Tencent_raw
2026-09-14,600180.SH,1.7200,1.8900,1.6800,1.8900,397126.0000,,Tencent_raw
2026-09-15,600180.SH,1.8600,1.8600,1.7000,1.7000,511811.0000,,Tencent_raw
2026-09-16,600180.SH,1.6600,1.8000,1.6000,1.7000,419228.0000,,Tencent_raw
2026-09-17,600180.SH,1.7200,1.7200,1.6200,1.6800,300107.0000,,Tencent_raw
2026-09-18,600180.SH,1.6400,1.7100,1.6200,1.6300,270900.0000,,Tencent_raw
2026-09-21,600180.SH,1.6400,1.6900,1.6300,1.6800,162409.0000,,Tencent_raw
2026-09-22,600180.SH,1.6900,1.7000,1.6100,1.6300,180836.0000,,Tencent_raw
2026-09-23,600180.SH,1.6000,1.6200,1.5700,1.5800,129666.0000,,Tencent_raw
2026-09-24,600180.SH,1.5700,1.5900,1.5300,1.5500,130879.0000,,Tencent_raw
2026-09-28,600180.SH,1.5500,1.5600,1.4700,1.5000,113983.0000,,Tencent_raw
2025-09-01,600337.SH,1.9700,2.0100,1.9500,1.9900,361228.0000,,Tencent_raw
2025-09-02,600337.SH,1.9800,2.0700,1.9600,2.0300,679926.0000,,Tencent_raw
2025-09-03,600337.SH,2.0300,2.1000,1.9900,1.9900,541356.0000,,Tencent_raw
2025-09-04,600337.SH,2.0000,2.0700,1.9900,2.0300,543299.0000,,Tencent_raw
2025-09-05,600337.SH,2.0200,2.0600,1.9600,2.0600,451931.0000,,Tencent_raw
2025-09-08,600337.SH,2.0600,2.1200,2.0400,2.0700,415658.0000,,Tencent_raw
2025-09-09,600337.SH,2.0700,2.1200,2.0600,2.0900,682249.0000,,Tencent_raw
2025-09-10,600337.SH,2.0900,2.1900,2.0900,2.1500,652311.0000,,Tencent_raw
2025-09-11,600337.SH,2.1400,2.1500,2.0800,2.1400,388775.0000,,Tencent_raw
2025-09-12,600337.SH,2.1500,2.2000,2.1200,2.1800,589547.0000,,Tencent_raw
2025-09-15,600337.SH,2.1700,2.2400,2.1500,2.2200,426350.0000,,Tencent_raw
2025-09-16,600337.SH,2.2100,2.2400,2.1800,2.2300,432041.0000,,Tencent_raw
2025-09-17,600337.SH,2.2300,2.4500,2.1500,2.4500,997954.0000,,Tencent_raw
2025-09-18,600337.SH,2.5100,2.7000,2.5000,2.7000,1754320.0000,,Tencent_raw
2025-09-19,600337.SH,2.7400,2.8900,2.4300,2.4300,2232505.0000,,Tencent_raw
2025-09-22,600337.SH,2.3300,2.3500,2.1900,2.2200,1839584.0000,,Tencent_raw
2025-09-23,600337.SH,2.2600,2.4400,2.2500,2.4400,721659.0000,,Tencent_raw
2025-09-24,600337.SH,2.4500,2.4600,2.3200,2.3700,1530273.0000,,Tencent_raw
2025-09-25,600337.SH,2.3600,2.4100,2.2700,2.2900,948453.0000,,Tencent_raw
2025-09-26,600337.SH,2.3000,2.3200,2.2200,2.2500,780504.0000,,Tencent_raw
2025-09-29,600337.SH,2.2200,2.2500,2.1500,2.2400,626434.0000,,Tencent_raw
2025-09-30,600337.SH,2.2500,2.3500,2.2500,2.2900,589354.0000,,Tencent_raw
2025-10-09,600337.SH,2.2900,2.3100,2.2500,2.2700,514234.0000,,Tencent_raw
2025-10-10,600337.SH,2.2800,2.5000,2.2700,2.3800,1293447.0000,,Tencent_raw
2025-10-13,600337.SH,2.2400,2.3200,2.2400,2.2900,805889.0000,,Tencent_raw
2025-10-14,600337.SH,2.3300,2.4600,2.3000,2.3100,729119.0000,,Tencent_raw
2025-10-15,600337.SH,2.3000,2.3800,2.2800,2.3600,598225.0000,,Tencent_raw
2025-10-16,600337.SH,2.3600,2.3800,2.2600,2.2700,496973.0000,,Tencent_raw
2025-10-17,600337.SH,2.2700,2.2800,2.1900,2.2000,497568.0000,,Tencent_raw
2025-10-20,600337.SH,2.2400,2.2500,2.2100,2.2300,358109.0000,,Tencent_raw
2025-10-21,600337.SH,2.2500,2.3100,2.2100,2.3000,435074.0000,,Tencent_raw
2025-10-22,600337.SH,2.3000,2.3500,2.3000,2.3200,351637.0000,,Tencent_raw
2025-10-23,600337.SH,2.3000,2.3300,2.2700,2.3300,317619.0000,,Tencent_raw
2025-10-24,600337.SH,2.3300,2.3600,2.2500,2.2800,392211.0000,,Tencent_raw
2025-10-27,600337.SH,2.2900,2.3000,2.2100,2.2300,488680.0000,,Tencent_raw
2025-10-28,600337.SH,2.2100,2.2300,2.1600,2.1700,470246.0000,,Tencent_raw
2025-10-29,600337.SH,2.1700,2.1800,2.0700,2.1300,417125.0000,,Tencent_raw
2025-10-30,600337.SH,2.1500,2.1600,2.0800,2.0800,406030.0000,,Tencent_raw
2025-10-31,600337.SH,2.0800,2.1600,2.0800,2.1200,365678.0000,,Tencent_raw
2025-11-03,600337.SH,2.1300,2.2800,2.1200,2.2200,767468.0000,,Tencent_raw
2025-11-04,600337.SH,2.2300,2.2700,2.2100,2.2600,548304.0000,,Tencent_raw
2025-11-05,600337.SH,2.2400,2.3300,2.2200,2.3000,449581.0000,,Tencent_raw
2025-11-06,600337.SH,2.3100,2.3200,2.2300,2.2500,349422.0000,,Tencent_raw
2025-11-07,600337.SH,2.2400,2.3800,2.2300,2.3100,445122.0000,,Tencent_raw
2025-11-10,600337.SH,2.3200,2.4200,2.2800,2.4100,547224.0000,,Tencent_raw
2025-11-11,600337.SH,2.4000,2.4300,2.3800,2.4200,381693.0000,,Tencent_raw
2025-11-12,600337.SH,2.4200,2.4700,2.3900,2.4500,462945.0000,,Tencent_raw
2025-11-13,600337.SH,2.4500,2.5400,2.4300,2.4900,520451.0000,,Tencent_raw
2025-11-14,600337.SH,2.4900,2.6200,2.4700,2.5600,635452.0000,,Tencent_raw
2025-11-17,600337.SH,2.5600,2.6800,2.5500,2.5700,503806.0000,,Tencent_raw
2025-11-18,600337.SH,2.5900,2.6200,2.5100,2.6000,550033.0000,,Tencent_raw
2025-11-19,600337.SH,2.6000,2.6600,2.4700,2.4900,511297.0000,,Tencent_raw
2025-11-20,600337.SH,2.5000,2.5300,2.4400,2.4700,391721.0000,,Tencent_raw
2025-11-21,600337.SH,2.4600,2.5100,2.3500,2.3800,455473.0000,,Tencent_raw
2025-11-24,600337.SH,2.4200,2.4500,2.3200,2.3500,385353.0000,,Tencent_raw
2025-11-25,600337.SH,2.3700,2.4300,2.3500,2.4100,333293.0000,,Tencent_raw
2025-11-26,600337.SH,2.4000,2.6500,2.4000,2.6500,371010.0000,,Tencent_raw
2025-11-27,600337.SH,2.8000,2.9200,2.4400,2.4900,2586256.0000,,Tencent_raw
2025-11-28,600337.SH,2.4400,2.7400,2.3400,2.7400,2156427.0000,,Tencent_raw
2025-12-01,600337.SH,2.6500,2.8500,2.6400,2.7100,2398363.0000,,Tencent_raw
2025-12-02,600337.SH,2.7500,2.8800,2.6400,2.8100,1761522.0000,,Tencent_raw
2025-12-03,600337.SH,2.8000,2.9100,2.7100,2.7200,1029625.0000,,Tencent_raw
2025-12-04,600337.SH,2.7400,2.7600,2.6300,2.6600,723794.0000,,Tencent_raw
2025-12-05,600337.SH,2.6600,2.7400,2.5900,2.7100,539553.0000,,Tencent_raw
2025-12-08,600337.SH,2.7200,2.9800,2.7200,2.9800,775636.0000,,Tencent_raw
2025-12-09,600337.SH,3.0600,3.0800,2.8900,2.9900,1795786.0000,,Tencent_raw
2025-12-10,600337.SH,3.0000,3.1300,2.9500,3.0700,1286370.0000,,Tencent_raw
2025-12-11,600337.SH,3.0600,3.1300,2.9300,2.9600,1005497.0000,,Tencent_raw
2025-12-12,600337.SH,2.9600,3.0100,2.8700,2.9200,645279.0000,,Tencent_raw
2025-12-15,600337.SH,2.9600,3.2100,2.9400,3.0600,1323516.0000,,Tencent_raw
2025-12-16,600337.SH,3.1000,3.1800,3.0400,3.0500,1015395.0000,,Tencent_raw
2025-12-17,600337.SH,3.0600,3.1100,2.8600,2.9200,895862.0000,,Tencent_raw
2026-01-05,600337.SH,3.2100,3.2100,3.2100,3.2100,146617.0000,,Tencent_raw
2026-01-06,600337.SH,3.5300,3.5300,3.5300,3.5300,35664.0000,,Tencent_raw
2026-01-07,600337.SH,3.8800,3.8800,3.8800,3.8800,38034.0000,,Tencent_raw
2026-01-08,600337.SH,4.2700,4.2700,4.2700,4.2700,84769.0000,,Tencent_raw
2026-01-09,600337.SH,4.2700,4.2700,3.8400,3.8400,765542.0000,,Tencent_raw
2026-01-12,600337.SH,3.6600,3.8400,3.6000,3.7400,2464776.0000,,Tencent_raw
2026-01-13,600337.SH,3.6200,3.6500,3.3700,3.4000,1703976.0000,,Tencent_raw
2026-01-14,600337.SH,3.4900,3.7400,3.3900,3.4300,2385519.0000,,Tencent_raw
2026-01-15,600337.SH,3.2200,3.2500,3.0900,3.0900,863414.0000,,Tencent_raw
2026-01-16,600337.SH,2.9800,3.0500,2.8000,2.8400,1466671.0000,,Tencent_raw
2026-01-19,600337.SH,2.8400,3.1200,2.8200,3.1200,1276168.0000,,Tencent_raw
2026-01-20,600337.SH,3.1200,3.1400,2.8100,2.8600,1356526.0000,,Tencent_raw
2026-01-21,600337.SH,2.8600,2.9200,2.8200,2.8700,683332.0000,,Tencent_raw
2026-01-22,600337.SH,2.8500,3.0800,2.8300,3.0000,974058.0000,,Tencent_raw
2026-01-23,600337.SH,2.8800,3.0200,2.8800,3.0000,790155.0000,,Tencent_raw
2026-01-26,600337.SH,2.9700,3.0000,2.8800,2.9500,636013.0000,,Tencent_raw
2026-01-27,600337.SH,2.9100,2.9400,2.7500,2.8300,659125.0000,,Tencent_raw
2026-01-28,600337.SH,2.8600,2.8600,2.7200,2.7400,551120.0000,,Tencent_raw
2026-01-29,600337.SH,2.7400,2.8200,2.6600,2.7500,520596.0000,,Tencent_raw
2026-01-30,600337.SH,2.5000,2.6800,2.4800,2.5700,1229711.0000,,Tencent_raw
2026-02-02,600337.SH,2.5200,2.5900,2.5000,2.5300,542527.0000,,Tencent_raw
2026-02-03,600337.SH,2.5500,2.6300,2.5500,2.6200,452209.0000,,Tencent_raw
2026-02-04,600337.SH,2.6100,2.6700,2.5900,2.6600,346061.0000,,Tencent_raw
2026-02-05,600337.SH,2.6500,2.6900,2.6200,2.6300,305148.0000,,Tencent_raw
2026-02-06,600337.SH,2.6300,2.6700,2.5900,2.6400,284979.0000,,Tencent_raw
2026-02-09,600337.SH,2.6600,2.7200,2.6400,2.7000,366590.0000,,Tencent_raw
2026-02-10,600337.SH,2.7100,2.7300,2.6600,2.6700,400652.0000,,Tencent_raw
2026-02-11,600337.SH,2.6500,2.6700,2.6000,2.6300,343356.0000,,Tencent_raw
2026-02-12,600337.SH,2.6300,2.6400,2.5400,2.5500,334954.0000,,Tencent_raw
2026-02-13,600337.SH,2.5500,2.5900,2.5300,2.5400,322260.0000,,Tencent_raw
2026-02-24,600337.SH,2.5600,2.6200,2.5500,2.5900,283454.0000,,Tencent_raw
2026-02-25,600337.SH,2.6000,2.8500,2.5900,2.8500,839506.0000,,Tencent_raw
2026-02-26,600337.SH,2.8500,2.8700,2.7400,2.7600,1146365.0000,,Tencent_raw
2026-02-27,600337.SH,2.7900,2.8100,2.7100,2.7700,643878.0000,,Tencent_raw
2026-03-02,600337.SH,2.7200,2.7300,2.6200,2.6400,597923.0000,,Tencent_raw
2026-03-03,600337.SH,2.6400,2.6700,2.4900,2.4900,561535.0000,,Tencent_raw
2026-03-04,600337.SH,2.4300,2.5200,2.4200,2.4600,310510.0000,,Tencent_raw
2026-03-05,600337.SH,2.5500,2.5700,2.5100,2.5400,312435.0000,,Tencent_raw
2026-03-06,600337.SH,2.5200,2.5600,2.5100,2.5500,278942.0000,,Tencent_raw
2026-03-09,600337.SH,2.5300,2.5600,2.4600,2.5500,388959.0000,,Tencent_raw
2026-03-10,600337.SH,2.5700,2.6000,2.5500,2.5800,264774.0000,,Tencent_raw
2026-03-11,600337.SH,2.5800,2.6000,2.5100,2.5300,293457.0000,,Tencent_raw
2026-03-12,600337.SH,2.5200,2.7300,2.5100,2.6400,1014732.0000,,Tencent_raw
2026-03-13,600337.SH,2.6000,2.6600,2.5400,2.5500,557426.0000,,Tencent_raw
2026-03-16,600337.SH,2.5400,2.8100,2.5300,2.7800,1627237.0000,,Tencent_raw
2026-03-17,600337.SH,2.6600,2.8100,2.6600,2.7400,1086226.0000,,Tencent_raw
2026-03-18,600337.SH,2.7400,2.8100,2.6900,2.7900,683598.0000,,Tencent_raw
2026-03-19,600337.SH,2.7500,2.8100,2.6400,2.6600,655451.0000,,Tencent_raw
2026-03-20,600337.SH,2.6700,2.6800,2.4700,2.5000,625757.0000,,Tencent_raw
2026-03-23,600337.SH,2.3900,2.4700,2.3000,2.3200,500134.0000,,Tencent_raw
2026-03-24,600337.SH,2.3800,2.5300,2.3300,2.5100,534386.0000,,Tencent_raw
2026-03-25,600337.SH,2.5500,2.6100,2.4700,2.6000,412107.0000,,Tencent_raw
2026-03-26,600337.SH,2.5900,2.6100,2.5100,2.5200,322040.0000,,Tencent_raw
2026-03-27,600337.SH,2.5000,2.6900,2.4800,2.6800,530058.0000,,Tencent_raw
2026-03-30,600337.SH,2.6200,2.6700,2.5400,2.6600,406189.0000,,Tencent_raw
2026-03-31,600337.SH,2.6400,2.6800,2.5700,2.5700,317659.0000,,Tencent_raw
2026-04-01,600337.SH,2.6300,2.6300,2.5300,2.5500,260542.0000,,Tencent_raw
2026-04-02,600337.SH,2.5400,2.5500,2.4500,2.4800,230495.0000,,Tencent_raw
2026-04-03,600337.SH,2.4800,2.5000,2.3600,2.3900,310134.0000,,Tencent_raw
2026-04-07,600337.SH,2.4100,2.4900,2.3600,2.4700,238983.0000,,Tencent_raw
2026-04-08,600337.SH,2.5100,2.6000,2.5100,2.6000,312051.0000,,Tencent_raw
2026-04-09,600337.SH,2.8000,2.8600,2.7700,2.8600,1413879.0000,,Tencent_raw
2026-04-10,600337.SH,2.8600,3.1500,2.8200,2.9300,2192242.0000,,Tencent_raw
2026-04-13,600337.SH,2.9200,3.2200,2.9200,3.2200,1801528.0000,,Tencent_raw
2026-04-14,600337.SH,3.2200,3.4500,3.0900,3.2900,2235117.0000,,Tencent_raw
2026-04-15,600337.SH,3.2700,3.3800,3.2000,3.3000,1324784.0000,,Tencent_raw
2026-04-16,600337.SH,3.3000,3.5000,3.2500,3.4500,1127487.0000,,Tencent_raw
2026-04-17,600337.SH,3.4000,3.6000,3.3800,3.4300,980192.0000,,Tencent_raw
2026-04-20,600337.SH,3.4800,3.4900,3.2900,3.4000,895744.0000,,Tencent_raw
2026-04-21,600337.SH,3.3500,3.4100,3.3300,3.3800,548291.0000,,Tencent_raw
2026-04-22,600337.SH,3.3400,3.3600,3.2600,3.3300,433568.0000,,Tencent_raw
2026-04-23,600337.SH,3.3100,3.3300,3.1300,3.1600,642266.0000,,Tencent_raw
2026-04-24,600337.SH,3.1500,3.1600,3.0300,3.1300,485567.0000,,Tencent_raw
2026-04-27,600337.SH,3.1300,3.1300,2.8600,2.8900,861226.0000,,Tencent_raw
2026-04-28,600337.SH,2.8800,2.9900,2.6900,2.7200,1355021.0000,,Tencent_raw
2026-04-29,600337.SH,2.6800,2.9100,2.6600,2.8900,792264.0000,,Tencent_raw
2026-05-06,600337.SH,2.7500,2.7500,2.7500,2.7500,134899.0000,,Tencent_raw
2026-05-07,600337.SH,2.7500,2.8800,2.6100,2.6100,1808437.0000,,Tencent_raw
2026-05-08,600337.SH,2.6000,2.7400,2.5600,2.7400,525086.0000,,Tencent_raw
2026-05-11,600337.SH,2.8800,2.8800,2.8800,2.8800,42165.0000,,Tencent_raw
2026-05-12,600337.SH,3.0200,3.0200,3.0200,3.0200,61356.0000,,Tencent_raw
2026-05-13,600337.SH,3.1700,3.1700,2.9400,3.1700,1344148.0000,,Tencent_raw
2026-05-14,600337.SH,3.1700,3.3000,3.0500,3.1700,972214.0000,,Tencent_raw
2026-05-15,600337.SH,3.1400,3.3300,3.1100,3.2500,806132.0000,,Tencent_raw
2026-05-18,600337.SH,3.1900,3.2900,3.0900,3.0900,710399.0000,,Tencent_raw
2026-05-19,600337.SH,3.0000,3.1500,2.9400,3.0300,653328.0000,,Tencent_raw
2026-05-20,600337.SH,3.0800,3.1800,3.0300,3.1200,494876.0000,,Tencent_raw
2026-05-21,600337.SH,3.0300,3.1400,2.9600,3.0300,459667.0000,,Tencent_raw
2026-05-22,600337.SH,3.0400,3.1000,2.9800,3.0200,286856.0000,,Tencent_raw
2026-05-25,600337.SH,3.0000,3.0300,2.9300,2.9700,267542.0000,,Tencent_raw
2026-05-26,600337.SH,2.9700,3.1200,2.9500,3.1000,531717.0000,,Tencent_raw
2026-05-27,600337.SH,3.0200,3.0700,2.9600,3.0700,365871.0000,,Tencent_raw
2026-05-28,600337.SH,3.0500,3.1900,3.0200,3.1600,278393.0000,,Tencent_raw
2026-05-29,600337.SH,3.1900,3.3000,3.1100,3.1300,313823.0000,,Tencent_raw
2026-06-01,600337.SH,3.1500,3.2900,3.1500,3.2900,436153.0000,,Tencent_raw
2026-06-02,600337.SH,3.3200,3.4500,3.3100,3.3900,414381.0000,,Tencent_raw
2026-06-03,600337.SH,3.4100,3.5600,3.2400,3.3200,476501.0000,,Tencent_raw
2026-06-04,600337.SH,3.2800,3.3800,3.2400,3.2500,282223.0000,,Tencent_raw
2026-06-05,600337.SH,3.2500,3.2800,3.1600,3.2400,226583.0000,,Tencent_raw
2026-06-08,600337.SH,3.2400,3.2800,3.1600,3.1800,220690.0000,,Tencent_raw
2026-06-09,600337.SH,3.1800,3.2300,3.1200,3.2000,176699.0000,,Tencent_raw
2026-06-10,600337.SH,3.1200,3.1600,3.0400,3.0400,232324.0000,,Tencent_raw
2026-06-11,600337.SH,2.9300,3.0500,2.8900,2.9900,211735.0000,,Tencent_raw
2026-06-12,600337.SH,2.9000,2.9800,2.8500,2.9000,267899.0000,,Tencent_raw
2026-06-15,600337.SH,2.9000,3.0300,2.8200,2.9900,194251.0000,,Tencent_raw
2026-06-16,600337.SH,2.9500,3.0600,2.9500,3.0300,209013.0000,,Tencent_raw
2026-06-17,600337.SH,3.0500,3.0600,2.9000,2.9600,234346.0000,,Tencent_raw
2026-06-18,600337.SH,2.9600,3.0600,2.9200,2.9300,209278.0000,,Tencent_raw
2026-06-22,600337.SH,2.9100,2.9200,2.7800,2.8700,351869.0000,,Tencent_raw
2026-06-23,600337.SH,2.8500,3.0100,2.8400,3.0100,243785.0000,,Tencent_raw
2026-06-24,600337.SH,3.0800,3.1300,2.9700,3.1100,272511.0000,,Tencent_raw
2026-06-25,600337.SH,3.1300,3.1500,2.9600,3.0700,225360.0000,,Tencent_raw
2026-06-26,600337.SH,3.0100,3.2000,2.9700,3.1700,237440.0000,,Tencent_raw
2026-06-29,600337.SH,3.1600,3.3200,3.1000,3.2600,309808.0000,,Tencent_raw
2026-06-30,600337.SH,3.3100,3.3100,3.2000,3.2500,233809.0000,,Tencent_raw
2026-07-01,600337.SH,3.1600,3.2100,3.0900,3.0900,270226.0000,,Tencent_raw
2026-07-02,600337.SH,3.0000,3.1800,3.0000,3.1100,192238.0000,,Tencent_raw
2026-07-03,600337.SH,3.1100,3.2200,3.1100,3.2200,143304.0000,,Tencent_raw
2026-07-06,600337.SH,3.2100,3.3400,3.1900,3.2000,148745.0000,,Tencent_raw
2026-07-07,600337.SH,3.2000,3.2200,3.0900,3.1100,140635.0000,,Tencent_raw
2026-07-08,600337.SH,3.1000,3.2000,3.0700,3.1900,134373.0000,,Tencent_raw
2026-07-09,600337.SH,3.2000,3.2300,3.1400,3.1500,107467.0000,,Tencent_raw
2026-07-10,600337.SH,3.1400,3.1500,3.0800,3.1300,105481.0000,,Tencent_raw
2026-07-13,600337.SH,3.1300,3.2100,3.0800,3.1600,176033.0000,,Tencent_raw
2026-07-14,600337.SH,3.1300,3.2300,3.1100,3.1700,135319.0000,,Tencent_raw
2026-07-15,600337.SH,3.1300,3.4500,3.1300,3.4000,369137.0000,,Tencent_raw
2026-07-16,600337.SH,3.3500,3.4800,3.2600,3.3600,229345.0000,,Tencent_raw
2026-07-17,600337.SH,3.3600,3.5500,3.2800,3.4400,263151.0000,,Tencent_raw
2026-07-20,600337.SH,3.4400,3.5900,3.3100,3.4600,320747.0000,,Tencent_raw
2026-07-21,600337.SH,3.4000,3.4400,3.1100,3.1800,527346.0000,,Tencent_raw
2026-07-22,600337.SH,3.1700,3.3100,3.1700,3.2800,183637.0000,,Tencent_raw
2026-07-23,600337.SH,3.3000,3.3200,2.9500,3.0400,523460.0000,,Tencent_raw
2026-07-24,600337.SH,3.0000,3.0000,2.7600,2.9600,252490.0000,,Tencent_raw
2026-07-27,600337.SH,2.9300,2.9700,2.8600,2.9100,167206.0000,,Tencent_raw
2026-07-28,600337.SH,2.8600,2.9200,2.7700,2.8000,197597.0000,,Tencent_raw
2026-07-29,600337.SH,2.7700,2.7900,2.5800,2.6300,296609.0000,,Tencent_raw
2026-07-30,600337.SH,2.6400,2.7200,2.3700,2.4300,414639.0000,,Tencent_raw
2026-07-31,600337.SH,2.3800,2.5000,2.3700,2.4700,241280.0000,,Tencent_raw
2026-08-03,600337.SH,2.5400,2.6500,2.5000,2.5900,195604.0000,,Tencent_raw
2026-08-04,600337.SH,2.5800,2.6500,2.5400,2.6000,143712.0000,,Tencent_raw
2026-08-05,600337.SH,2.5800,2.7000,2.5700,2.5700,193689.0000,,Tencent_raw
2026-08-06,600337.SH,2.6000,2.6400,2.5400,2.5700,156225.0000,,Tencent_raw
2026-08-07,600337.SH,2.5500,2.6300,2.5500,2.6300,155859.0000,,Tencent_raw
2026-08-10,600337.SH,2.6500,2.8900,2.6300,2.8900,231770.0000,,Tencent_raw
2026-08-11,600337.SH,2.9500,3.0900,2.9200,2.9700,297558.0000,,Tencent_raw
2026-08-12,600337.SH,3.0200,3.0200,2.9000,2.9900,151632.0000,,Tencent_raw
2026-08-13,600337.SH,2.9800,3.0400,2.9400,2.9900,101776.0000,,Tencent_raw
2026-08-14,600337.SH,2.9800,3.0400,2.9500,3.0000,87077.0000,,Tencent_raw
2026-08-17,600337.SH,3.0000,3.1800,2.9700,3.0700,194219.0000,,Tencent_raw
2026-08-18,600337.SH,3.0400,3.1000,2.9300,3.0600,172531.0000,,Tencent_raw
2026-08-19,600337.SH,3.0100,3.1400,3.0100,3.0100,149390.0000,,Tencent_raw
2026-08-20,600337.SH,3.0300,3.1200,2.9800,3.1200,202320.0000,,Tencent_raw
2026-08-21,600337.SH,3.1000,3.2100,3.1000,3.2000,221156.0000,,Tencent_raw
2026-08-24,600337.SH,3.2100,3.3000,3.1200,3.2500,305178.0000,,Tencent_raw
2026-08-25,600337.SH,3.1800,3.3000,3.1700,3.2900,185850.0000,,Tencent_raw
2026-08-26,600337.SH,3.2500,3.4700,3.2500,3.4000,276089.0000,,Tencent_raw
2026-08-27,600337.SH,3.4000,3.4100,3.1400,3.1900,365347.0000,,Tencent_raw
2026-08-28,600337.SH,3.2500,3.2900,3.0700,3.1100,323704.0000,,Tencent_raw
2026-08-31,600337.SH,3.1300,3.2900,3.1200,3.2800,255376.0000,,Tencent_raw
2026-09-01,600337.SH,3.2700,3.3200,3.2100,3.2500,137443.0000,,Tencent_raw
2026-09-02,600337.SH,3.2100,3.3000,3.2100,3.2600,115537.0000,,Tencent_raw
2026-09-03,600337.SH,3.2900,3.2900,3.2000,3.2000,87559.0000,,Tencent_raw
2026-09-04,600337.SH,3.2000,3.2500,3.1600,3.1700,84946.0000,,Tencent_raw
2026-09-07,600337.SH,3.1600,3.2200,3.0900,3.1600,104410.0000,,Tencent_raw
2026-09-08,600337.SH,3.1200,3.2100,3.1200,3.1600,66571.0000,,Tencent_raw
2026-09-09,600337.SH,3.1200,3.1800,3.1000,3.1100,89391.0000,,Tencent_raw
2026-09-10,600337.SH,3.0700,3.1600,3.0700,3.1200,85966.0000,,Tencent_raw
2026-09-11,600337.SH,3.1100,3.1100,3.0200,3.0600,147070.0000,,Tencent_raw
2026-09-14,600337.SH,3.0600,3.1600,3.0500,3.1300,97077.0000,,Tencent_raw
2026-09-15,600337.SH,3.1400,3.2000,3.1000,3.1000,103197.0000,,Tencent_raw
2026-09-16,600337.SH,3.0900,3.1100,3.0200,3.1000,122488.0000,,Tencent_raw
2026-09-17,600337.SH,3.0900,3.1400,3.0500,3.0500,64689.0000,,Tencent_raw
2026-09-18,600337.SH,3.0600,3.1100,3.0000,3.1100,167888.0000,,Tencent_raw
2026-09-21,600337.SH,3.1800,3.2200,3.0900,3.1800,239457.0000,,Tencent_raw
2026-09-22,600337.SH,3.2200,3.4100,3.1900,3.3900,421578.0000,,Tencent_raw
2026-09-23,600337.SH,3.3900,3.5500,3.2800,3.3200,491628.0000,,Tencent_raw
2026-09-24,600337.SH,3.4200,3.4900,3.3000,3.4300,362666.0000,,Tencent_raw
2026-09-28,600337.SH,3.5000,3.5200,3.3500,3.4900,304193.0000,,Tencent_raw
2025-09-01,600340.SH,2.1700,2.2100,2.1500,2.1900,794612.0000,,Tencent_raw
2025-09-02,600340.SH,2.1800,2.2200,2.1600,2.1800,894075.0000,,Tencent_raw
2025-09-03,600340.SH,2.1800,2.2000,2.1500,2.1500,705633.0000,,Tencent_raw
2025-09-04,600340.SH,2.1500,2.1600,2.1300,2.1500,595123.0000,,Tencent_raw
2025-09-05,600340.SH,2.1400,2.1600,2.1300,2.1500,463142.0000,,Tencent_raw
2025-09-08,600340.SH,2.1500,2.2000,2.1500,2.1700,620894.0000,,Tencent_raw
2025-09-09,600340.SH,2.1700,2.2100,2.1600,2.1900,1166841.0000,,Tencent_raw
2025-09-10,600340.SH,2.1900,2.2200,2.1800,2.1900,798398.0000,,Tencent_raw
2025-09-11,600340.SH,2.1800,2.2100,2.1500,2.2100,929152.0000,,Tencent_raw
2025-09-12,600340.SH,2.2100,2.4300,2.2100,2.4300,3726048.0000,,Tencent_raw
2025-09-15,600340.SH,2.4100,2.5100,2.3200,2.3900,4646328.0000,,Tencent_raw
2025-09-16,600340.SH,2.3700,2.5500,2.3600,2.4800,4088187.0000,,Tencent_raw
2025-09-17,600340.SH,2.4900,2.4900,2.4100,2.4500,2526018.0000,,Tencent_raw
2025-09-18,600340.SH,2.4600,2.5700,2.3400,2.3700,3187191.0000,,Tencent_raw
2025-09-19,600340.SH,2.3900,2.4100,2.2400,2.3000,2250605.0000,,Tencent_raw
2025-09-22,600340.SH,2.2700,2.2800,2.2000,2.2400,1424947.0000,,Tencent_raw
2025-09-23,600340.SH,2.2200,2.2300,2.0800,2.1300,2152535.0000,,Tencent_raw
2025-09-24,600340.SH,2.1000,2.2000,2.0800,2.1500,1289793.0000,,Tencent_raw
2025-09-25,600340.SH,2.1400,2.1600,2.1200,2.1200,933615.0000,,Tencent_raw
2025-09-26,600340.SH,2.1200,2.1500,2.1100,2.1100,827739.0000,,Tencent_raw
2025-09-29,600340.SH,2.1300,2.1400,2.0900,2.1400,765034.0000,,Tencent_raw
2025-09-30,600340.SH,2.1300,2.1600,2.1200,2.1500,773056.0000,,Tencent_raw
2025-10-09,600340.SH,2.1500,2.1600,2.1100,2.1300,714624.0000,,Tencent_raw
2025-10-10,600340.SH,2.1200,2.1800,2.1200,2.1400,1007757.0000,,Tencent_raw
2025-10-13,600340.SH,2.1000,2.1400,2.0700,2.1300,685311.0000,,Tencent_raw
2025-10-14,600340.SH,2.1200,2.1700,2.1200,2.1300,972157.0000,,Tencent_raw
2025-10-15,600340.SH,2.1300,2.1500,2.1100,2.1400,719636.0000,,Tencent_raw
2025-10-16,600340.SH,2.1300,2.1400,2.1000,2.1100,760764.0000,,Tencent_raw
2025-10-17,600340.SH,2.1100,2.1300,2.0800,2.0900,693714.0000,,Tencent_raw
2025-10-20,600340.SH,2.0900,2.1100,2.0800,2.0900,511081.0000,,Tencent_raw
2025-10-21,600340.SH,2.0800,2.1400,2.0800,2.1300,1015524.0000,,Tencent_raw
2025-10-22,600340.SH,2.1300,2.2500,2.1300,2.1900,1920949.0000,,Tencent_raw
2025-10-23,600340.SH,2.1700,2.1900,2.1200,2.1400,990630.0000,,Tencent_raw
2025-10-24,600340.SH,2.1300,2.1600,2.1000,2.1100,930457.0000,,Tencent_raw
2025-10-27,600340.SH,2.1200,2.1300,2.1000,2.1100,703932.0000,,Tencent_raw
2025-10-28,600340.SH,2.1000,2.1500,2.1000,2.1400,858225.0000,,Tencent_raw
2025-10-29,600340.SH,2.1300,2.2700,2.1200,2.2000,1874758.0000,,Tencent_raw
2025-10-30,600340.SH,2.1800,2.2000,2.1300,2.1300,952211.0000,,Tencent_raw
2025-10-31,600340.SH,2.1200,2.1500,2.1100,2.1200,867532.0000,,Tencent_raw
2025-11-03,600340.SH,2.1200,2.1500,2.1100,2.1500,629473.0000,,Tencent_raw
2025-11-04,600340.SH,2.1400,2.3700,2.1100,2.2300,3664972.0000,,Tencent_raw
2025-11-05,600340.SH,2.1800,2.2600,2.1600,2.2000,2444425.0000,,Tencent_raw
2025-11-06,600340.SH,2.2000,2.2200,2.1400,2.1600,1458249.0000,,Tencent_raw
2025-11-07,600340.SH,2.1500,2.1800,2.1400,2.1700,939037.0000,,Tencent_raw
2025-11-10,600340.SH,2.1600,2.2400,2.1500,2.2300,1465904.0000,,Tencent_raw
2025-11-11,600340.SH,2.2200,2.3300,2.2100,2.2800,2157053.0000,,Tencent_raw
2025-11-12,600340.SH,2.2700,2.3300,2.2300,2.2600,1594627.0000,,Tencent_raw
2025-11-13,600340.SH,2.2400,2.4900,2.2100,2.4900,3279926.0000,,Tencent_raw
2025-11-14,600340.SH,2.7400,2.7400,2.7400,2.7400,592460.0000,,Tencent_raw
2025-11-17,600340.SH,3.0100,3.0100,3.0100,3.0100,625320.0000,,Tencent_raw
2025-11-18,600340.SH,3.1600,3.3100,2.7200,3.3100,11246978.0000,,Tencent_raw
2025-11-19,600340.SH,3.1100,3.6400,3.0100,3.4400,11240370.0000,,Tencent_raw
2025-11-20,600340.SH,3.4000,3.5700,3.1000,3.1300,8687117.0000,,Tencent_raw
2025-11-21,600340.SH,2.8300,2.9700,2.8200,2.8200,3440006.0000,,Tencent_raw
2025-11-24,600340.SH,2.5400,2.6400,2.5400,2.5400,1722049.0000,,Tencent_raw
2025-11-25,600340.SH,2.3000,2.6800,2.3000,2.5000,6346503.0000,,Tencent_raw
2025-11-26,600340.SH,2.4300,2.5000,2.3600,2.3900,5082917.0000,,Tencent_raw
2025-11-27,600340.SH,2.3400,2.4800,2.2800,2.4400,4892788.0000,,Tencent_raw
2025-11-28,600340.SH,2.3800,2.4200,2.3300,2.4000,3417228.0000,,Tencent_raw
2025-12-01,600340.SH,2.3800,2.4400,2.3500,2.3600,3027150.0000,,Tencent_raw
2025-12-02,600340.SH,2.3800,2.6000,2.3600,2.6000,4236590.0000,,Tencent_raw
2025-12-03,600340.SH,2.6800,2.8100,2.6200,2.6800,6934389.0000,,Tencent_raw
2025-12-04,600340.SH,2.6900,2.7600,2.4800,2.5000,4251130.0000,,Tencent_raw
2025-12-05,600340.SH,2.5000,2.6300,2.4600,2.5700,3573985.0000,,Tencent_raw
2025-12-08,600340.SH,2.5700,2.6100,2.5200,2.5300,2881381.0000,,Tencent_raw
2025-12-09,600340.SH,2.5100,2.5300,2.4100,2.4200,2597894.0000,,Tencent_raw
2025-12-10,600340.SH,2.4100,2.6600,2.3800,2.6600,5250401.0000,,Tencent_raw
2025-12-11,600340.SH,2.6500,2.6800,2.4400,2.4600,4688542.0000,,Tencent_raw
2025-12-12,600340.SH,2.4500,2.5200,2.4100,2.4200,2959826.0000,,Tencent_raw
2025-12-15,600340.SH,2.3000,2.3700,2.2900,2.3200,2428958.0000,,Tencent_raw
2025-12-16,600340.SH,2.3300,2.5000,2.2700,2.3800,4102791.0000,,Tencent_raw
2025-12-17,600340.SH,2.3000,2.3300,2.2600,2.3000,2311347.0000,,Tencent_raw
2025-12-18,600340.SH,2.2800,2.3400,2.2600,2.2800,1750768.0000,,Tencent_raw
2025-12-19,600340.SH,2.2600,2.3200,2.2300,2.3100,2430080.0000,,Tencent_raw
2025-12-22,600340.SH,2.2900,2.3500,2.2700,2.3400,1921619.0000,,Tencent_raw
2025-12-23,600340.SH,2.3200,2.3400,2.2700,2.2800,1603898.0000,,Tencent_raw
2025-12-24,600340.SH,2.2800,2.3000,2.2700,2.2800,1179561.0000,,Tencent_raw
2025-12-25,600340.SH,2.2900,2.3200,2.2800,2.2900,1461142.0000,,Tencent_raw
2025-12-26,600340.SH,2.2800,2.3000,2.2600,2.2700,1660151.0000,,Tencent_raw
2025-12-29,600340.SH,2.2600,2.3100,2.2100,2.2200,2003108.0000,,Tencent_raw
2025-12-30,600340.SH,2.2000,2.2100,2.1600,2.1600,1615440.0000,,Tencent_raw
2025-12-31,600340.SH,2.1800,2.2000,2.1300,2.1900,1494673.0000,,Tencent_raw
2026-01-05,600340.SH,2.1800,2.2300,2.1700,2.2000,1354557.0000,,Tencent_raw
2026-01-06,600340.SH,2.2000,2.2400,2.1800,2.2300,1707067.0000,,Tencent_raw
2026-01-07,600340.SH,2.2400,2.3400,2.2200,2.2600,2538050.0000,,Tencent_raw
2026-01-08,600340.SH,2.2300,2.3300,2.2200,2.2900,2170301.0000,,Tencent_raw
2026-01-09,600340.SH,2.2200,2.2800,2.2200,2.2500,2146914.0000,,Tencent_raw
2026-01-12,600340.SH,2.2800,2.3000,2.2300,2.2400,2036389.0000,,Tencent_raw
2026-01-13,600340.SH,2.2500,2.2600,2.1800,2.1800,2063737.0000,,Tencent_raw
2026-01-14,600340.SH,1.9600,1.9600,1.9600,1.9600,1005653.0000,,Tencent_raw
2026-01-15,600340.SH,1.7600,1.7600,1.7600,1.7600,283264.0000,,Tencent_raw
2026-01-16,600340.SH,1.5800,1.5800,1.5800,1.5800,286873.0000,,Tencent_raw
2026-01-19,600340.SH,1.4200,1.7400,1.4200,1.7200,6946757.0000,,Tencent_raw
2026-01-20,600340.SH,1.5600,1.6300,1.5500,1.5500,3534872.0000,,Tencent_raw
2026-01-21,600340.SH,1.5500,1.6400,1.5500,1.5700,2440763.0000,,Tencent_raw
2026-01-22,600340.SH,1.5700,1.6300,1.5100,1.6100,2485862.0000,,Tencent_raw
2026-01-23,600340.SH,1.6600,1.7700,1.6600,1.7700,2700603.0000,,Tencent_raw
2026-01-26,600340.SH,1.8500,1.9100,1.7600,1.7700,4532288.0000,,Tencent_raw
2026-01-27,600340.SH,1.7900,1.8100,1.6500,1.7100,2515893.0000,,Tencent_raw
2026-01-28,600340.SH,1.6900,1.7100,1.6300,1.6300,1844698.0000,,Tencent_raw
2026-01-29,600340.SH,1.6400,1.7000,1.6100,1.6500,2167613.0000,,Tencent_raw
2026-01-30,600340.SH,1.6500,1.6500,1.5500,1.5600,1926692.0000,,Tencent_raw
2026-02-02,600340.SH,1.5800,1.6100,1.5300,1.5300,1306834.0000,,Tencent_raw
2026-02-03,600340.SH,1.6000,1.6800,1.6000,1.6300,3575552.0000,,Tencent_raw
2026-02-04,600340.SH,1.5800,1.6900,1.5300,1.6800,3036395.0000,,Tencent_raw
2026-02-05,600340.SH,1.6400,1.7000,1.6200,1.6600,1893202.0000,,Tencent_raw
2026-02-06,600340.SH,1.6800,1.7100,1.6300,1.6800,1615115.0000,,Tencent_raw
2026-02-09,600340.SH,1.6900,1.7400,1.6800,1.7300,2025314.0000,,Tencent_raw
2026-02-10,600340.SH,1.7500,1.7500,1.6800,1.6800,1284407.0000,,Tencent_raw
2026-02-11,600340.SH,1.7000,1.7200,1.6600,1.6600,1049157.0000,,Tencent_raw
2026-02-12,600340.SH,1.6600,1.6800,1.6100,1.6100,1237367.0000,,Tencent_raw
2026-02-13,600340.SH,1.6300,1.6400,1.6100,1.6200,968689.0000,,Tencent_raw
2026-02-24,600340.SH,1.6300,1.6800,1.6200,1.6700,1200864.0000,,Tencent_raw
2026-02-25,600340.SH,1.6700,1.7900,1.6700,1.7500,1711060.0000,,Tencent_raw
2026-02-26,600340.SH,1.7500,1.7700,1.6600,1.6700,1641106.0000,,Tencent_raw
2026-02-27,600340.SH,1.6600,1.7000,1.6400,1.7000,1385309.0000,,Tencent_raw
2026-03-02,600340.SH,1.7200,1.7200,1.6100,1.6200,1880553.0000,,Tencent_raw
2026-03-03,600340.SH,1.6000,1.6200,1.5400,1.5400,1560707.0000,,Tencent_raw
2026-03-04,600340.SH,1.5100,1.5600,1.4900,1.5500,885650.0000,,Tencent_raw
2026-03-05,600340.SH,1.5600,1.5800,1.5400,1.5700,830254.0000,,Tencent_raw
2026-03-06,600340.SH,1.5600,1.6100,1.5400,1.6000,990909.0000,,Tencent_raw
2026-03-09,600340.SH,1.5800,1.5900,1.5500,1.5800,819664.0000,,Tencent_raw
2026-03-10,600340.SH,1.5800,1.6000,1.5700,1.5800,581552.0000,,Tencent_raw
2026-03-11,600340.SH,1.5700,1.5800,1.5500,1.5700,656094.0000,,Tencent_raw
2026-03-12,600340.SH,1.5600,1.5800,1.5400,1.5500,752410.0000,,Tencent_raw
2026-03-13,600340.SH,1.5400,1.5800,1.5400,1.5500,865743.0000,,Tencent_raw
2026-03-16,600340.SH,1.5500,1.5800,1.5400,1.5700,785521.0000,,Tencent_raw
2026-03-17,600340.SH,1.5700,1.7300,1.5600,1.6600,4013041.0000,,Tencent_raw
2026-03-18,600340.SH,1.6100,1.6200,1.5500,1.5700,2445577.0000,,Tencent_raw
2026-03-19,600340.SH,1.5600,1.5600,1.5100,1.5100,1473506.0000,,Tencent_raw
2026-03-20,600340.SH,1.5000,1.5200,1.4500,1.4600,1317535.0000,,Tencent_raw
2026-03-23,600340.SH,1.4300,1.4400,1.4000,1.4200,1251121.0000,,Tencent_raw
2026-03-24,600340.SH,1.4500,1.4500,1.3700,1.4500,1264564.0000,,Tencent_raw
2026-03-25,600340.SH,1.4400,1.4800,1.4300,1.4700,971327.0000,,Tencent_raw
2026-03-26,600340.SH,1.4600,1.4800,1.4200,1.4300,753230.0000,,Tencent_raw
2026-03-27,600340.SH,1.4000,1.4400,1.4000,1.4400,535390.0000,,Tencent_raw
2026-03-30,600340.SH,1.4100,1.4300,1.3900,1.4100,921362.0000,,Tencent_raw
2026-03-31,600340.SH,1.4000,1.4300,1.3800,1.3900,840869.0000,,Tencent_raw
2026-04-01,600340.SH,1.4100,1.4200,1.3800,1.3900,801987.0000,,Tencent_raw
2026-04-02,600340.SH,1.3900,1.3900,1.3100,1.3200,1329888.0000,,Tencent_raw
2026-04-03,600340.SH,1.3100,1.4500,1.2500,1.3900,2166040.0000,,Tencent_raw
2026-04-07,600340.SH,1.3500,1.3600,1.3000,1.3200,1255563.0000,,Tencent_raw
2026-04-08,600340.SH,1.3400,1.3800,1.3300,1.3700,1337583.0000,,Tencent_raw
2026-04-09,600340.SH,1.3600,1.3900,1.3200,1.3300,1267929.0000,,Tencent_raw
2026-04-10,600340.SH,1.3400,1.3600,1.3200,1.3300,900390.0000,,Tencent_raw
2026-04-13,600340.SH,1.3200,1.3500,1.3100,1.3400,936629.0000,,Tencent_raw
2026-04-14,600340.SH,1.3400,1.4300,1.3400,1.3700,1756010.0000,,Tencent_raw
2026-04-15,600340.SH,1.3800,1.5100,1.3700,1.4000,2682405.0000,,Tencent_raw
2026-04-16,600340.SH,1.3800,1.3900,1.3300,1.3700,1512785.0000,,Tencent_raw
2026-04-17,600340.SH,1.3500,1.3600,1.3300,1.3400,923064.0000,,Tencent_raw
2026-04-20,600340.SH,1.3400,1.3500,1.3100,1.3500,902766.0000,,Tencent_raw
2026-04-21,600340.SH,1.3400,1.3500,1.3200,1.3200,722755.0000,,Tencent_raw
2026-04-22,600340.SH,1.3100,1.3200,1.2700,1.2800,1031851.0000,,Tencent_raw
2026-04-23,600340.SH,1.2800,1.3200,1.2500,1.3000,1154055.0000,,Tencent_raw
2026-04-24,600340.SH,1.2800,1.2900,1.2600,1.2600,562297.0000,,Tencent_raw
2026-04-27,600340.SH,1.2500,1.2600,1.2100,1.2400,951211.0000,,Tencent_raw
2026-04-28,600340.SH,1.2200,1.3000,1.2200,1.2400,975009.0000,,Tencent_raw
2026-04-29,600340.SH,1.2300,1.3000,1.2200,1.2800,1508579.0000,,Tencent_raw
2026-05-06,600340.SH,1.2200,1.2200,1.2200,1.2200,87493.0000,,Tencent_raw
2026-05-07,600340.SH,1.1600,1.1600,1.1600,1.1600,82947.0000,,Tencent_raw
2026-05-08,600340.SH,1.1000,1.1000,1.1000,1.1000,1050765.0000,,Tencent_raw
2026-05-11,600340.SH,1.1100,1.1600,1.1000,1.1100,2355869.0000,,Tencent_raw
2026-05-12,600340.SH,1.1000,1.1500,1.0700,1.1500,1832135.0000,,Tencent_raw
2026-05-13,600340.SH,1.1800,1.1900,1.1300,1.1600,1435118.0000,,Tencent_raw
2026-05-14,600340.SH,1.1400,1.1500,1.1000,1.1000,1272022.0000,,Tencent_raw
2026-05-15,600340.SH,1.0900,1.1100,1.0600,1.0900,1003419.0000,,Tencent_raw
2026-05-18,600340.SH,1.0700,1.0800,1.0400,1.0600,1114304.0000,,Tencent_raw
2026-05-19,600340.SH,1.1000,1.1100,1.0900,1.1100,485875.0000,,Tencent_raw
2026-05-20,600340.SH,1.1300,1.1700,1.1100,1.1500,1615309.0000,,Tencent_raw
2026-05-21,600340.SH,1.1300,1.1400,1.0900,1.1000,986632.0000,,Tencent_raw
2026-05-22,600340.SH,1.0800,1.1500,1.0800,1.1400,767434.0000,,Tencent_raw
2026-05-25,600340.SH,1.1400,1.1900,1.1300,1.1600,1026889.0000,,Tencent_raw
2026-05-26,600340.SH,1.1500,1.1800,1.1400,1.1600,695946.0000,,Tencent_raw
2026-05-27,600340.SH,1.1500,1.2200,1.1500,1.2200,1449726.0000,,Tencent_raw
2026-05-28,600340.SH,1.2200,1.2800,1.2000,1.2800,1404795.0000,,Tencent_raw
2026-05-29,600340.SH,1.3300,1.3400,1.2600,1.2800,1613330.0000,,Tencent_raw
2026-06-01,600340.SH,1.3000,1.3300,1.2500,1.2600,1390411.0000,,Tencent_raw
2026-06-02,600340.SH,1.2400,1.2700,1.2000,1.2700,1077073.0000,,Tencent_raw
2026-06-03,600340.SH,1.2600,1.2800,1.2100,1.2200,892418.0000,,Tencent_raw
2026-06-04,600340.SH,1.2100,1.2800,1.2000,1.2500,1098170.0000,,Tencent_raw
2026-06-05,600340.SH,1.2300,1.2700,1.2100,1.2400,826132.0000,,Tencent_raw
2026-06-08,600340.SH,1.2200,1.3000,1.2000,1.2900,1139660.0000,,Tencent_raw
2026-06-09,600340.SH,1.2900,1.3500,1.2800,1.3500,1276262.0000,,Tencent_raw
2026-06-10,600340.SH,1.3700,1.3700,1.3000,1.3600,1298485.0000,,Tencent_raw
2026-06-11,600340.SH,1.4300,1.4300,1.2900,1.2900,1789937.0000,,Tencent_raw
2026-06-12,600340.SH,1.2400,1.3400,1.2400,1.3300,1105474.0000,,Tencent_raw
2026-06-15,600340.SH,1.2900,1.3700,1.2900,1.3400,855801.0000,,Tencent_raw
2026-06-16,600340.SH,1.3500,1.3600,1.3100,1.3300,618973.0000,,Tencent_raw
2026-06-17,600340.SH,1.3200,1.3400,1.2800,1.2800,674634.0000,,Tencent_raw
2026-06-18,600340.SH,1.3000,1.3100,1.2800,1.2900,479555.0000,,Tencent_raw
2026-06-22,600340.SH,1.2900,1.2900,1.2400,1.2600,540541.0000,,Tencent_raw
2026-06-23,600340.SH,1.2500,1.3000,1.2400,1.2700,427632.0000,,Tencent_raw
2026-06-24,600340.SH,1.2500,1.2800,1.2100,1.2200,494180.0000,,Tencent_raw
2026-06-25,600340.SH,1.2200,1.2200,1.1600,1.1600,585411.0000,,Tencent_raw
2026-06-26,600340.SH,1.1400,1.1900,1.1300,1.1700,492794.0000,,Tencent_raw
2026-06-29,600340.SH,1.1600,1.2000,1.1300,1.1500,530657.0000,,Tencent_raw
2026-06-30,600340.SH,1.1200,1.1400,1.1000,1.1200,577392.0000,,Tencent_raw
2026-07-01,600340.SH,1.1100,1.1700,1.1100,1.1600,581144.0000,,Tencent_raw
2026-07-02,600340.SH,1.1500,1.2200,1.1400,1.2100,661563.0000,,Tencent_raw
2026-07-03,600340.SH,1.2100,1.2400,1.1800,1.2200,641970.0000,,Tencent_raw
2026-07-06,600340.SH,1.2200,1.2600,1.1900,1.2200,508700.0000,,Tencent_raw
2026-07-07,600340.SH,1.2100,1.2100,1.1400,1.1500,535018.0000,,Tencent_raw
2026-07-08,600340.SH,1.1300,1.1900,1.1300,1.1800,351954.0000,,Tencent_raw
2026-07-09,600340.SH,1.1700,1.2000,1.1400,1.1600,456075.0000,,Tencent_raw
2026-07-10,600340.SH,1.1600,1.1700,1.1300,1.1600,465303.0000,,Tencent_raw
2026-07-13,600340.SH,1.1300,1.1500,1.1100,1.1200,475029.0000,,Tencent_raw
2026-07-14,600340.SH,1.1100,1.1400,1.1000,1.1200,349523.0000,,Tencent_raw
2026-07-15,600340.SH,1.1200,1.1400,1.1100,1.1300,306158.0000,,Tencent_raw
2026-07-16,600340.SH,1.1100,1.1700,1.1000,1.1300,535023.0000,,Tencent_raw
2026-07-17,600340.SH,1.1300,1.1400,1.1000,1.1100,477272.0000,,Tencent_raw
2026-07-20,600340.SH,1.1100,1.1200,1.0800,1.0900,428091.0000,,Tencent_raw
2026-07-21,600340.SH,1.0900,1.0900,1.0400,1.0600,554663.0000,,Tencent_raw
2026-07-22,600340.SH,1.0500,1.0700,1.0500,1.0600,273306.0000,,Tencent_raw
2026-07-23,600340.SH,1.0500,1.0600,1.0300,1.0600,392635.0000,,Tencent_raw
2026-07-24,600340.SH,1.0500,1.0600,1.0300,1.0400,302643.0000,,Tencent_raw
2026-07-27,600340.SH,1.0300,1.0600,1.0200,1.0600,445216.0000,,Tencent_raw
2026-07-28,600340.SH,1.0400,1.0600,1.0400,1.0400,310810.0000,,Tencent_raw
2026-07-29,600340.SH,1.0300,1.0600,1.0300,1.0500,478367.0000,,Tencent_raw
2026-07-30,600340.SH,1.0400,1.0600,1.0400,1.0400,414571.0000,,Tencent_raw
2026-07-31,600340.SH,1.0400,1.0800,1.0400,1.0600,536250.0000,,Tencent_raw
2026-08-03,600340.SH,1.0500,1.0600,1.0400,1.0600,447870.0000,,Tencent_raw
2026-08-04,600340.SH,1.0600,1.1600,1.0500,1.1400,1076246.0000,,Tencent_raw
2026-08-05,600340.SH,1.1000,1.1200,1.0900,1.1000,745382.0000,,Tencent_raw
2026-08-06,600340.SH,1.1000,1.1100,1.0800,1.1000,440218.0000,,Tencent_raw
2026-08-07,600340.SH,1.1000,1.1000,1.0800,1.0800,355598.0000,,Tencent_raw
2026-08-10,600340.SH,1.0800,1.1400,1.0700,1.1100,672850.0000,,Tencent_raw
2026-08-11,600340.SH,1.1000,1.1100,1.0800,1.0900,488396.0000,,Tencent_raw
2026-08-12,600340.SH,1.1000,1.1500,1.0900,1.1300,784051.0000,,Tencent_raw
2026-08-13,600340.SH,1.1200,1.1300,1.1000,1.1000,519382.0000,,Tencent_raw
2026-08-14,600340.SH,1.1000,1.1100,1.0900,1.1000,352528.0000,,Tencent_raw
2026-08-17,600340.SH,1.1000,1.1100,1.0900,1.0900,257374.0000,,Tencent_raw
2026-08-18,600340.SH,1.0900,1.1100,1.0900,1.1000,293335.0000,,Tencent_raw
2026-08-19,600340.SH,1.1000,1.1100,1.0800,1.0800,388793.0000,,Tencent_raw
2026-08-20,600340.SH,1.0800,1.1000,1.0800,1.0900,381963.0000,,Tencent_raw
2026-08-21,600340.SH,1.0800,1.1000,1.0800,1.0900,271073.0000,,Tencent_raw
2026-08-24,600340.SH,1.0900,1.1000,1.0800,1.0900,228195.0000,,Tencent_raw
2026-08-25,600340.SH,1.0800,1.0900,1.0700,1.0900,232640.0000,,Tencent_raw
2026-08-26,600340.SH,1.0900,1.1300,1.0800,1.1000,538052.0000,,Tencent_raw
2026-08-27,600340.SH,1.0900,1.1100,1.0900,1.0900,333770.0000,,Tencent_raw
2026-08-28,600340.SH,1.0900,1.1000,1.0800,1.0900,390952.0000,,Tencent_raw
2026-08-31,600340.SH,1.1300,1.1600,1.0900,1.1000,767249.0000,,Tencent_raw
2026-09-01,600340.SH,1.0900,1.1100,1.0800,1.1000,486321.0000,,Tencent_raw
2026-09-02,600340.SH,1.0900,1.1000,1.0800,1.0800,414725.0000,,Tencent_raw
2026-09-03,600340.SH,1.0800,1.0900,1.0700,1.0700,243577.0000,,Tencent_raw
2026-09-04,600340.SH,1.0700,1.0900,1.0700,1.0800,296621.0000,,Tencent_raw
2026-09-07,600340.SH,1.0800,1.0800,1.0700,1.0800,224026.0000,,Tencent_raw
2026-09-08,600340.SH,1.0800,1.1000,1.0700,1.0800,516974.0000,,Tencent_raw
2026-09-09,600340.SH,1.0800,1.0900,1.0700,1.0800,380168.0000,,Tencent_raw
2026-09-10,600340.SH,1.0800,1.0900,1.0700,1.0800,304598.0000,,Tencent_raw
2026-09-11,600340.SH,1.0700,1.0800,1.0600,1.0700,375601.0000,,Tencent_raw
2026-09-14,600340.SH,1.0600,1.0800,1.0600,1.0700,206663.0000,,Tencent_raw
2026-09-15,600340.SH,1.0700,1.0800,1.0600,1.0600,204639.0000,,Tencent_raw
2026-09-16,600340.SH,1.0600,1.0800,1.0500,1.0700,388141.0000,,Tencent_raw
2026-09-17,600340.SH,1.0700,1.0800,1.0600,1.0700,270927.0000,,Tencent_raw
2026-09-18,600340.SH,1.0700,1.1200,1.0700,1.1100,810117.0000,,Tencent_raw
2026-09-21,600340.SH,1.0900,1.1400,1.0800,1.1200,951544.0000,,Tencent_raw
2026-09-22,600340.SH,1.1100,1.1400,1.1000,1.1200,584377.0000,,Tencent_raw
2026-09-23,600340.SH,1.1200,1.2300,1.1200,1.1500,1613310.0000,,Tencent_raw
2026-09-24,600340.SH,1.1300,1.1800,1.1200,1.1700,914302.0000,,Tencent_raw
2026-09-28,600340.SH,1.1800,1.2900,1.1800,1.2900,1851706.0000,,Tencent_raw
2025-09-01,600491.SH,3.4800,3.5800,3.4500,3.4900,389281.0000,,Tencent_raw
2025-09-02,600491.SH,3.4800,3.4900,3.4100,3.4400,274962.0000,,Tencent_raw
2025-09-03,600491.SH,3.4400,3.4500,3.3400,3.3400,275806.0000,,Tencent_raw
2025-09-04,600491.SH,3.3500,3.3900,3.3300,3.3700,292546.0000,,Tencent_raw
2025-09-05,600491.SH,3.3700,3.3800,3.3200,3.3700,242065.0000,,Tencent_raw
2025-09-08,600491.SH,3.3800,3.4600,3.3700,3.4200,290074.0000,,Tencent_raw
2025-09-09,600491.SH,3.4200,3.4500,3.3800,3.4300,214691.0000,,Tencent_raw
2025-09-10,600491.SH,3.4300,3.4400,3.3900,3.4100,176207.0000,,Tencent_raw
2025-09-11,600491.SH,3.4100,3.6900,3.3900,3.6600,868563.0000,,Tencent_raw
2025-09-12,600491.SH,3.6600,3.7900,3.5900,3.7300,825978.0000,,Tencent_raw
2025-09-15,600491.SH,3.7300,3.7300,3.6000,3.6900,432929.0000,,Tencent_raw
2025-09-16,600491.SH,3.6800,3.8900,3.6800,3.7500,469482.0000,,Tencent_raw
2025-09-17,600491.SH,3.7500,3.7800,3.7000,3.7400,308281.0000,,Tencent_raw
2025-09-18,600491.SH,3.7400,3.7900,3.6500,3.6900,453479.0000,,Tencent_raw
2025-09-19,600491.SH,3.6800,3.6900,3.5600,3.6500,342410.0000,,Tencent_raw
2025-09-22,600491.SH,3.6400,3.6400,3.5000,3.5100,281598.0000,,Tencent_raw
2025-09-23,600491.SH,3.5300,3.5400,3.3800,3.4400,331241.0000,,Tencent_raw
2025-09-24,600491.SH,3.4300,3.5000,3.4100,3.5000,262374.0000,,Tencent_raw
2025-09-25,600491.SH,3.5200,3.7800,3.5000,3.5900,742922.0000,,Tencent_raw
2025-09-26,600491.SH,3.5600,3.6000,3.5000,3.5000,313125.0000,,Tencent_raw
2025-09-29,600491.SH,3.5300,3.5600,3.4300,3.4600,218337.0000,,Tencent_raw
2025-09-30,600491.SH,3.4600,3.4900,3.4300,3.4600,238653.0000,,Tencent_raw
2025-10-09,600491.SH,3.4700,3.5200,3.4400,3.4900,327052.0000,,Tencent_raw
2025-10-10,600491.SH,3.4700,3.5200,3.4600,3.5100,265175.0000,,Tencent_raw
2025-10-13,600491.SH,3.4200,3.4400,3.3800,3.4300,333103.0000,,Tencent_raw
2025-10-14,600491.SH,3.4400,3.5200,3.4400,3.4500,380893.0000,,Tencent_raw
2025-10-15,600491.SH,3.4400,3.5000,3.4400,3.4900,191532.0000,,Tencent_raw
2025-10-16,600491.SH,3.4800,3.4800,3.4200,3.4400,209560.0000,,Tencent_raw
2025-10-17,600491.SH,3.4400,3.4700,3.3800,3.3900,219790.0000,,Tencent_raw
2025-10-20,600491.SH,3.4100,3.4400,3.4000,3.4300,160482.0000,,Tencent_raw
2025-10-21,600491.SH,3.4300,3.6600,3.4200,3.6200,687543.0000,,Tencent_raw
2025-10-22,600491.SH,3.6200,3.6400,3.5700,3.6200,301392.0000,,Tencent_raw
2025-10-23,600491.SH,3.6200,3.6200,3.5400,3.6000,198670.0000,,Tencent_raw
2025-10-24,600491.SH,3.6100,3.7400,3.5600,3.6200,426541.0000,,Tencent_raw
2025-10-27,600491.SH,3.6100,3.6400,3.5400,3.5500,349787.0000,,Tencent_raw
2025-10-28,600491.SH,3.5700,3.5800,3.4800,3.4900,263867.0000,,Tencent_raw
2025-10-29,600491.SH,3.5000,3.5000,3.4200,3.4600,251769.0000,,Tencent_raw
2025-10-30,600491.SH,3.4100,3.4500,3.3200,3.3300,559973.0000,,Tencent_raw
2025-10-31,600491.SH,3.3300,3.3500,3.3200,3.3300,226954.0000,,Tencent_raw
2025-11-03,600491.SH,3.3300,3.3600,3.3300,3.3600,163064.0000,,Tencent_raw
2025-11-04,600491.SH,3.3600,3.3700,3.3200,3.3400,149481.0000,,Tencent_raw
2025-11-05,600491.SH,3.3200,3.3900,3.3100,3.3800,203618.0000,,Tencent_raw
2025-11-06,600491.SH,3.3800,3.3900,3.3500,3.3600,154650.0000,,Tencent_raw
2025-11-07,600491.SH,3.3600,3.3700,3.3500,3.3600,115576.0000,,Tencent_raw
2025-11-10,600491.SH,3.3700,3.3800,3.3400,3.3700,157690.0000,,Tencent_raw
2025-11-11,600491.SH,3.3700,3.3800,3.3500,3.3600,204175.0000,,Tencent_raw
2025-11-12,600491.SH,3.3600,3.3700,3.3300,3.3400,139328.0000,,Tencent_raw
2025-11-13,600491.SH,3.3400,3.3500,3.3200,3.3400,116911.0000,,Tencent_raw
2025-11-14,600491.SH,3.3500,3.3800,3.3400,3.3600,260707.0000,,Tencent_raw
2025-11-17,600491.SH,3.3600,3.3700,3.3300,3.3400,162440.0000,,Tencent_raw
2025-11-18,600491.SH,3.3400,3.3400,3.2600,3.2700,260384.0000,,Tencent_raw
2025-11-19,600491.SH,3.2700,3.2700,3.2000,3.2100,186069.0000,,Tencent_raw
2025-11-20,600491.SH,3.2100,3.2200,3.1500,3.1900,153497.0000,,Tencent_raw
2025-11-21,600491.SH,3.1700,3.1800,3.0500,3.0600,201251.0000,,Tencent_raw
2025-11-24,600491.SH,3.0600,3.1000,3.0500,3.0900,112346.0000,,Tencent_raw
2025-11-25,600491.SH,3.0800,3.1200,3.0800,3.0900,81430.0000,,Tencent_raw
2025-11-26,600491.SH,3.1000,3.1200,3.0700,3.0800,113896.0000,,Tencent_raw
2025-11-27,600491.SH,3.0800,3.0900,3.0100,3.0400,140713.0000,,Tencent_raw
2025-11-28,600491.SH,3.1100,3.1100,3.0500,3.1000,126961.0000,,Tencent_raw
2025-12-01,600491.SH,3.0900,3.1000,3.0700,3.0800,112535.0000,,Tencent_raw
2025-12-02,600491.SH,3.0900,3.0900,3.0500,3.0600,88170.0000,,Tencent_raw
2025-12-03,600491.SH,3.0500,3.0700,3.0300,3.0300,92406.0000,,Tencent_raw
2025-12-04,600491.SH,3.0400,3.0500,3.0100,3.0100,100010.0000,,Tencent_raw
2025-12-05,600491.SH,3.0000,3.0300,2.9600,3.0200,153150.0000,,Tencent_raw
2025-12-08,600491.SH,3.0200,3.0400,3.0000,3.0100,118183.0000,,Tencent_raw
2025-12-09,600491.SH,2.9900,3.0000,2.9600,2.9600,114210.0000,,Tencent_raw
2025-12-10,600491.SH,2.9600,3.0300,2.9400,3.0200,144922.0000,,Tencent_raw
2025-12-11,600491.SH,3.0200,3.0200,2.8800,2.9000,188374.0000,,Tencent_raw
2025-12-12,600491.SH,2.8900,2.9000,2.8100,2.8200,176122.0000,,Tencent_raw
2025-12-15,600491.SH,2.8000,2.8400,2.7800,2.8100,139856.0000,,Tencent_raw
2025-12-16,600491.SH,2.8100,2.8200,2.7500,2.7500,127800.0000,,Tencent_raw
2025-12-17,600491.SH,2.7600,2.8500,2.7500,2.8100,165818.0000,,Tencent_raw
2025-12-18,600491.SH,2.8000,2.8200,2.7900,2.7900,131961.0000,,Tencent_raw
2025-12-19,600491.SH,2.8000,2.8500,2.7900,2.8300,190560.0000,,Tencent_raw
2025-12-22,600491.SH,2.8300,2.8400,2.8000,2.8000,172604.0000,,Tencent_raw
2025-12-23,600491.SH,2.8100,2.8100,2.6800,2.7000,275370.0000,,Tencent_raw
2025-12-24,600491.SH,2.6800,2.7000,2.6500,2.6900,177662.0000,,Tencent_raw
2025-12-25,600491.SH,2.6900,2.7400,2.6600,2.7300,164541.0000,,Tencent_raw
2025-12-26,600491.SH,2.7200,2.7400,2.6900,2.7000,173988.0000,,Tencent_raw
2025-12-29,600491.SH,2.7000,2.7000,2.6400,2.6500,180494.0000,,Tencent_raw
2025-12-30,600491.SH,2.6400,2.6900,2.6200,2.6400,142511.0000,,Tencent_raw
2025-12-31,600491.SH,2.6400,2.6700,2.6000,2.6400,137695.0000,,Tencent_raw
2026-01-05,600491.SH,2.6500,2.9000,2.6500,2.9000,519333.0000,,Tencent_raw
2026-01-06,600491.SH,2.9000,3.0000,2.8800,2.9400,568097.0000,,Tencent_raw
2026-01-07,600491.SH,2.9400,2.9700,2.9000,2.9300,270077.0000,,Tencent_raw
2026-01-08,600491.SH,2.9400,2.9400,2.8800,2.9000,233563.0000,,Tencent_raw
2026-01-09,600491.SH,2.9000,3.1700,2.8600,3.1000,690667.0000,,Tencent_raw
2026-01-12,600491.SH,3.0500,3.1600,3.0200,3.0900,463073.0000,,Tencent_raw
2026-01-13,600491.SH,3.0900,3.1200,3.0100,3.0300,329621.0000,,Tencent_raw
2026-01-14,600491.SH,3.0200,3.1000,2.9800,3.0100,258837.0000,,Tencent_raw
2026-01-15,600491.SH,3.0200,3.1000,2.9900,3.0500,235183.0000,,Tencent_raw
2026-01-16,600491.SH,3.0200,3.0300,2.9200,2.9200,292535.0000,,Tencent_raw
2026-01-19,600491.SH,2.9100,2.9200,2.8800,2.9100,215741.0000,,Tencent_raw
2026-01-20,600491.SH,2.9300,3.1600,2.9300,3.0700,459376.0000,,Tencent_raw
2026-01-21,600491.SH,3.0500,3.0800,2.9800,2.9900,269011.0000,,Tencent_raw
2026-01-22,600491.SH,3.0300,3.0600,2.9800,3.0300,163070.0000,,Tencent_raw
2026-01-23,600491.SH,3.0300,3.0600,3.0100,3.0600,174015.0000,,Tencent_raw
2026-01-26,600491.SH,3.0600,3.0700,2.9400,2.9800,303830.0000,,Tencent_raw
2026-01-27,600491.SH,2.9800,3.0400,2.9600,2.9900,222569.0000,,Tencent_raw
2026-01-28,600491.SH,2.9800,2.9800,2.9200,2.9200,202241.0000,,Tencent_raw
2026-01-29,600491.SH,2.9100,3.0900,2.8900,3.0800,537454.0000,,Tencent_raw
2026-01-30,600491.SH,3.0700,3.2700,3.0400,3.1800,639117.0000,,Tencent_raw
2026-02-02,600491.SH,3.1800,3.2500,3.0800,3.1600,379018.0000,,Tencent_raw
2026-02-03,600491.SH,3.1800,3.2400,3.1300,3.2200,318867.0000,,Tencent_raw
2026-02-04,600491.SH,3.2300,3.3300,3.2200,3.3300,457794.0000,,Tencent_raw
2026-02-05,600491.SH,3.3100,3.3800,3.2300,3.2300,276430.0000,,Tencent_raw
2026-02-06,600491.SH,3.2200,3.2300,3.1400,3.1500,249754.0000,,Tencent_raw
2026-02-09,600491.SH,3.1800,3.2400,3.1400,3.2000,270325.0000,,Tencent_raw
2026-02-10,600491.SH,3.2000,3.2100,3.1200,3.1800,185868.0000,,Tencent_raw
2026-02-11,600491.SH,3.1600,3.2200,3.1400,3.2200,182014.0000,,Tencent_raw
2026-02-12,600491.SH,3.2200,3.3500,3.1700,3.2800,389165.0000,,Tencent_raw
2026-02-13,600491.SH,3.3000,3.3000,3.0400,3.0600,428456.0000,,Tencent_raw
2026-02-24,600491.SH,3.0900,3.1800,3.0900,3.1100,203790.0000,,Tencent_raw
2026-02-25,600491.SH,3.1100,3.1800,3.1100,3.1100,173429.0000,,Tencent_raw
2026-02-26,600491.SH,3.1200,3.3100,3.1000,3.2500,500111.0000,,Tencent_raw
2026-02-27,600491.SH,3.2300,3.2900,3.1900,3.2700,306114.0000,,Tencent_raw
2026-03-02,600491.SH,3.2200,3.3300,3.1700,3.2200,400835.0000,,Tencent_raw
2026-03-03,600491.SH,3.2400,3.2700,3.0700,3.1000,338674.0000,,Tencent_raw
2026-03-04,600491.SH,3.0700,3.1200,3.0200,3.0700,164450.0000,,Tencent_raw
2026-03-05,600491.SH,3.1100,3.2600,3.1000,3.2200,346743.0000,,Tencent_raw
2026-03-06,600491.SH,3.2200,3.2800,3.1900,3.2500,227043.0000,,Tencent_raw
2026-03-09,600491.SH,3.1900,3.3200,3.1700,3.3000,357583.0000,,Tencent_raw
2026-03-10,600491.SH,3.3100,3.3600,3.2800,3.3300,268020.0000,,Tencent_raw
2026-03-11,600491.SH,3.3400,3.3400,3.2800,3.3000,192336.0000,,Tencent_raw
2026-03-12,600491.SH,3.3100,3.3200,3.1800,3.1900,287255.0000,,Tencent_raw
2026-03-13,600491.SH,3.1900,3.2100,3.1000,3.1200,235370.0000,,Tencent_raw
2026-03-16,600491.SH,3.1100,3.1600,3.0800,3.0900,202929.0000,,Tencent_raw
2026-03-17,600491.SH,3.1000,3.2200,3.0800,3.1500,261762.0000,,Tencent_raw
2026-03-18,600491.SH,3.1300,3.1800,3.0600,3.1200,297964.0000,,Tencent_raw
2026-03-19,600491.SH,3.0900,3.1100,3.0100,3.0100,200307.0000,,Tencent_raw
2026-03-20,600491.SH,3.0200,3.0600,2.9100,2.9300,184028.0000,,Tencent_raw
2026-03-23,600491.SH,2.9200,2.9200,2.6700,2.7200,295328.0000,,Tencent_raw
2026-03-24,600491.SH,2.7700,2.8800,2.7400,2.8800,213218.0000,,Tencent_raw
2026-03-25,600491.SH,2.8800,3.0200,2.8700,3.0000,215773.0000,,Tencent_raw
2026-03-26,600491.SH,3.0000,3.0100,2.9000,2.9100,155458.0000,,Tencent_raw
2026-03-27,600491.SH,2.8800,2.9500,2.8700,2.9300,115308.0000,,Tencent_raw
2026-03-30,600491.SH,2.9000,2.9500,2.8400,2.9400,146426.0000,,Tencent_raw
2026-03-31,600491.SH,2.9300,3.1300,2.8700,2.9100,332491.0000,,Tencent_raw
2026-04-01,600491.SH,2.9900,3.0400,2.8400,2.8600,357280.0000,,Tencent_raw
2026-04-02,600491.SH,2.8400,2.8700,2.7700,2.8200,154271.0000,,Tencent_raw
2026-04-03,600491.SH,2.8000,2.8100,2.7300,2.7400,100848.0000,,Tencent_raw
2026-04-07,600491.SH,2.7500,2.9000,2.7100,2.8800,202811.0000,,Tencent_raw
2026-04-08,600491.SH,2.9300,2.9800,2.9200,2.9700,167928.0000,,Tencent_raw
2026-04-09,600491.SH,2.9700,3.0200,2.9200,3.0000,192546.0000,,Tencent_raw
2026-04-10,600491.SH,3.0100,3.0300,2.9500,2.9700,132464.0000,,Tencent_raw
2026-04-13,600491.SH,2.9600,2.9600,2.9000,2.9400,131340.0000,,Tencent_raw
2026-04-14,600491.SH,2.9200,2.9300,2.6500,2.6500,327357.0000,,Tencent_raw
2026-04-15,600491.SH,2.4900,2.5900,2.4000,2.4200,1203916.0000,,Tencent_raw
2026-04-16,600491.SH,2.3600,2.4500,2.3500,2.4200,529935.0000,,Tencent_raw
2026-04-17,600491.SH,2.4100,2.4200,2.2300,2.2600,822962.0000,,Tencent_raw
2026-04-20,600491.SH,2.2300,2.2800,2.1300,2.1600,790651.0000,,Tencent_raw
2026-04-21,600491.SH,2.1700,2.1800,2.0200,2.0700,941919.0000,,Tencent_raw
2026-04-22,600491.SH,2.0600,2.1900,2.0400,2.1000,868550.0000,,Tencent_raw
2026-04-23,600491.SH,2.0500,2.0800,2.0100,2.0100,595769.0000,,Tencent_raw
2026-04-24,600491.SH,2.0100,2.0100,1.9100,1.9300,590555.0000,,Tencent_raw
2026-04-27,600491.SH,1.8900,1.9000,1.7500,1.8500,1099615.0000,,Tencent_raw
2026-04-28,600491.SH,1.8900,2.0200,1.8600,1.9300,1040186.0000,,Tencent_raw
2026-04-29,600491.SH,1.8900,2.0600,1.8800,1.9900,892678.0000,,Tencent_raw
2026-05-06,600491.SH,1.8900,1.8900,1.8900,1.8900,13422.0000,,Tencent_raw
2026-05-07,600491.SH,1.8000,1.8000,1.8000,1.8000,8599.0000,,Tencent_raw
2026-05-08,600491.SH,1.7100,1.7100,1.7100,1.7100,17684.0000,,Tencent_raw
2026-05-11,600491.SH,1.6200,1.6200,1.6200,1.6200,38098.0000,,Tencent_raw
2026-05-12,600491.SH,1.5400,1.6300,1.5400,1.5700,1531788.0000,,Tencent_raw
2026-05-13,600491.SH,1.5300,1.5500,1.4900,1.5400,1536413.0000,,Tencent_raw
2026-05-14,600491.SH,1.5500,1.5700,1.4600,1.4600,930679.0000,,Tencent_raw
2026-05-15,600491.SH,1.4200,1.4200,1.3900,1.3900,647511.0000,,Tencent_raw
2026-05-18,600491.SH,1.3300,1.3500,1.3200,1.3200,763114.0000,,Tencent_raw
2026-05-19,600491.SH,1.3000,1.3900,1.2900,1.3900,680703.0000,,Tencent_raw
2026-05-20,600491.SH,1.3800,1.4100,1.3300,1.3900,699644.0000,,Tencent_raw
2026-05-21,600491.SH,1.3800,1.4100,1.3200,1.3200,580021.0000,,Tencent_raw
2026-05-22,600491.SH,1.2900,1.3400,1.2600,1.3300,485371.0000,,Tencent_raw
2026-05-25,600491.SH,1.3200,1.4000,1.3200,1.3500,553403.0000,,Tencent_raw
2026-05-26,600491.SH,1.3200,1.3300,1.2800,1.2800,482911.0000,,Tencent_raw
2026-05-27,600491.SH,1.2600,1.2800,1.2200,1.2400,574590.0000,,Tencent_raw
2026-05-28,600491.SH,1.2400,1.3000,1.2400,1.3000,588106.0000,,Tencent_raw
2026-05-29,600491.SH,1.3100,1.3700,1.3000,1.3300,777912.0000,,Tencent_raw
2026-06-01,600491.SH,1.3300,1.4000,1.2900,1.4000,665852.0000,,Tencent_raw
2026-06-02,600491.SH,1.4400,1.4500,1.3800,1.4100,720280.0000,,Tencent_raw
2026-06-03,600491.SH,1.4200,1.4300,1.3500,1.3700,553495.0000,,Tencent_raw
2026-06-04,600491.SH,1.3700,1.4400,1.3600,1.4400,625801.0000,,Tencent_raw
2026-06-05,600491.SH,1.4200,1.4300,1.3700,1.3900,611218.0000,,Tencent_raw
2026-06-08,600491.SH,1.3700,1.4000,1.3200,1.3300,363117.0000,,Tencent_raw
2026-06-09,600491.SH,1.3400,1.3700,1.3000,1.3300,305971.0000,,Tencent_raw
2026-06-10,600491.SH,1.3100,1.3200,1.2600,1.2900,354958.0000,,Tencent_raw
2026-06-11,600491.SH,1.2700,1.3000,1.2600,1.2800,199516.0000,,Tencent_raw
2026-06-12,600491.SH,1.2900,1.3200,1.2800,1.3100,250555.0000,,Tencent_raw
2026-06-15,600491.SH,1.3200,1.3500,1.2900,1.3000,251483.0000,,Tencent_raw
2026-06-16,600491.SH,1.2900,1.3300,1.2600,1.3200,332486.0000,,Tencent_raw
2026-06-17,600491.SH,1.3100,1.3200,1.2600,1.2700,288075.0000,,Tencent_raw
2026-06-18,600491.SH,1.2700,1.2700,1.2100,1.2100,460703.0000,,Tencent_raw
2026-06-22,600491.SH,1.1700,1.1800,1.1500,1.1600,515629.0000,,Tencent_raw
2026-06-23,600491.SH,1.1500,1.2100,1.1300,1.1800,417441.0000,,Tencent_raw
2026-06-24,600491.SH,1.1600,1.1700,1.1200,1.1200,386138.0000,,Tencent_raw
2026-06-25,600491.SH,1.0600,1.0700,1.0600,1.0600,210631.0000,,Tencent_raw
2026-06-26,600491.SH,1.0100,1.0500,1.0100,1.0200,1049746.0000,,Tencent_raw
2026-06-29,600491.SH,0.9900,1.0000,0.9700,0.9700,616298.0000,,Tencent_raw
2026-06-30,600491.SH,0.9200,0.9500,0.9200,0.9200,818244.0000,,Tencent_raw
2026-07-01,600491.SH,0.9100,0.9700,0.9100,0.9700,527230.0000,,Tencent_raw
2026-07-02,600491.SH,1.0200,1.0200,1.0200,1.0200,49579.0000,,Tencent_raw
2026-07-10,600491.SH,1.1200,1.1200,1.1200,1.1200,7455.0000,,Tencent_raw
2026-07-13,600491.SH,1.2300,1.2300,1.2300,1.2300,629530.0000,,Tencent_raw
2026-07-14,600491.SH,1.2300,1.3500,1.2000,1.3500,1909029.0000,,Tencent_raw
2026-07-15,600491.SH,1.3000,1.3700,1.2700,1.2900,1303806.0000,,Tencent_raw
2026-07-16,600491.SH,1.3100,1.4200,1.3000,1.4200,1496919.0000,,Tencent_raw
2026-07-17,600491.SH,1.4100,1.4600,1.3200,1.3500,1425686.0000,,Tencent_raw
2026-07-20,600491.SH,1.3100,1.3400,1.2200,1.2300,1196689.0000,,Tencent_raw
2026-07-21,600491.SH,1.2200,1.2600,1.1500,1.2300,1008950.0000,,Tencent_raw
2026-07-22,600491.SH,1.2300,1.2500,1.1900,1.2100,755229.0000,,Tencent_raw
2026-07-23,600491.SH,1.2000,1.2200,1.1800,1.2200,649985.0000,,Tencent_raw
2026-07-24,600491.SH,1.2100,1.3000,1.2000,1.2300,987067.0000,,Tencent_raw
2026-07-27,600491.SH,1.2200,1.2500,1.2100,1.2500,657969.0000,,Tencent_raw
2026-07-28,600491.SH,1.2400,1.2500,1.2200,1.2300,580184.0000,,Tencent_raw
2026-07-29,600491.SH,1.2300,1.2500,1.2200,1.2400,534404.0000,,Tencent_raw
2026-07-30,600491.SH,1.2400,1.2800,1.2300,1.2400,633805.0000,,Tencent_raw
2026-07-31,600491.SH,1.2400,1.2500,1.2300,1.2400,443799.0000,,Tencent_raw
2026-08-03,600491.SH,1.2400,1.2500,1.2300,1.2500,358537.0000,,Tencent_raw
2026-08-04,600491.SH,1.2500,1.2500,1.2300,1.2500,418324.0000,,Tencent_raw
2026-08-05,600491.SH,1.2400,1.2500,1.2300,1.2400,454907.0000,,Tencent_raw
2026-08-06,600491.SH,1.2400,1.2500,1.2300,1.2400,270776.0000,,Tencent_raw
2026-08-07,600491.SH,1.2400,1.2400,1.2300,1.2300,309650.0000,,Tencent_raw
2026-08-10,600491.SH,1.2400,1.2400,1.2300,1.2300,252736.0000,,Tencent_raw
2026-08-11,600491.SH,1.2300,1.2400,1.2300,1.2400,216477.0000,,Tencent_raw
2026-08-12,600491.SH,1.2400,1.3600,1.2300,1.3600,1548045.0000,,Tencent_raw
2026-08-13,600491.SH,1.3200,1.5000,1.2800,1.5000,1799299.0000,,Tencent_raw
2026-08-14,600491.SH,1.4700,1.6400,1.4500,1.4900,1866843.0000,,Tencent_raw
2026-08-17,600491.SH,1.4900,1.6400,1.4800,1.6400,1386088.0000,,Tencent_raw
2026-08-18,600491.SH,1.6200,1.6200,1.5200,1.5400,1289268.0000,,Tencent_raw
2026-08-19,600491.SH,1.5600,1.6400,1.5300,1.5600,1263081.0000,,Tencent_raw
2026-08-20,600491.SH,1.5600,1.7200,1.5000,1.7100,1529395.0000,,Tencent_raw
2026-08-21,600491.SH,1.6700,1.8500,1.6700,1.8100,1474690.0000,,Tencent_raw
2026-08-24,600491.SH,1.7500,1.9100,1.7000,1.7800,1231456.0000,,Tencent_raw
2026-08-25,600491.SH,1.7500,1.8500,1.7400,1.8000,920231.0000,,Tencent_raw
2026-08-26,600491.SH,1.7900,1.8000,1.6200,1.6300,1337360.0000,,Tencent_raw
2026-08-28,600491.SH,1.6700,1.7500,1.6100,1.6800,1040250.0000,,Tencent_raw
2026-08-31,600491.SH,1.6800,1.7100,1.5700,1.6200,891597.0000,,Tencent_raw
2026-09-01,600491.SH,1.6100,1.6100,1.5500,1.5700,706046.0000,,Tencent_raw
2026-09-02,600491.SH,1.5900,1.6700,1.5600,1.5800,802790.0000,,Tencent_raw
2026-09-03,600491.SH,1.5700,1.6200,1.5500,1.5700,573776.0000,,Tencent_raw
2026-09-04,600491.SH,1.5700,1.6200,1.5400,1.6000,716787.0000,,Tencent_raw
2026-09-07,600491.SH,1.5800,1.6800,1.5800,1.6700,617854.0000,,Tencent_raw
2026-09-08,600491.SH,1.6600,1.6900,1.6400,1.6500,481499.0000,,Tencent_raw
2026-09-09,600491.SH,1.6500,1.6500,1.5600,1.5700,566641.0000,,Tencent_raw
2026-09-10,600491.SH,1.6600,1.7300,1.6500,1.7300,876821.0000,,Tencent_raw
2026-09-11,600491.SH,1.7500,1.8800,1.7400,1.7600,1418561.0000,,Tencent_raw
2026-09-14,600491.SH,1.7500,1.9400,1.6800,1.9100,1309503.0000,,Tencent_raw
2026-09-15,600491.SH,1.8500,1.8800,1.7300,1.7400,986551.0000,,Tencent_raw
2026-09-16,600491.SH,1.7000,1.7900,1.6900,1.7400,626451.0000,,Tencent_raw
2026-09-17,600491.SH,1.7200,1.7600,1.6600,1.7100,571862.0000,,Tencent_raw
2026-09-18,600491.SH,1.6900,1.7400,1.6600,1.7000,476033.0000,,Tencent_raw
2026-09-21,600491.SH,1.6800,1.6900,1.6500,1.6700,467932.0000,,Tencent_raw
2026-09-22,600491.SH,1.6700,1.6700,1.6100,1.6400,533526.0000,,Tencent_raw
2026-09-23,600491.SH,1.6300,1.6900,1.6000,1.6700,517799.0000,,Tencent_raw
2026-09-24,600491.SH,1.6800,1.7200,1.6100,1.6200,505269.0000,,Tencent_raw
2026-09-28,600491.SH,1.6000,1.6000,1.5100,1.5200,510401.0000,,Tencent_raw
2025-09-01,600537.SH,3.6900,3.7500,3.6200,3.7400,695281.0000,,Tencent_raw
2025-09-02,600537.SH,3.7300,3.8500,3.6800,3.7000,807061.0000,,Tencent_raw
2025-09-03,600537.SH,3.6600,3.7300,3.6200,3.6300,531866.0000,,Tencent_raw
2025-09-04,600537.SH,3.6400,3.8200,3.6400,3.7300,1038464.0000,,Tencent_raw
2025-09-05,600537.SH,3.7900,3.8400,3.7300,3.8300,1236035.0000,,Tencent_raw
2025-09-08,600537.SH,3.8000,3.9000,3.8000,3.8700,1046079.0000,,Tencent_raw
2025-09-09,600537.SH,3.8600,3.9200,3.8100,3.8200,847690.0000,,Tencent_raw
2025-09-10,600537.SH,3.8200,3.8300,3.7200,3.8000,668348.0000,,Tencent_raw
2025-09-11,600537.SH,3.7700,3.8200,3.7100,3.8200,584394.0000,,Tencent_raw
2025-09-12,600537.SH,3.8300,3.8500,3.7700,3.7800,570889.0000,,Tencent_raw
2025-09-15,600537.SH,3.7700,4.0000,3.7600,3.8000,993230.0000,,Tencent_raw
2025-09-16,600537.SH,3.8500,4.0800,3.8300,3.9600,1702568.0000,,Tencent_raw
2025-09-17,600537.SH,3.9600,4.3600,3.9100,4.3600,1266120.0000,,Tencent_raw
2025-09-18,600537.SH,4.5700,4.5800,4.2300,4.5000,3915107.0000,,Tencent_raw
2025-09-19,600537.SH,4.3000,4.3900,4.1300,4.1600,1759667.0000,,Tencent_raw
2025-09-22,600537.SH,4.1200,4.1400,4.0100,4.0400,958246.0000,,Tencent_raw
2025-09-23,600537.SH,4.0100,4.0100,3.7700,3.8400,1172641.0000,,Tencent_raw
2025-09-24,600537.SH,3.8200,3.9900,3.7500,3.9400,851542.0000,,Tencent_raw
2025-09-25,600537.SH,3.9300,4.0300,3.9000,3.9100,819459.0000,,Tencent_raw
2025-09-26,600537.SH,3.8700,4.2000,3.8600,4.0100,1005526.0000,,Tencent_raw
2025-09-29,600537.SH,3.9600,4.0600,3.9000,3.9600,782811.0000,,Tencent_raw
2025-09-30,600537.SH,3.9700,4.0200,3.9200,4.0000,735016.0000,,Tencent_raw
2025-10-09,600537.SH,4.0000,4.0300,3.9100,3.9800,648161.0000,,Tencent_raw
2025-10-10,600537.SH,3.9500,4.0000,3.8300,3.8400,736425.0000,,Tencent_raw
2025-10-13,600537.SH,3.6000,3.7500,3.6000,3.7300,625483.0000,,Tencent_raw
2025-10-14,600537.SH,3.7500,4.1000,3.7500,4.1000,1724771.0000,,Tencent_raw
2025-10-15,600537.SH,4.1100,4.2400,4.0100,4.1600,2728034.0000,,Tencent_raw
2025-10-16,600537.SH,4.1700,4.2000,4.0600,4.0800,1343782.0000,,Tencent_raw
2025-10-17,600537.SH,4.0900,4.1600,3.9200,3.9200,1091063.0000,,Tencent_raw
2025-10-20,600537.SH,3.9800,4.0200,3.9000,3.9600,720302.0000,,Tencent_raw
2025-10-21,600537.SH,3.9600,3.9900,3.8600,3.9700,659907.0000,,Tencent_raw
2025-10-22,600537.SH,3.9800,3.9800,3.8800,3.9000,554840.0000,,Tencent_raw
2025-10-23,600537.SH,3.8600,3.8900,3.7700,3.8500,616010.0000,,Tencent_raw
2025-10-24,600537.SH,3.8500,3.8900,3.7900,3.8000,589135.0000,,Tencent_raw
2025-10-27,600537.SH,3.8300,3.8700,3.7800,3.8300,583748.0000,,Tencent_raw
2025-10-28,600537.SH,3.8300,3.8500,3.7500,3.7800,546900.0000,,Tencent_raw
2025-10-29,600537.SH,3.7800,3.8900,3.7200,3.8700,976405.0000,,Tencent_raw
2025-10-30,600537.SH,3.8700,3.9800,3.7800,3.7900,999666.0000,,Tencent_raw
2025-10-31,600537.SH,3.7600,3.9400,3.7600,3.8400,793897.0000,,Tencent_raw
2025-11-03,600537.SH,3.8700,3.9900,3.8300,3.9800,1046666.0000,,Tencent_raw
2025-11-04,600537.SH,3.9800,4.0600,3.9100,3.9500,604970.0000,,Tencent_raw
2025-11-05,600537.SH,3.9100,4.1200,3.8800,4.0900,1158218.0000,,Tencent_raw
2025-11-06,600537.SH,4.0900,4.1900,4.0100,4.0200,723391.0000,,Tencent_raw
2025-11-07,600537.SH,4.0200,4.4200,4.0000,4.4200,1068750.0000,,Tencent_raw
2025-11-10,600537.SH,4.7300,4.8600,4.4800,4.6500,4872087.0000,,Tencent_raw
2025-11-11,600537.SH,4.6300,5.1200,4.6300,5.1200,4552970.0000,,Tencent_raw
2025-11-12,600537.SH,5.0100,5.0100,4.6600,4.7200,4016477.0000,,Tencent_raw
2025-11-13,600537.SH,4.7200,4.9600,4.7200,4.8100,3247725.0000,,Tencent_raw
2025-11-14,600537.SH,4.7800,5.0800,4.6500,4.8600,2836156.0000,,Tencent_raw
2025-11-17,600537.SH,4.8600,4.8800,4.7000,4.7300,2023365.0000,,Tencent_raw
2025-11-18,600537.SH,4.7300,4.8500,4.4700,4.5100,2009285.0000,,Tencent_raw
2025-11-19,600537.SH,4.4900,4.7000,4.3500,4.5000,1610186.0000,,Tencent_raw
2025-11-20,600537.SH,4.5200,4.5500,4.2800,4.3100,1301889.0000,,Tencent_raw
2025-11-21,600537.SH,4.2000,4.2400,3.9300,3.9500,1483372.0000,,Tencent_raw
2025-11-24,600537.SH,4.1000,4.1500,3.9400,4.0100,856398.0000,,Tencent_raw
2025-11-25,600537.SH,4.0100,4.1000,3.9700,4.1000,890165.0000,,Tencent_raw
2025-11-26,600537.SH,4.0900,4.1900,4.0200,4.0600,1107599.0000,,Tencent_raw
2025-11-27,600537.SH,4.0600,4.2600,4.0600,4.1300,1045922.0000,,Tencent_raw
2025-11-28,600537.SH,4.0900,4.1500,4.0500,4.1400,636957.0000,,Tencent_raw
2025-12-01,600537.SH,4.1600,4.2200,4.1300,4.1800,797979.0000,,Tencent_raw
2025-12-02,600537.SH,4.1600,4.1800,4.0400,4.1200,664257.0000,,Tencent_raw
2025-12-03,600537.SH,4.1200,4.1400,4.0100,4.0300,612045.0000,,Tencent_raw
2025-12-04,600537.SH,4.0300,4.0300,3.8900,3.9000,691338.0000,,Tencent_raw
2025-12-05,600537.SH,3.8900,4.0300,3.8800,4.0300,634881.0000,,Tencent_raw
2025-12-08,600537.SH,4.0200,4.1100,3.9900,4.0900,677605.0000,,Tencent_raw
2025-12-09,600537.SH,4.0900,4.1800,4.0200,4.1500,855043.0000,,Tencent_raw
2025-12-10,600537.SH,4.1000,4.1100,3.9700,4.0600,786576.0000,,Tencent_raw
2025-12-11,600537.SH,4.0500,4.1400,3.9500,3.9500,596468.0000,,Tencent_raw
2025-12-12,600537.SH,3.9100,3.9900,3.9100,3.9400,415507.0000,,Tencent_raw
2025-12-15,600537.SH,3.9200,4.2200,3.9200,4.1000,1243783.0000,,Tencent_raw
2025-12-16,600537.SH,4.0300,4.0800,3.8700,3.9100,959966.0000,,Tencent_raw
2025-12-17,600537.SH,3.8800,3.9100,3.7600,3.9000,707379.0000,,Tencent_raw
2025-12-18,600537.SH,3.8800,3.9700,3.8300,3.9100,556070.0000,,Tencent_raw
2025-12-19,600537.SH,3.9100,4.0400,3.9100,3.9700,567841.0000,,Tencent_raw
2025-12-22,600537.SH,3.9600,3.9600,3.9000,3.9200,467960.0000,,Tencent_raw
2025-12-23,600537.SH,3.9200,3.9200,3.8200,3.8400,587076.0000,,Tencent_raw
2025-12-24,600537.SH,3.8100,3.9200,3.8000,3.9100,518991.0000,,Tencent_raw
2025-12-25,600537.SH,3.9100,3.9500,3.8300,3.9400,570333.0000,,Tencent_raw
2025-12-26,600537.SH,4.0300,4.3300,4.0200,4.3300,1198870.0000,,Tencent_raw
2025-12-29,600537.SH,4.1000,4.3300,4.0200,4.2300,2385913.0000,,Tencent_raw
2025-12-30,600537.SH,4.1800,4.3300,4.1500,4.3000,1582771.0000,,Tencent_raw
2025-12-31,600537.SH,4.2200,4.2900,4.1300,4.1600,927024.0000,,Tencent_raw
2026-01-05,600537.SH,4.1200,4.1700,4.0700,4.1700,801861.0000,,Tencent_raw
2026-01-06,600537.SH,4.1800,4.3000,4.1400,4.2800,1206759.0000,,Tencent_raw
2026-01-07,600537.SH,4.2600,4.4600,4.1800,4.3100,1654983.0000,,Tencent_raw
2026-01-08,600537.SH,3.8900,4.1000,3.8900,3.9600,2573785.0000,,Tencent_raw
2026-01-09,600537.SH,3.8800,3.9300,3.7700,3.8900,1374364.0000,,Tencent_raw
2026-01-12,600537.SH,3.8400,3.9700,3.8200,3.9100,1293953.0000,,Tencent_raw
2026-01-13,600537.SH,3.9100,3.9200,3.8100,3.8200,951084.0000,,Tencent_raw
2026-01-14,600537.SH,3.4400,3.4400,3.4400,3.4400,592689.0000,,Tencent_raw
2026-01-15,600537.SH,3.1000,3.1000,3.1000,3.1000,190255.0000,,Tencent_raw
2026-01-16,600537.SH,2.7900,2.7900,2.7900,2.7900,280424.0000,,Tencent_raw
2026-01-19,600537.SH,2.6100,3.0700,2.6100,3.0700,2897241.0000,,Tencent_raw
2026-01-20,600537.SH,3.1200,3.3100,2.9800,3.0000,2650940.0000,,Tencent_raw
2026-01-21,600537.SH,3.0300,3.2000,2.9700,3.0000,1448836.0000,,Tencent_raw
2026-01-22,600537.SH,3.0000,3.0200,2.8800,2.9400,1197771.0000,,Tencent_raw
2026-01-23,600537.SH,3.0000,3.2300,3.0000,3.2300,2239979.0000,,Tencent_raw
2026-01-26,600537.SH,3.3500,3.5200,3.3300,3.3500,2951730.0000,,Tencent_raw
2026-01-27,600537.SH,3.3000,3.4400,3.1200,3.3800,2033797.0000,,Tencent_raw
2026-01-28,600537.SH,3.3500,3.3600,3.2300,3.2300,1172143.0000,,Tencent_raw
2026-01-29,600537.SH,3.2200,3.2300,3.1000,3.1500,923915.0000,,Tencent_raw
2026-01-30,600537.SH,3.1400,3.2200,3.0800,3.1400,903902.0000,,Tencent_raw
2026-02-02,600537.SH,3.1900,3.4500,3.1900,3.3500,2323719.0000,,Tencent_raw
2026-02-03,600537.SH,3.3700,3.4300,3.3000,3.4200,1924911.0000,,Tencent_raw
2026-02-04,600537.SH,3.4300,3.5800,3.3400,3.5700,1752840.0000,,Tencent_raw
2026-02-05,600537.SH,3.5400,3.5400,3.3800,3.4400,1128864.0000,,Tencent_raw
2026-02-06,600537.SH,3.7800,3.7800,3.3900,3.4600,2679578.0000,,Tencent_raw
2026-02-09,600537.SH,3.4500,3.7600,3.3900,3.5800,2478485.0000,,Tencent_raw
2026-02-10,600537.SH,3.5800,3.7000,3.5300,3.5400,1640728.0000,,Tencent_raw
2026-02-11,600537.SH,3.5400,3.5700,3.4600,3.4800,1089887.0000,,Tencent_raw
2026-02-12,600537.SH,3.4600,3.4600,3.3500,3.4100,884486.0000,,Tencent_raw
2026-02-13,600537.SH,3.4300,3.4300,3.3000,3.3100,687671.0000,,Tencent_raw
2026-02-24,600537.SH,3.3800,3.4500,3.3600,3.4200,846867.0000,,Tencent_raw
2026-02-25,600537.SH,3.4300,3.6200,3.4200,3.5700,1066226.0000,,Tencent_raw
2026-02-26,600537.SH,3.5500,3.7300,3.5400,3.6900,1553611.0000,,Tencent_raw
2026-02-27,600537.SH,3.6900,4.0600,3.6300,3.9700,2618107.0000,,Tencent_raw
2026-03-02,600537.SH,3.7300,3.8500,3.5700,3.5700,2050481.0000,,Tencent_raw
2026-03-03,600537.SH,3.3700,3.5600,3.2100,3.2100,2269243.0000,,Tencent_raw
2026-03-04,600537.SH,3.0600,3.2700,3.0500,3.2400,1351945.0000,,Tencent_raw
2026-03-05,600537.SH,3.2600,3.4500,3.2600,3.4300,1278831.0000,,Tencent_raw
2026-03-06,600537.SH,3.4000,3.5300,3.3100,3.4800,1055103.0000,,Tencent_raw
2026-03-09,600537.SH,3.4800,3.4800,3.3500,3.4600,740920.0000,,Tencent_raw
2026-03-10,600537.SH,3.5000,3.5200,3.3300,3.3400,1165020.0000,,Tencent_raw
2026-03-11,600537.SH,3.3300,3.3700,3.2600,3.2900,989844.0000,,Tencent_raw
2026-03-12,600537.SH,3.2900,3.5300,3.2500,3.4100,2103840.0000,,Tencent_raw
2026-03-13,600537.SH,3.3800,3.5200,3.3200,3.4600,1535469.0000,,Tencent_raw
2026-03-16,600537.SH,3.4600,3.6200,3.4100,3.6000,1820655.0000,,Tencent_raw
2026-03-17,600537.SH,3.6200,3.8100,3.5700,3.5900,1993979.0000,,Tencent_raw
2026-03-18,600537.SH,3.5900,3.6400,3.4400,3.6100,1361950.0000,,Tencent_raw
2026-03-19,600537.SH,3.5600,3.6700,3.5300,3.5400,994231.0000,,Tencent_raw
2026-03-20,600537.SH,3.5900,3.6300,3.3600,3.3900,1094264.0000,,Tencent_raw
2026-03-23,600537.SH,3.3600,3.5900,3.2700,3.3200,1718571.0000,,Tencent_raw
2026-03-24,600537.SH,3.3800,3.6500,3.3500,3.6500,2125227.0000,,Tencent_raw
2026-03-25,600537.SH,3.6500,4.0100,3.6000,3.9300,2863740.0000,,Tencent_raw
2026-03-26,600537.SH,3.9000,3.9400,3.7600,3.8100,1604096.0000,,Tencent_raw
2026-03-27,600537.SH,3.7900,3.9500,3.7300,3.8800,1432480.0000,,Tencent_raw
2026-03-30,600537.SH,3.8100,3.9000,3.7000,3.8200,1264400.0000,,Tencent_raw
2026-03-31,600537.SH,3.7800,3.8800,3.6500,3.6800,1351971.0000,,Tencent_raw
2026-04-01,600537.SH,3.7500,3.8000,3.5800,3.6600,1201318.0000,,Tencent_raw
2026-04-02,600537.SH,3.6400,3.9000,3.6000,3.7900,1805002.0000,,Tencent_raw
2026-04-03,600537.SH,3.7200,3.7600,3.5100,3.6800,1280520.0000,,Tencent_raw
2026-04-07,600537.SH,3.6800,3.7000,3.5300,3.6500,909989.0000,,Tencent_raw
2026-04-08,600537.SH,3.7200,3.8200,3.7000,3.8100,1160289.0000,,Tencent_raw
2026-04-09,600537.SH,3.7400,3.7800,3.6600,3.7000,779977.0000,,Tencent_raw
2026-04-10,600537.SH,3.7300,4.0700,3.7000,4.0700,2112735.0000,,Tencent_raw
2026-04-13,600537.SH,4.1800,4.3900,4.0900,4.2100,3396160.0000,,Tencent_raw
2026-04-14,600537.SH,4.2800,4.3500,4.1700,4.3400,2434756.0000,,Tencent_raw
2026-04-15,600537.SH,4.3000,4.3500,4.1000,4.2300,1702651.0000,,Tencent_raw
2026-04-16,600537.SH,4.2100,4.2600,4.1100,4.1600,1092358.0000,,Tencent_raw
2026-04-17,600537.SH,4.1700,4.2000,4.0000,4.0200,1285288.0000,,Tencent_raw
2026-04-20,600537.SH,3.9600,3.9900,3.6200,3.6700,2753894.0000,,Tencent_raw
2026-04-21,600537.SH,3.6100,3.6400,3.4200,3.4600,1823808.0000,,Tencent_raw
2026-04-22,600537.SH,3.4400,3.5900,3.4000,3.5100,1322594.0000,,Tencent_raw
2026-04-23,600537.SH,3.5100,3.5900,3.3600,3.3800,1328200.0000,,Tencent_raw
2026-04-24,600537.SH,3.3700,3.7200,3.3000,3.7200,2094618.0000,,Tencent_raw
2026-04-27,600537.SH,4.0900,4.0900,3.5500,3.5500,2644345.0000,,Tencent_raw
2026-04-29,600537.SH,3.3700,3.3700,3.3700,3.3700,110832.0000,,Tencent_raw
2026-04-30,600537.SH,3.2000,3.2000,3.2000,3.2000,65134.0000,,Tencent_raw
2026-05-06,600537.SH,3.0400,3.0400,3.0400,3.0400,172295.0000,,Tencent_raw
2026-05-07,600537.SH,2.8900,3.1900,2.8900,3.1900,1984278.0000,,Tencent_raw
2026-05-08,600537.SH,3.1000,3.2100,3.0400,3.1400,1060025.0000,,Tencent_raw
2026-05-11,600537.SH,3.1900,3.3000,3.1800,3.3000,701087.0000,,Tencent_raw
2026-05-12,600537.SH,3.3400,3.4700,3.3100,3.4700,566491.0000,,Tencent_raw
2026-05-13,600537.SH,3.5900,3.6400,3.4100,3.4200,1115421.0000,,Tencent_raw
2026-05-14,600537.SH,3.4100,3.5400,3.3500,3.4800,668362.0000,,Tencent_raw
2026-05-15,600537.SH,3.4400,3.4600,3.3200,3.3200,512135.0000,,Tencent_raw
2026-05-18,600537.SH,3.3400,3.4300,3.1600,3.2100,503913.0000,,Tencent_raw
2026-05-19,600537.SH,3.2500,3.3700,3.2000,3.3700,435207.0000,,Tencent_raw
2026-05-20,600537.SH,3.4100,3.4100,3.2700,3.2800,430509.0000,,Tencent_raw
2026-05-21,600537.SH,3.2900,3.3100,3.1400,3.1500,426165.0000,,Tencent_raw
2026-05-22,600537.SH,3.1400,3.2200,3.1400,3.1500,263540.0000,,Tencent_raw
2026-05-25,600537.SH,3.1500,3.1500,3.0200,3.0500,390250.0000,,Tencent_raw
2026-05-26,600537.SH,3.0500,3.1700,2.9800,3.1600,346031.0000,,Tencent_raw
2026-05-27,600537.SH,3.1500,3.1600,3.0300,3.0400,278999.0000,,Tencent_raw
2026-05-28,600537.SH,3.0500,3.1200,3.0200,3.1000,217000.0000,,Tencent_raw
2026-05-29,600537.SH,3.0600,3.1300,3.0400,3.0600,259198.0000,,Tencent_raw
2026-06-01,600537.SH,3.1000,3.1800,3.0500,3.1000,332580.0000,,Tencent_raw
2026-06-02,600537.SH,3.0900,3.0900,2.9500,3.0100,436194.0000,,Tencent_raw
2026-06-03,600537.SH,2.9900,3.0000,2.8600,2.8700,460760.0000,,Tencent_raw
2026-06-04,600537.SH,2.8100,2.8200,2.7300,2.7300,307043.0000,,Tencent_raw
2026-06-05,600537.SH,2.6300,2.7700,2.6000,2.6800,500146.0000,,Tencent_raw
2026-06-08,600537.SH,2.5900,2.6500,2.5500,2.5500,411754.0000,,Tencent_raw
2026-06-09,600537.SH,2.5400,2.5400,2.4200,2.4400,452193.0000,,Tencent_raw
2026-06-10,600537.SH,2.4500,2.5200,2.3200,2.3400,452232.0000,,Tencent_raw
2026-06-11,600537.SH,2.4600,2.4600,2.4600,2.4600,65337.0000,,Tencent_raw
2026-06-12,600537.SH,2.5800,2.5800,2.5800,2.5800,40789.0000,,Tencent_raw
2026-06-15,600537.SH,2.7100,2.7100,2.6700,2.7100,316895.0000,,Tencent_raw
2026-06-16,600537.SH,2.8500,2.8500,2.8500,2.8500,99978.0000,,Tencent_raw
2026-06-17,600537.SH,2.9900,2.9900,2.9900,2.9900,53066.0000,,Tencent_raw
2026-06-18,600537.SH,3.1400,3.1400,2.8400,2.8400,971263.0000,,Tencent_raw
2026-06-22,600537.SH,2.7700,2.8000,2.7000,2.7000,212005.0000,,Tencent_raw
2026-06-23,600537.SH,2.7000,2.8300,2.6100,2.6500,469467.0000,,Tencent_raw
2026-06-24,600537.SH,2.6000,2.6400,2.5200,2.6000,341235.0000,,Tencent_raw
2026-06-25,600537.SH,2.6000,2.6200,2.4700,2.5000,283279.0000,,Tencent_raw
2026-06-26,600537.SH,2.4600,2.6000,2.4600,2.4900,276262.0000,,Tencent_raw
2026-06-29,600537.SH,2.5000,2.5100,2.3700,2.4200,247306.0000,,Tencent_raw
2026-06-30,600537.SH,2.4200,2.5400,2.4100,2.5400,120076.0000,,Tencent_raw
2026-07-01,600537.SH,2.6400,2.6700,2.5500,2.6200,312637.0000,,Tencent_raw
2026-07-02,600537.SH,2.5700,2.7500,2.5700,2.7500,320633.0000,,Tencent_raw
2026-07-03,600537.SH,2.6900,2.7700,2.6200,2.7400,269313.0000,,Tencent_raw
2026-07-06,600537.SH,2.7100,2.7700,2.5800,2.6900,252637.0000,,Tencent_raw
2026-07-07,600537.SH,2.6300,2.6900,2.5700,2.5900,147399.0000,,Tencent_raw
2026-07-08,600537.SH,2.5700,2.6300,2.4700,2.6000,210139.0000,,Tencent_raw
2026-07-09,600537.SH,2.5700,2.6100,2.5100,2.5400,149705.0000,,Tencent_raw
2026-07-10,600537.SH,2.5000,2.6200,2.5000,2.5700,147127.0000,,Tencent_raw
2026-07-13,600537.SH,2.5500,2.5600,2.4000,2.4500,176377.0000,,Tencent_raw
2026-07-14,600537.SH,2.4600,2.4600,2.3700,2.4300,123583.0000,,Tencent_raw
2026-07-15,600537.SH,2.4100,2.4600,2.3800,2.4200,113875.0000,,Tencent_raw
2026-07-16,600537.SH,2.4000,2.4400,2.3700,2.4000,115649.0000,,Tencent_raw
2026-07-17,600537.SH,2.4000,2.4100,2.2900,2.3200,199085.0000,,Tencent_raw
2026-07-20,600537.SH,2.3300,2.3600,2.1000,2.1800,242772.0000,,Tencent_raw
2026-07-21,600537.SH,2.1100,2.1200,1.9600,2.0900,328399.0000,,Tencent_raw
2026-07-22,600537.SH,2.0500,2.2000,2.0300,2.1400,174080.0000,,Tencent_raw
2026-07-23,600537.SH,2.1400,2.2000,2.0900,2.1900,164000.0000,,Tencent_raw
2026-07-24,600537.SH,2.1400,2.1900,2.1200,2.1500,112934.0000,,Tencent_raw
2026-07-27,600537.SH,2.1400,2.1700,2.1100,2.1500,153659.0000,,Tencent_raw
2026-07-28,600537.SH,2.1300,2.1800,2.1100,2.1600,135292.0000,,Tencent_raw
2026-07-29,600537.SH,2.1500,2.3000,2.1400,2.2400,212817.0000,,Tencent_raw
2026-07-30,600537.SH,2.2400,2.2700,2.1500,2.1500,154921.0000,,Tencent_raw
2026-07-31,600537.SH,2.1500,2.2400,2.1500,2.2200,149581.0000,,Tencent_raw
2026-08-03,600537.SH,2.2400,2.3300,2.2000,2.3200,178998.0000,,Tencent_raw
2026-08-04,600537.SH,2.3200,2.3400,2.2900,2.3400,124250.0000,,Tencent_raw
2026-08-05,600537.SH,2.2800,2.3300,2.2800,2.3100,136763.0000,,Tencent_raw
2026-08-06,600537.SH,2.3200,2.3300,2.1600,2.2300,277005.0000,,Tencent_raw
2026-08-07,600537.SH,2.2100,2.2400,2.1600,2.1900,171331.0000,,Tencent_raw
2026-08-10,600537.SH,2.1800,2.2400,2.1300,2.2100,168826.0000,,Tencent_raw
2026-08-11,600537.SH,2.2000,2.2800,2.1700,2.2600,235681.0000,,Tencent_raw
2026-08-12,600537.SH,2.2600,2.3000,2.2300,2.2900,186689.0000,,Tencent_raw
2026-08-13,600537.SH,2.2900,2.3000,2.2200,2.2300,160206.0000,,Tencent_raw
2026-08-14,600537.SH,2.2300,2.2800,2.2100,2.2200,159772.0000,,Tencent_raw
2026-08-17,600537.SH,2.2200,2.2500,2.1800,2.2300,168666.0000,,Tencent_raw
2026-08-18,600537.SH,2.2300,2.2300,2.1600,2.1900,198013.0000,,Tencent_raw
2026-08-19,600537.SH,2.1600,2.1700,2.0700,2.0700,225472.0000,,Tencent_raw
2026-08-20,600537.SH,2.0900,2.1200,2.0700,2.1100,157166.0000,,Tencent_raw
2026-08-21,600537.SH,2.1000,2.1400,2.0700,2.1300,150677.0000,,Tencent_raw
2026-08-24,600537.SH,2.1300,2.1600,2.0600,2.1000,241309.0000,,Tencent_raw
2026-08-25,600537.SH,2.0800,2.1200,2.0700,2.1000,183550.0000,,Tencent_raw
2026-08-26,600537.SH,2.0900,2.1500,2.0900,2.1300,225440.0000,,Tencent_raw
2026-08-27,600537.SH,2.1300,2.1800,2.1200,2.1600,206610.0000,,Tencent_raw
2026-08-28,600537.SH,2.1400,2.1700,2.1400,2.1700,148462.0000,,Tencent_raw
2026-08-31,600537.SH,2.1500,2.1500,2.1000,2.1300,160441.0000,,Tencent_raw
2026-09-01,600537.SH,2.1400,2.1600,2.1300,2.1600,125669.0000,,Tencent_raw
2026-09-02,600537.SH,2.1400,2.2200,2.1300,2.1800,242993.0000,,Tencent_raw
2026-09-03,600537.SH,2.1700,2.1900,2.1300,2.1400,179042.0000,,Tencent_raw
2026-09-04,600537.SH,2.1500,2.1600,2.1300,2.1500,187196.0000,,Tencent_raw
2026-09-07,600537.SH,2.1400,2.2000,2.1200,2.1800,200125.0000,,Tencent_raw
2026-09-08,600537.SH,2.1800,2.2700,2.1800,2.2200,297248.0000,,Tencent_raw
2026-09-09,600537.SH,2.2100,2.2400,2.1700,2.1800,189984.0000,,Tencent_raw
2026-09-10,600537.SH,2.1700,2.2500,2.1400,2.2300,253318.0000,,Tencent_raw
2026-09-11,600537.SH,2.2100,2.2400,2.1600,2.1900,223913.0000,,Tencent_raw
2026-09-14,600537.SH,2.1800,2.1900,2.1300,2.1500,212192.0000,,Tencent_raw
2026-09-15,600537.SH,2.1500,2.1500,2.1000,2.1000,165936.0000,,Tencent_raw
2026-09-16,600537.SH,2.0900,2.1200,2.0700,2.1100,152324.0000,,Tencent_raw
2026-09-17,600537.SH,2.1000,2.1100,2.0700,2.0800,138855.0000,,Tencent_raw
2026-09-18,600537.SH,2.0800,2.1200,2.0800,2.1100,140351.0000,,Tencent_raw
2026-09-21,600537.SH,2.1000,2.1300,2.0900,2.1200,180634.0000,,Tencent_raw
2026-09-22,600537.SH,2.1800,2.3300,2.1500,2.2300,674721.0000,,Tencent_raw
2026-09-23,600537.SH,2.2200,2.3100,2.1800,2.1900,474404.0000,,Tencent_raw
2026-09-24,600537.SH,2.1700,2.2600,2.1700,2.2200,321492.0000,,Tencent_raw
2026-09-28,600537.SH,2.2100,2.2200,2.0800,2.1000,308397.0000,,Tencent_raw
2025-09-01,600881.SH,2.0500,2.1400,2.0300,2.1200,1295040.0000,,Tencent_raw
2025-09-02,600881.SH,2.1200,2.3100,2.1100,2.1600,2287191.0000,,Tencent_raw
2025-09-03,600881.SH,2.1700,2.2700,2.1400,2.1500,1806037.0000,,Tencent_raw
2025-09-04,600881.SH,2.1500,2.1800,2.0300,2.0700,1617172.0000,,Tencent_raw
2025-09-05,600881.SH,2.0900,2.2000,2.0800,2.2000,2118880.0000,,Tencent_raw
2025-09-08,600881.SH,2.1900,2.2300,2.1200,2.1700,1480480.0000,,Tencent_raw
2025-09-09,600881.SH,2.1600,2.2400,2.1200,2.1400,1423055.0000,,Tencent_raw
2025-09-10,600881.SH,2.1200,2.1800,2.1000,2.1500,1092691.0000,,Tencent_raw
2025-09-11,600881.SH,2.1400,2.1900,2.0600,2.1900,1611469.0000,,Tencent_raw
2025-09-12,600881.SH,2.1800,2.3000,2.1700,2.2300,1655518.0000,,Tencent_raw
2025-09-15,600881.SH,2.2300,2.3400,2.2000,2.2900,1730313.0000,,Tencent_raw
2025-09-16,600881.SH,2.2900,2.3300,2.2400,2.3300,1448547.0000,,Tencent_raw
2025-09-17,600881.SH,2.3700,2.3700,2.2400,2.3000,1397627.0000,,Tencent_raw
2025-09-18,600881.SH,2.2900,2.3500,2.1900,2.2300,1817319.0000,,Tencent_raw
2025-09-19,600881.SH,2.2300,2.2400,2.0600,2.0900,1738374.0000,,Tencent_raw
2025-09-22,600881.SH,2.0900,2.0900,2.0200,2.0400,957607.0000,,Tencent_raw
2025-09-23,600881.SH,2.0300,2.0400,1.8800,1.9300,1461107.0000,,Tencent_raw
2025-09-24,600881.SH,1.9200,1.9500,1.8900,1.9300,883853.0000,,Tencent_raw
2025-09-25,600881.SH,1.9400,1.9700,1.9100,1.9200,821142.0000,,Tencent_raw
2025-09-26,600881.SH,1.9100,1.9600,1.8900,1.9300,801468.0000,,Tencent_raw
2025-09-29,600881.SH,1.9300,1.9600,1.8800,1.9400,754345.0000,,Tencent_raw
2025-09-30,600881.SH,1.9500,1.9600,1.9100,1.9200,630832.0000,,Tencent_raw
2025-10-09,600881.SH,1.9100,1.9400,1.9000,1.9300,689038.0000,,Tencent_raw
2025-10-10,600881.SH,1.9200,2.0100,1.9100,1.9600,1213153.0000,,Tencent_raw
2025-10-13,600881.SH,1.9000,1.9300,1.8800,1.9200,776637.0000,,Tencent_raw
2025-10-14,600881.SH,1.9200,1.9800,1.9000,1.9100,1210814.0000,,Tencent_raw
2025-10-15,600881.SH,1.9100,1.9300,1.9000,1.9200,605219.0000,,Tencent_raw
2025-10-16,600881.SH,1.9200,1.9200,1.8500,1.8600,1123029.0000,,Tencent_raw
2025-10-17,600881.SH,1.8500,1.8700,1.8200,1.8400,712326.0000,,Tencent_raw
2025-10-20,600881.SH,1.8400,1.8600,1.8400,1.8600,409826.0000,,Tencent_raw
2025-10-21,600881.SH,1.8500,1.9300,1.8400,1.9100,925608.0000,,Tencent_raw
2025-10-22,600881.SH,1.9100,1.9600,1.9000,1.9500,987921.0000,,Tencent_raw
2025-10-23,600881.SH,1.9400,1.9500,1.9000,1.9400,675867.0000,,Tencent_raw
2025-10-24,600881.SH,1.9500,1.9700,1.8800,1.9000,901748.0000,,Tencent_raw
2025-10-27,600881.SH,1.9100,1.9200,1.8800,1.8900,523938.0000,,Tencent_raw
2025-10-28,600881.SH,1.8800,1.9000,1.8800,1.8800,359712.0000,,Tencent_raw
2025-10-29,600881.SH,1.8800,1.9100,1.8500,1.9000,604467.0000,,Tencent_raw
2025-10-30,600881.SH,1.8900,1.9100,1.8600,1.8800,592905.0000,,Tencent_raw
2025-10-31,600881.SH,1.8700,1.9100,1.8700,1.9000,663169.0000,,Tencent_raw
2025-11-03,600881.SH,1.8900,1.9300,1.8900,1.9300,686224.0000,,Tencent_raw
2025-11-04,600881.SH,1.9300,1.9400,1.9100,1.9300,509340.0000,,Tencent_raw
2025-11-05,600881.SH,1.9200,1.9600,1.8900,1.9500,931075.0000,,Tencent_raw
2025-11-06,600881.SH,1.9500,1.9600,1.9000,1.9100,832057.0000,,Tencent_raw
2025-11-07,600881.SH,1.9100,1.9300,1.8900,1.8900,514698.0000,,Tencent_raw
2025-11-10,600881.SH,1.9100,1.9500,1.9000,1.9400,923858.0000,,Tencent_raw
2025-11-11,600881.SH,1.9500,2.0200,1.9400,2.0100,1394920.0000,,Tencent_raw
2025-11-12,600881.SH,2.0400,2.1200,2.0000,2.0200,1495793.0000,,Tencent_raw
2025-11-13,600881.SH,2.0300,2.2200,1.9900,2.1700,3267471.0000,,Tencent_raw
2025-11-14,600881.SH,2.1200,2.1900,2.1000,2.1400,2049872.0000,,Tencent_raw
2025-11-17,600881.SH,2.1500,2.2000,2.1300,2.1600,1418093.0000,,Tencent_raw
2025-11-18,600881.SH,2.1500,2.1500,2.0200,2.0600,1504103.0000,,Tencent_raw
2025-11-19,600881.SH,2.0400,2.0600,1.9700,1.9800,1021733.0000,,Tencent_raw
2025-11-20,600881.SH,2.0200,2.1800,2.0200,2.1800,2151504.0000,,Tencent_raw
2025-11-21,600881.SH,2.1600,2.2500,2.0800,2.0900,3043152.0000,,Tencent_raw
2025-11-24,600881.SH,2.1300,2.1400,2.0500,2.1100,1701096.0000,,Tencent_raw
2025-11-25,600881.SH,2.1200,2.1400,2.0700,2.1300,1380671.0000,,Tencent_raw
2025-11-26,600881.SH,2.1200,2.1800,2.0900,2.1100,1494883.0000,,Tencent_raw
2025-11-27,600881.SH,2.0900,2.1000,2.0300,2.0900,993249.0000,,Tencent_raw
2025-11-28,600881.SH,2.0700,2.1000,2.0300,2.0900,926883.0000,,Tencent_raw
2025-12-01,600881.SH,2.0800,2.1300,2.0700,2.1000,867217.0000,,Tencent_raw
2025-12-02,600881.SH,2.0900,2.2000,2.0500,2.1500,1461019.0000,,Tencent_raw
2025-12-03,600881.SH,2.1300,2.1400,2.0700,2.0800,971194.0000,,Tencent_raw
2025-12-04,600881.SH,2.0700,2.0800,1.9800,1.9900,1165066.0000,,Tencent_raw
2025-12-05,600881.SH,1.9900,2.0200,1.9600,2.0100,704833.0000,,Tencent_raw
2025-12-08,600881.SH,2.0200,2.0700,2.0100,2.0400,818324.0000,,Tencent_raw
2025-12-09,600881.SH,2.0300,2.0400,1.9700,1.9700,869395.0000,,Tencent_raw
2025-12-10,600881.SH,1.9700,1.9900,1.9300,1.9800,681125.0000,,Tencent_raw
2025-12-11,600881.SH,1.9700,1.9700,1.9000,1.9100,743069.0000,,Tencent_raw
2025-12-12,600881.SH,1.9100,1.9200,1.8800,1.8800,566825.0000,,Tencent_raw
2025-12-15,600881.SH,1.8800,1.9000,1.8500,1.8800,398735.0000,,Tencent_raw
2025-12-16,600881.SH,1.8800,1.8900,1.8500,1.8600,468034.0000,,Tencent_raw
2025-12-17,600881.SH,1.8600,1.8800,1.8300,1.8700,564849.0000,,Tencent_raw
2025-12-18,600881.SH,1.8600,1.8900,1.8600,1.8600,370507.0000,,Tencent_raw
2025-12-19,600881.SH,1.8600,1.9200,1.8500,1.9100,618449.0000,,Tencent_raw
2025-12-22,600881.SH,1.9200,1.9400,1.9000,1.9300,454171.0000,,Tencent_raw
2025-12-23,600881.SH,1.9300,1.9400,1.8800,1.8800,450144.0000,,Tencent_raw
2025-12-24,600881.SH,1.8800,1.9000,1.8700,1.8900,266235.0000,,Tencent_raw
2025-12-25,600881.SH,1.9000,1.9100,1.8800,1.8900,267390.0000,,Tencent_raw
2025-12-26,600881.SH,1.9000,1.9100,1.8700,1.8800,489366.0000,,Tencent_raw
2025-12-29,600881.SH,1.8800,1.9000,1.8600,1.8700,452716.0000,,Tencent_raw
2025-12-30,600881.SH,1.8700,1.8800,1.8400,1.8600,396791.0000,,Tencent_raw
2025-12-31,600881.SH,1.8600,1.8700,1.8400,1.8600,363848.0000,,Tencent_raw
2026-01-05,600881.SH,1.8500,1.8700,1.8400,1.8600,417934.0000,,Tencent_raw
2026-01-06,600881.SH,1.8700,1.9000,1.8600,1.9000,524749.0000,,Tencent_raw
2026-01-07,600881.SH,1.9000,1.9000,1.8800,1.8800,333634.0000,,Tencent_raw
2026-01-08,600881.SH,1.8800,1.9000,1.8800,1.8900,332765.0000,,Tencent_raw
2026-01-09,600881.SH,1.8900,1.9000,1.8700,1.8900,509009.0000,,Tencent_raw
2026-01-12,600881.SH,1.8800,1.9100,1.8700,1.9000,879354.0000,,Tencent_raw
2026-01-13,600881.SH,1.9100,1.9500,1.9000,1.9100,926761.0000,,Tencent_raw
2026-01-14,600881.SH,1.9100,1.9200,1.8700,1.8800,786137.0000,,Tencent_raw
2026-01-15,600881.SH,1.8800,1.8900,1.8500,1.8600,523441.0000,,Tencent_raw
2026-01-16,600881.SH,1.8700,1.8800,1.8600,1.8600,320006.0000,,Tencent_raw
2026-01-19,600881.SH,1.8600,1.8700,1.8500,1.8700,292495.0000,,Tencent_raw
2026-01-20,600881.SH,1.8600,1.8600,1.8400,1.8500,412870.0000,,Tencent_raw
2026-01-21,600881.SH,1.8400,1.8500,1.8300,1.8300,412906.0000,,Tencent_raw
2026-01-22,600881.SH,1.8300,1.8600,1.8300,1.8500,446695.0000,,Tencent_raw
2026-01-23,600881.SH,1.8600,1.8800,1.8500,1.8700,503638.0000,,Tencent_raw
2026-01-26,600881.SH,1.8800,1.9200,1.8600,1.8900,637804.0000,,Tencent_raw
2026-01-27,600881.SH,1.8900,1.9000,1.8300,1.8500,532012.0000,,Tencent_raw
2026-01-28,600881.SH,1.8500,1.8600,1.8300,1.8400,291232.0000,,Tencent_raw
2026-01-29,600881.SH,1.8400,1.8500,1.8300,1.8400,423185.0000,,Tencent_raw
2026-01-30,600881.SH,1.8400,1.8500,1.8200,1.8300,333945.0000,,Tencent_raw
2026-02-02,600881.SH,1.8300,1.8300,1.7700,1.7800,449338.0000,,Tencent_raw
2026-02-03,600881.SH,1.7800,1.8000,1.7700,1.7800,228057.0000,,Tencent_raw
2026-02-04,600881.SH,1.7800,1.8200,1.7800,1.8100,312284.0000,,Tencent_raw
2026-02-05,600881.SH,1.8100,1.8200,1.7900,1.7900,254961.0000,,Tencent_raw
2026-02-06,600881.SH,1.7900,1.8100,1.7900,1.7900,237053.0000,,Tencent_raw
2026-02-09,600881.SH,1.8000,1.8200,1.7900,1.8200,261039.0000,,Tencent_raw
2026-02-10,600881.SH,1.8200,1.8500,1.8100,1.8300,409636.0000,,Tencent_raw
2026-02-11,600881.SH,1.8300,1.8400,1.8100,1.8200,267602.0000,,Tencent_raw
2026-02-12,600881.SH,1.8200,1.8300,1.7800,1.7900,408609.0000,,Tencent_raw
2026-02-13,600881.SH,1.7900,1.8000,1.7800,1.7900,202315.0000,,Tencent_raw
2026-02-24,600881.SH,1.7900,1.8100,1.7900,1.8000,248212.0000,,Tencent_raw
2026-02-25,600881.SH,1.8000,1.8600,1.8000,1.8300,634458.0000,,Tencent_raw
2026-02-26,600881.SH,1.8400,1.8500,1.8000,1.8200,465435.0000,,Tencent_raw
2026-02-27,600881.SH,1.8200,1.8400,1.8100,1.8300,383047.0000,,Tencent_raw
2026-03-02,600881.SH,1.8100,1.8200,1.7600,1.7900,569368.0000,,Tencent_raw
2026-03-03,600881.SH,1.7900,1.7900,1.7300,1.7400,481334.0000,,Tencent_raw
2026-03-04,600881.SH,1.7300,1.7300,1.6800,1.7000,425686.0000,,Tencent_raw
2026-03-05,600881.SH,1.7100,1.7400,1.7000,1.7200,284374.0000,,Tencent_raw
2026-03-06,600881.SH,1.7200,1.7700,1.7100,1.7600,454975.0000,,Tencent_raw
2026-03-09,600881.SH,1.7500,1.7600,1.7200,1.7300,350189.0000,,Tencent_raw
2026-03-10,600881.SH,1.7400,1.7500,1.7300,1.7300,205178.0000,,Tencent_raw
2026-03-11,600881.SH,1.7300,1.7400,1.7100,1.7300,339416.0000,,Tencent_raw
2026-03-12,600881.SH,1.7300,1.7600,1.7200,1.7300,487985.0000,,Tencent_raw
2026-03-13,600881.SH,1.7300,1.7600,1.7100,1.7200,467531.0000,,Tencent_raw
2026-03-16,600881.SH,1.7100,1.7400,1.7100,1.7300,423613.0000,,Tencent_raw
2026-03-17,600881.SH,1.7300,1.8200,1.7300,1.7600,793776.0000,,Tencent_raw
2026-03-18,600881.SH,1.7500,1.7600,1.7200,1.7300,425399.0000,,Tencent_raw
2026-03-19,600881.SH,1.7200,1.7400,1.6900,1.7000,463335.0000,,Tencent_raw
2026-03-20,600881.SH,1.7000,1.7100,1.6600,1.6600,400494.0000,,Tencent_raw
2026-03-23,600881.SH,1.6500,1.6600,1.5400,1.5600,510175.0000,,Tencent_raw
2026-03-24,600881.SH,1.6000,1.6200,1.5600,1.6200,422995.0000,,Tencent_raw
2026-03-25,600881.SH,1.6200,1.6900,1.6200,1.6800,446905.0000,,Tencent_raw
2026-03-26,600881.SH,1.6800,1.7100,1.6400,1.6400,405230.0000,,Tencent_raw
2026-03-27,600881.SH,1.6400,1.6800,1.6200,1.6700,349091.0000,,Tencent_raw
2026-03-30,600881.SH,1.6600,1.6800,1.6200,1.6700,389101.0000,,Tencent_raw
2026-03-31,600881.SH,1.6800,1.7000,1.6400,1.6500,370193.0000,,Tencent_raw
2026-04-01,600881.SH,1.6700,1.6800,1.6300,1.6600,343785.0000,,Tencent_raw
2026-04-02,600881.SH,1.6600,1.6700,1.6100,1.6300,324244.0000,,Tencent_raw
2026-04-03,600881.SH,1.6300,1.6400,1.5700,1.5700,284258.0000,,Tencent_raw
2026-04-07,600881.SH,1.5800,1.6100,1.5700,1.6100,306492.0000,,Tencent_raw
2026-04-08,600881.SH,1.6300,1.6500,1.6200,1.6500,369393.0000,,Tencent_raw
2026-04-09,600881.SH,1.6400,1.6400,1.5900,1.6000,344682.0000,,Tencent_raw
2026-04-10,600881.SH,1.6100,1.6300,1.5900,1.5900,296184.0000,,Tencent_raw
2026-04-13,600881.SH,1.5800,1.6200,1.5700,1.6100,290426.0000,,Tencent_raw
2026-04-14,600881.SH,1.6200,1.6300,1.5900,1.6100,351523.0000,,Tencent_raw
2026-04-15,600881.SH,1.6200,1.6200,1.5800,1.5900,289105.0000,,Tencent_raw
2026-04-16,600881.SH,1.5800,1.6000,1.5800,1.5900,225523.0000,,Tencent_raw
2026-04-17,600881.SH,1.5900,1.6000,1.5700,1.5700,220953.0000,,Tencent_raw
2026-04-20,600881.SH,1.5700,1.5800,1.5500,1.5700,300261.0000,,Tencent_raw
2026-04-21,600881.SH,1.5700,1.5800,1.5500,1.5600,229886.0000,,Tencent_raw
2026-04-22,600881.SH,1.5500,1.5500,1.4200,1.4800,929782.0000,,Tencent_raw
2026-04-23,600881.SH,1.4600,1.4800,1.4300,1.4400,430857.0000,,Tencent_raw
2026-04-24,600881.SH,1.4400,1.4600,1.4200,1.4400,315516.0000,,Tencent_raw
2026-04-27,600881.SH,1.4400,1.4900,1.3000,1.4800,1226922.0000,,Tencent_raw
2026-04-28,600881.SH,1.4500,1.4800,1.4100,1.4400,555147.0000,,Tencent_raw
2026-04-29,600881.SH,1.5100,1.5800,1.5100,1.5800,858043.0000,,Tencent_raw
2026-04-30,600881.SH,1.6100,1.6400,1.5600,1.5600,1223171.0000,,Tencent_raw
2026-05-06,600881.SH,1.5800,1.6300,1.5800,1.6100,678493.0000,,Tencent_raw
2026-05-07,600881.SH,1.6200,1.7300,1.6000,1.6100,1121759.0000,,Tencent_raw
2026-05-08,600881.SH,1.6100,1.6100,1.5600,1.6000,493720.0000,,Tencent_raw
2026-05-11,600881.SH,1.6000,1.6300,1.5700,1.6200,602750.0000,,Tencent_raw
2026-05-12,600881.SH,1.6200,1.6400,1.5900,1.6000,460965.0000,,Tencent_raw
2026-05-13,600881.SH,1.6000,1.6200,1.5800,1.6000,503665.0000,,Tencent_raw
2026-05-14,600881.SH,1.6000,1.6100,1.5400,1.5400,483274.0000,,Tencent_raw
2026-05-15,600881.SH,1.5500,1.5500,1.5200,1.5300,298278.0000,,Tencent_raw
2026-05-18,600881.SH,1.5200,1.5300,1.4800,1.5100,377684.0000,,Tencent_raw
2026-05-19,600881.SH,1.5100,1.5300,1.4900,1.5200,197974.0000,,Tencent_raw
2026-05-20,600881.SH,1.5200,1.5200,1.4500,1.4600,342697.0000,,Tencent_raw
2026-05-21,600881.SH,1.4700,1.5100,1.4300,1.4400,401162.0000,,Tencent_raw
2026-05-22,600881.SH,1.4500,1.5000,1.4300,1.4900,370155.0000,,Tencent_raw
2026-05-25,600881.SH,1.4900,1.5400,1.4600,1.5300,459974.0000,,Tencent_raw
2026-05-26,600881.SH,1.5300,1.5300,1.4800,1.4900,352676.0000,,Tencent_raw
2026-05-27,600881.SH,1.4900,1.4900,1.4400,1.4600,328428.0000,,Tencent_raw
2026-05-28,600881.SH,1.4500,1.4800,1.4400,1.4800,254594.0000,,Tencent_raw
2026-05-29,600881.SH,1.4800,1.5600,1.4700,1.5000,683494.0000,,Tencent_raw
2026-06-01,600881.SH,1.5000,1.5500,1.4800,1.5400,555705.0000,,Tencent_raw
2026-06-02,600881.SH,1.5400,1.5500,1.5000,1.5500,435093.0000,,Tencent_raw
2026-06-03,600881.SH,1.5400,1.5600,1.5100,1.5400,549839.0000,,Tencent_raw
2026-06-04,600881.SH,1.5300,1.5500,1.4900,1.5000,434003.0000,,Tencent_raw
2026-06-05,600881.SH,1.5000,1.6500,1.5000,1.6500,1614867.0000,,Tencent_raw
2026-06-08,600881.SH,1.6800,1.7600,1.6400,1.6600,1927042.0000,,Tencent_raw
2026-06-09,600881.SH,1.6500,1.6700,1.5600,1.6100,1152641.0000,,Tencent_raw
2026-06-10,600881.SH,1.5900,1.7700,1.5600,1.7700,1807106.0000,,Tencent_raw
2026-06-11,600881.SH,1.8000,1.8500,1.6600,1.6800,1959006.0000,,Tencent_raw
2026-06-12,600881.SH,1.6600,1.8500,1.6200,1.7700,1990279.0000,,Tencent_raw
2026-06-15,600881.SH,1.7100,1.7600,1.6900,1.6900,1373134.0000,,Tencent_raw
2026-06-16,600881.SH,1.6800,1.7200,1.6400,1.6800,915209.0000,,Tencent_raw
2026-06-17,600881.SH,1.6500,1.6600,1.5900,1.5900,752236.0000,,Tencent_raw
2026-06-18,600881.SH,1.5800,1.5900,1.5100,1.5200,663056.0000,,Tencent_raw
2026-06-22,600881.SH,1.5100,1.5400,1.4500,1.5100,722560.0000,,Tencent_raw
2026-06-23,600881.SH,1.5000,1.6600,1.4800,1.6600,947534.0000,,Tencent_raw
2026-06-24,600881.SH,1.6600,1.7500,1.5900,1.6100,1387762.0000,,Tencent_raw
2026-06-25,600881.SH,1.6000,1.6300,1.5300,1.5900,843369.0000,,Tencent_raw
2026-06-26,600881.SH,1.6000,1.6100,1.5300,1.5300,552898.0000,,Tencent_raw
2026-06-29,600881.SH,1.5200,1.5900,1.5100,1.5400,526481.0000,,Tencent_raw
2026-06-30,600881.SH,1.5500,1.5500,1.4800,1.5100,532699.0000,,Tencent_raw
2026-07-01,600881.SH,1.5000,1.5800,1.4800,1.5600,577615.0000,,Tencent_raw
2026-07-02,600881.SH,1.5600,1.6300,1.5400,1.5500,565773.0000,,Tencent_raw
2026-07-03,600881.SH,1.5600,1.5700,1.5200,1.5500,389039.0000,,Tencent_raw
2026-07-06,600881.SH,1.5500,1.5600,1.5100,1.5100,380718.0000,,Tencent_raw
2026-07-07,600881.SH,1.5200,1.5200,1.4700,1.4800,326314.0000,,Tencent_raw
2026-07-08,600881.SH,1.4800,1.4900,1.4500,1.4600,269971.0000,,Tencent_raw
2026-07-09,600881.SH,1.4500,1.4800,1.4400,1.4600,355666.0000,,Tencent_raw
2026-07-10,600881.SH,1.4600,1.5100,1.4500,1.5000,406285.0000,,Tencent_raw
2026-07-13,600881.SH,1.5100,1.6500,1.5100,1.6500,1044182.0000,,Tencent_raw
2026-07-14,600881.SH,1.7500,1.8100,1.6400,1.6700,2084619.0000,,Tencent_raw
2026-07-15,600881.SH,1.5800,1.7100,1.5800,1.6800,1352489.0000,,Tencent_raw
2026-07-16,600881.SH,1.6800,1.8000,1.6700,1.6900,1315019.0000,,Tencent_raw
2026-07-17,600881.SH,1.7300,1.8600,1.6900,1.8600,3044229.0000,,Tencent_raw
2026-07-20,600881.SH,1.9800,2.0500,1.8100,1.8900,4267522.0000,,Tencent_raw
2026-07-21,600881.SH,1.7500,1.7900,1.7000,1.7000,704245.0000,,Tencent_raw
2026-07-22,600881.SH,1.5600,1.7700,1.5600,1.6800,2124578.0000,,Tencent_raw
2026-07-23,600881.SH,1.6600,1.7600,1.6600,1.7100,1463811.0000,,Tencent_raw
2026-07-24,600881.SH,1.6900,1.7200,1.6300,1.6400,960164.0000,,Tencent_raw
2026-07-27,600881.SH,1.6300,1.7400,1.6200,1.7200,934492.0000,,Tencent_raw
2026-07-28,600881.SH,1.7400,1.8900,1.7200,1.8100,3078780.0000,,Tencent_raw
2026-07-29,600881.SH,1.7600,1.9300,1.7600,1.8900,2791070.0000,,Tencent_raw
2026-07-30,600881.SH,1.8800,1.8900,1.7100,1.7200,2047468.0000,,Tencent_raw
2026-07-31,600881.SH,1.7400,1.8000,1.7100,1.7600,1453788.0000,,Tencent_raw
2026-08-03,600881.SH,1.7500,1.7900,1.7400,1.7600,795415.0000,,Tencent_raw
2026-08-04,600881.SH,1.7700,1.7900,1.7500,1.7700,776406.0000,,Tencent_raw
2026-08-05,600881.SH,1.7700,1.7700,1.7300,1.7500,832938.0000,,Tencent_raw
2026-08-06,600881.SH,1.7500,1.7600,1.7000,1.7200,721851.0000,,Tencent_raw
2026-08-07,600881.SH,1.7100,1.7300,1.6600,1.7300,734044.0000,,Tencent_raw
2026-08-10,600881.SH,1.7100,1.7200,1.6900,1.7000,593008.0000,,Tencent_raw
2026-08-11,600881.SH,1.7000,1.8700,1.6800,1.8700,1717088.0000,,Tencent_raw
2026-08-12,600881.SH,1.9000,2.0600,1.8600,2.0600,3846964.0000,,Tencent_raw
2026-08-13,600881.SH,2.1500,2.2700,2.1000,2.2700,2873984.0000,,Tencent_raw
2026-08-14,600881.SH,2.4600,2.4700,2.1000,2.1800,7479552.0000,,Tencent_raw
2026-08-17,600881.SH,2.1700,2.3100,2.0600,2.2100,5287543.0000,,Tencent_raw
2026-08-18,600881.SH,2.1900,2.2100,2.0000,2.0300,4235729.0000,,Tencent_raw
2026-08-19,600881.SH,2.0300,2.0800,1.8500,1.8800,2733737.0000,,Tencent_raw
2026-08-20,600881.SH,1.9500,2.0700,1.8800,1.9900,3819825.0000,,Tencent_raw
2026-08-21,600881.SH,1.9300,1.9900,1.9100,1.9600,2041590.0000,,Tencent_raw
2026-08-24,600881.SH,1.9600,1.9800,1.8600,1.8700,1395007.0000,,Tencent_raw
2026-08-25,600881.SH,1.8700,1.9500,1.8500,1.9400,1622583.0000,,Tencent_raw
2026-08-26,600881.SH,1.9300,2.0200,1.9300,1.9700,1349055.0000,,Tencent_raw
2026-08-27,600881.SH,1.9700,2.0900,1.9600,2.0600,1939828.0000,,Tencent_raw
2026-08-28,600881.SH,2.0200,2.0400,1.9700,1.9900,1314844.0000,,Tencent_raw
2026-08-31,600881.SH,1.9800,1.9900,1.8900,1.9100,1389239.0000,,Tencent_raw
2026-09-01,600881.SH,1.8900,1.9800,1.8700,1.9600,1323680.0000,,Tencent_raw
2026-09-02,600881.SH,1.9800,1.9800,1.8900,1.9200,1079098.0000,,Tencent_raw
2026-09-03,600881.SH,1.9200,1.9200,1.8400,1.8500,1178918.0000,,Tencent_raw
2026-09-04,600881.SH,1.8600,1.8900,1.8100,1.8600,960565.0000,,Tencent_raw
2026-09-07,600881.SH,1.8500,1.8900,1.8300,1.8800,756003.0000,,Tencent_raw
2026-09-08,600881.SH,1.8800,2.0700,1.8800,2.0700,2564175.0000,,Tencent_raw
2026-09-09,600881.SH,2.0700,2.1000,1.9900,2.0000,2293686.0000,,Tencent_raw
2026-09-10,600881.SH,1.9700,2.0000,1.9300,1.9500,1162904.0000,,Tencent_raw
2026-09-11,600881.SH,1.9400,1.9500,1.8500,1.8700,1262634.0000,,Tencent_raw
2026-09-14,600881.SH,1.8800,1.9200,1.8400,1.8800,1327045.0000,,Tencent_raw
2026-09-15,600881.SH,1.8600,1.8700,1.7100,1.7200,1685207.0000,,Tencent_raw
2026-09-16,600881.SH,1.7000,1.7500,1.6800,1.7500,764273.0000,,Tencent_raw
2026-09-17,600881.SH,1.7300,1.7600,1.7000,1.7500,738356.0000,,Tencent_raw
2026-09-18,600881.SH,1.7400,1.9300,1.7300,1.9300,1604798.0000,,Tencent_raw
2026-09-21,600881.SH,1.8800,1.9400,1.8200,1.9000,2297567.0000,,Tencent_raw
2026-09-22,600881.SH,1.8900,1.9300,1.8700,1.9100,1319833.0000,,Tencent_raw
2026-09-23,600881.SH,1.9000,1.9200,1.8600,1.8800,1255842.0000,,Tencent_raw
2026-09-24,600881.SH,1.8700,1.9000,1.8300,1.8500,780166.0000,,Tencent_raw
2026-09-28,600881.SH,1.8500,1.8700,1.8200,1.8600,727825.0000,,Tencent_raw
2025-09-01,603377.SH,3.6200,3.6700,3.5800,3.6100,284165.0000,,Tencent_raw
2025-09-02,603377.SH,3.6800,3.7000,3.4600,3.5600,212637.0000,,Tencent_raw
2025-09-03,603377.SH,3.5200,3.7400,3.5100,3.6200,229730.0000,,Tencent_raw
2025-09-04,603377.SH,3.5400,3.7200,3.5300,3.5500,144819.0000,,Tencent_raw
2025-09-05,603377.SH,3.5300,3.6000,3.5200,3.5600,92292.0000,,Tencent_raw
2025-09-08,603377.SH,3.5600,3.6700,3.5600,3.6700,115281.0000,,Tencent_raw
2025-09-09,603377.SH,3.7300,3.8500,3.7200,3.8500,266447.0000,,Tencent_raw
2025-09-10,603377.SH,3.7000,3.8400,3.6700,3.7500,245221.0000,,Tencent_raw
2025-09-11,603377.SH,3.8100,3.9300,3.8100,3.9300,200098.0000,,Tencent_raw
2025-09-12,603377.SH,3.9100,3.9900,3.7300,3.7300,294962.0000,,Tencent_raw
2025-09-15,603377.SH,3.6900,3.7300,3.5500,3.6400,154735.0000,,Tencent_raw
2025-09-16,603377.SH,3.6300,3.7100,3.5800,3.6300,95728.0000,,Tencent_raw
2025-09-17,603377.SH,3.6100,3.6600,3.5600,3.6400,79647.0000,,Tencent_raw
2025-09-18,603377.SH,3.6000,3.6200,3.5700,3.5800,76338.0000,,Tencent_raw
2025-09-19,603377.SH,3.5900,3.6000,3.4300,3.5000,89557.0000,,Tencent_raw
2025-09-22,603377.SH,3.5300,3.5800,3.3400,3.4400,161398.0000,,Tencent_raw
2025-09-23,603377.SH,3.4300,3.5100,3.3300,3.3600,142742.0000,,Tencent_raw
2025-09-24,603377.SH,3.3600,3.5300,3.3400,3.3900,130016.0000,,Tencent_raw
2025-09-25,603377.SH,3.3900,3.4000,3.3300,3.3900,130553.0000,,Tencent_raw
2025-09-26,603377.SH,3.4000,3.5600,3.3700,3.3700,219989.0000,,Tencent_raw
2025-09-29,603377.SH,3.3700,3.3700,3.2500,3.2500,139107.0000,,Tencent_raw
2025-09-30,603377.SH,3.2800,3.3000,3.2400,3.2900,84348.0000,,Tencent_raw
2025-10-09,603377.SH,3.2900,3.3200,3.2400,3.2700,77194.0000,,Tencent_raw
2025-10-10,603377.SH,3.2900,3.4300,3.2900,3.4300,194673.0000,,Tencent_raw
2025-10-13,603377.SH,3.4000,3.5900,3.3100,3.5600,202218.0000,,Tencent_raw
2025-10-14,603377.SH,3.5600,3.7200,3.4500,3.5800,147341.0000,,Tencent_raw
2025-10-15,603377.SH,3.5700,3.6000,3.4900,3.5100,74485.0000,,Tencent_raw
2025-10-16,603377.SH,3.5200,3.5700,3.4500,3.4800,80906.0000,,Tencent_raw
2025-10-17,603377.SH,3.4600,3.5900,3.3800,3.5200,144201.0000,,Tencent_raw
2025-10-20,603377.SH,3.5300,3.5700,3.4600,3.5400,83638.0000,,Tencent_raw
2025-10-21,603377.SH,3.5200,3.6700,3.5100,3.5900,131922.0000,,Tencent_raw
2025-10-22,603377.SH,3.5800,3.7700,3.5400,3.7700,252845.0000,,Tencent_raw
2025-10-23,603377.SH,3.7000,3.7200,3.6100,3.6600,189989.0000,,Tencent_raw
2025-10-24,603377.SH,3.6800,3.7300,3.5300,3.5400,149896.0000,,Tencent_raw
2025-10-27,603377.SH,3.5100,3.5600,3.4500,3.5300,101499.0000,,Tencent_raw
2025-10-28,603377.SH,3.5200,3.5700,3.5000,3.5200,76213.0000,,Tencent_raw
2025-10-29,603377.SH,3.5900,3.6000,3.4700,3.4900,84593.0000,,Tencent_raw
2025-10-30,603377.SH,3.4900,3.5000,3.4400,3.4700,74157.0000,,Tencent_raw
2025-10-31,603377.SH,3.5000,3.5700,3.4900,3.5400,106191.0000,,Tencent_raw
2025-11-03,603377.SH,3.5500,3.7200,3.5200,3.6600,153847.0000,,Tencent_raw
2025-11-04,603377.SH,3.6600,3.8100,3.6500,3.7700,202771.0000,,Tencent_raw
2025-11-05,603377.SH,3.7100,3.8000,3.6900,3.7000,165122.0000,,Tencent_raw
2025-11-06,603377.SH,3.7300,3.8800,3.6800,3.8800,178911.0000,,Tencent_raw
2025-11-07,603377.SH,3.8600,3.8700,3.7800,3.8200,153758.0000,,Tencent_raw
2025-11-10,603377.SH,3.9500,4.0100,3.9100,4.0100,193019.0000,,Tencent_raw
2025-11-11,603377.SH,4.2100,4.2100,4.2100,4.2100,18750.0000,,Tencent_raw
2025-11-12,603377.SH,4.4200,4.4200,4.4200,4.4200,6936.0000,,Tencent_raw
2025-11-13,603377.SH,4.6400,4.6400,4.5500,4.5500,135204.0000,,Tencent_raw
2025-11-14,603377.SH,4.4500,4.4600,4.3200,4.3200,319973.0000,,Tencent_raw
2025-11-17,603377.SH,4.1600,4.3200,4.1000,4.1200,432566.0000,,Tencent_raw
2025-11-18,603377.SH,4.1200,4.3300,4.1200,4.3300,422843.0000,,Tencent_raw
2025-11-19,603377.SH,4.1600,4.3100,4.1200,4.1900,281857.0000,,Tencent_raw
2025-11-20,603377.SH,4.2000,4.2800,4.0100,4.1800,192195.0000,,Tencent_raw
2025-11-21,603377.SH,4.0800,4.2500,4.0800,4.1300,174824.0000,,Tencent_raw
2025-11-24,603377.SH,4.0900,4.2900,4.0900,4.2400,169178.0000,,Tencent_raw
2025-11-25,603377.SH,4.2600,4.2600,4.0400,4.1400,176242.0000,,Tencent_raw
2025-11-26,603377.SH,4.1400,4.1700,4.0600,4.0700,117421.0000,,Tencent_raw
2025-11-27,603377.SH,4.0900,4.1000,4.0200,4.1000,88383.0000,,Tencent_raw
2025-11-28,603377.SH,4.1000,4.1000,3.9700,4.0200,135866.0000,,Tencent_raw
2025-12-01,603377.SH,4.0300,4.1100,4.0100,4.0100,95508.0000,,Tencent_raw
2025-12-02,603377.SH,4.0300,4.0300,3.9200,3.9300,76099.0000,,Tencent_raw
2025-12-03,603377.SH,3.9500,3.9500,3.8800,3.9200,86643.0000,,Tencent_raw
2025-12-04,603377.SH,3.9400,4.1200,3.8700,4.0700,177058.0000,,Tencent_raw
2025-12-05,603377.SH,4.0600,4.1200,4.0100,4.0400,113958.0000,,Tencent_raw
2025-12-08,603377.SH,4.0200,4.0400,3.9300,4.0100,112526.0000,,Tencent_raw
2025-12-09,603377.SH,4.0000,4.0900,3.9500,3.9600,95240.0000,,Tencent_raw
2025-12-10,603377.SH,3.9900,4.0200,3.9300,3.9500,66539.0000,,Tencent_raw
2025-12-11,603377.SH,3.9900,3.9900,3.8400,3.8900,65466.0000,,Tencent_raw
2025-12-12,603377.SH,3.9100,3.9100,3.7100,3.7600,106335.0000,,Tencent_raw
2025-12-15,603377.SH,3.7700,3.8300,3.7100,3.7700,80088.0000,,Tencent_raw
2025-12-16,603377.SH,3.7600,3.8200,3.7000,3.7100,67099.0000,,Tencent_raw
2025-12-17,603377.SH,3.7300,3.7800,3.6200,3.7300,78512.0000,,Tencent_raw
2025-12-18,603377.SH,3.7200,3.7900,3.7000,3.7000,64628.0000,,Tencent_raw
2025-12-19,603377.SH,3.7200,3.8000,3.6800,3.8000,67221.0000,,Tencent_raw
2025-12-22,603377.SH,3.7800,3.8200,3.7600,3.7700,56505.0000,,Tencent_raw
2025-12-23,603377.SH,3.7800,3.8800,3.7500,3.7800,87881.0000,,Tencent_raw
2025-12-24,603377.SH,3.7700,3.7800,3.7300,3.7700,40816.0000,,Tencent_raw
2025-12-25,603377.SH,3.7700,3.8400,3.7600,3.7900,48762.0000,,Tencent_raw
2025-12-26,603377.SH,3.8000,3.8200,3.7600,3.8000,57064.0000,,Tencent_raw
2025-12-29,603377.SH,3.8100,3.9800,3.7900,3.9300,128934.0000,,Tencent_raw
2025-12-30,603377.SH,3.9300,3.9300,3.8000,3.8000,92316.0000,,Tencent_raw
2025-12-31,603377.SH,3.8200,3.8300,3.7300,3.7600,63099.0000,,Tencent_raw
2026-01-05,603377.SH,3.7600,3.7600,3.7200,3.7600,54089.0000,,Tencent_raw
2026-01-06,603377.SH,3.7500,3.8000,3.7300,3.7800,48363.0000,,Tencent_raw
2026-01-07,603377.SH,3.9700,3.9700,3.9600,3.9700,35676.0000,,Tencent_raw
2026-01-08,603377.SH,4.1700,4.1700,3.9800,3.9800,248202.0000,,Tencent_raw
2026-01-09,603377.SH,3.9700,4.1300,3.9100,4.0800,165300.0000,,Tencent_raw
2026-01-12,603377.SH,4.0200,4.2000,4.0200,4.0800,132236.0000,,Tencent_raw
2026-01-13,603377.SH,4.1600,4.1600,3.9900,3.9900,111086.0000,,Tencent_raw
2026-01-14,603377.SH,3.9600,4.0900,3.9600,4.0300,94540.0000,,Tencent_raw
2026-01-15,603377.SH,4.0100,4.1500,3.9700,4.1100,89462.0000,,Tencent_raw
2026-01-16,603377.SH,4.1200,4.3000,4.1000,4.2800,155747.0000,,Tencent_raw
2026-01-19,603377.SH,4.0700,4.0700,4.0700,4.0700,21710.0000,,Tencent_raw
2026-01-20,603377.SH,3.8700,4.0500,3.8700,3.9500,184148.0000,,Tencent_raw
2026-01-21,603377.SH,3.9500,4.0300,3.8600,3.8700,138114.0000,,Tencent_raw
2026-01-22,603377.SH,3.8700,3.9200,3.8100,3.9000,99037.0000,,Tencent_raw
2026-01-23,603377.SH,3.8800,3.9200,3.8600,3.8900,81361.0000,,Tencent_raw
2026-01-26,603377.SH,3.8900,3.9400,3.8800,3.9100,63522.0000,,Tencent_raw
2026-01-27,603377.SH,3.9000,3.9200,3.8500,3.8800,44643.0000,,Tencent_raw
2026-01-28,603377.SH,3.8600,3.8800,3.7900,3.8200,61262.0000,,Tencent_raw
2026-01-29,603377.SH,3.7800,3.8400,3.7600,3.7700,61358.0000,,Tencent_raw
2026-01-30,603377.SH,3.7500,3.7700,3.6300,3.6900,76645.0000,,Tencent_raw
2026-02-02,603377.SH,3.6800,3.7700,3.6500,3.6800,119572.0000,,Tencent_raw
2026-02-03,603377.SH,3.6600,3.7300,3.5800,3.6700,79194.0000,,Tencent_raw
2026-02-04,603377.SH,3.6900,3.6900,3.5800,3.6000,84107.0000,,Tencent_raw
2026-02-05,603377.SH,3.6000,3.7400,3.5900,3.6900,72870.0000,,Tencent_raw
2026-02-06,603377.SH,3.6500,3.7300,3.6500,3.7000,55507.0000,,Tencent_raw
2026-02-09,603377.SH,3.7100,3.7200,3.6600,3.7000,65102.0000,,Tencent_raw
2026-02-10,603377.SH,3.7100,3.8700,3.6900,3.8400,114877.0000,,Tencent_raw
2026-02-11,603377.SH,3.8100,3.8400,3.7700,3.7800,57518.0000,,Tencent_raw
2026-02-12,603377.SH,3.8000,3.8100,3.7300,3.7400,55543.0000,,Tencent_raw
2026-02-13,603377.SH,3.7600,3.8300,3.7000,3.7900,64290.0000,,Tencent_raw
2026-02-24,603377.SH,3.8000,3.8700,3.7600,3.7900,73829.0000,,Tencent_raw
2026-02-25,603377.SH,3.7700,3.7900,3.7400,3.7700,58185.0000,,Tencent_raw
2026-02-26,603377.SH,3.7700,3.7700,3.7300,3.7600,43036.0000,,Tencent_raw
2026-02-27,603377.SH,3.7300,3.7400,3.6700,3.7000,80927.0000,,Tencent_raw
2026-03-02,603377.SH,3.6700,3.6700,3.5500,3.6200,96964.0000,,Tencent_raw
2026-03-03,603377.SH,3.6200,3.6700,3.5500,3.5500,75110.0000,,Tencent_raw
2026-03-04,603377.SH,3.5300,3.6100,3.4900,3.6000,56967.0000,,Tencent_raw
2026-03-05,603377.SH,3.6100,3.7600,3.5900,3.7600,76673.0000,,Tencent_raw
2026-03-06,603377.SH,3.7700,3.8200,3.7200,3.7800,80373.0000,,Tencent_raw
2026-03-09,603377.SH,3.7600,3.7600,3.6800,3.7000,50774.0000,,Tencent_raw
2026-03-10,603377.SH,3.7100,3.7800,3.7000,3.7700,41512.0000,,Tencent_raw
2026-03-11,603377.SH,3.8400,3.8700,3.7600,3.7800,68918.0000,,Tencent_raw
2026-03-12,603377.SH,3.7500,3.8800,3.7300,3.8500,73394.0000,,Tencent_raw
2026-03-13,603377.SH,3.8500,3.8500,3.7500,3.7500,53337.0000,,Tencent_raw
2026-03-16,603377.SH,3.7500,3.7600,3.6800,3.7100,49310.0000,,Tencent_raw
2026-03-17,603377.SH,3.7100,3.7400,3.6800,3.6900,31025.0000,,Tencent_raw
2026-03-18,603377.SH,3.6800,3.6900,3.6500,3.6800,32676.0000,,Tencent_raw
2026-03-19,603377.SH,3.6500,3.6700,3.5800,3.6000,47264.0000,,Tencent_raw
2026-03-20,603377.SH,3.6100,3.6400,3.5200,3.5400,60941.0000,,Tencent_raw
2026-03-23,603377.SH,3.7200,3.7200,3.6600,3.7200,141547.0000,,Tencent_raw
2026-03-24,603377.SH,3.6800,3.7500,3.5700,3.6000,141666.0000,,Tencent_raw
2026-03-25,603377.SH,3.6000,3.7500,3.5900,3.7000,88393.0000,,Tencent_raw
2026-03-26,603377.SH,3.6800,3.7100,3.6300,3.6600,63955.0000,,Tencent_raw
2026-03-27,603377.SH,3.6300,3.7400,3.6300,3.7400,71835.0000,,Tencent_raw
2026-03-30,603377.SH,3.7000,3.8000,3.7000,3.8000,57765.0000,,Tencent_raw
2026-03-31,603377.SH,3.8200,3.8200,3.7100,3.7400,67299.0000,,Tencent_raw
2026-04-01,603377.SH,3.7700,3.8000,3.7200,3.7500,46035.0000,,Tencent_raw
2026-04-02,603377.SH,3.7500,3.7700,3.6300,3.6500,75094.0000,,Tencent_raw
2026-04-03,603377.SH,3.6500,3.6600,3.5300,3.5300,86331.0000,,Tencent_raw
2026-04-07,603377.SH,3.5200,3.5200,3.4500,3.5200,82161.0000,,Tencent_raw
2026-04-08,603377.SH,3.5500,3.6600,3.5400,3.6200,73457.0000,,Tencent_raw
2026-04-09,603377.SH,3.5800,3.7100,3.5800,3.6400,65326.0000,,Tencent_raw
2026-04-10,603377.SH,3.6800,3.6800,3.6200,3.6500,47405.0000,,Tencent_raw
2026-04-13,603377.SH,3.6500,3.6500,3.6000,3.6400,55900.0000,,Tencent_raw
2026-04-14,603377.SH,3.6500,3.7200,3.6000,3.6800,65544.0000,,Tencent_raw
2026-04-15,603377.SH,3.6600,3.7200,3.6400,3.7100,51213.0000,,Tencent_raw
2026-04-16,603377.SH,3.7100,3.8300,3.7100,3.8100,109872.0000,,Tencent_raw
2026-04-17,603377.SH,3.8000,3.9000,3.7800,3.8600,103632.0000,,Tencent_raw
2026-04-20,603377.SH,3.8900,3.8900,3.7000,3.7200,129350.0000,,Tencent_raw
2026-04-21,603377.SH,3.7100,3.7300,3.6300,3.6400,80599.0000,,Tencent_raw
2026-04-22,603377.SH,3.6400,3.6600,3.6100,3.6500,46781.0000,,Tencent_raw
2026-04-23,603377.SH,3.6600,3.6600,3.6100,3.6200,41380.0000,,Tencent_raw
2026-04-24,603377.SH,3.6100,3.7100,3.5900,3.7100,53371.0000,,Tencent_raw
2026-04-27,603377.SH,3.7200,3.7200,3.6100,3.6600,60613.0000,,Tencent_raw
2026-04-28,603377.SH,3.6300,3.6800,3.6200,3.6400,30813.0000,,Tencent_raw
2026-04-29,603377.SH,3.6300,3.7100,3.6200,3.6600,36755.0000,,Tencent_raw
2026-04-30,603377.SH,3.6300,3.6800,3.6100,3.6700,56669.0000,,Tencent_raw
2026-05-06,603377.SH,3.6700,3.7000,3.6500,3.6600,40492.0000,,Tencent_raw
2026-05-07,603377.SH,3.6500,3.6500,3.5800,3.5900,63196.0000,,Tencent_raw
2026-05-08,603377.SH,3.5600,3.6200,3.5000,3.5900,76412.0000,,Tencent_raw
2026-05-11,603377.SH,3.5900,3.6100,3.5300,3.5600,44950.0000,,Tencent_raw
2026-05-12,603377.SH,3.5600,3.5600,3.4800,3.4900,58095.0000,,Tencent_raw
2026-05-13,603377.SH,3.4900,3.5300,3.4500,3.4600,55847.0000,,Tencent_raw
2026-05-14,603377.SH,3.4600,3.6300,3.3700,3.6300,169158.0000,,Tencent_raw
2026-05-15,603377.SH,3.6500,3.7000,3.5700,3.5800,109123.0000,,Tencent_raw
2026-05-18,603377.SH,3.5600,3.6100,3.4500,3.5400,81167.0000,,Tencent_raw
2026-05-19,603377.SH,3.5600,3.6100,3.5000,3.6100,52513.0000,,Tencent_raw
2026-05-20,603377.SH,3.5900,3.6000,3.5200,3.5400,37215.0000,,Tencent_raw
2026-05-21,603377.SH,3.5400,3.6200,3.5100,3.5100,42048.0000,,Tencent_raw
2026-05-22,603377.SH,3.5100,3.5700,3.5000,3.5400,38601.0000,,Tencent_raw
2026-05-25,603377.SH,3.5400,3.5500,3.4600,3.4900,52049.0000,,Tencent_raw
2026-05-26,603377.SH,3.4900,3.6000,3.4500,3.5100,56754.0000,,Tencent_raw
2026-05-27,603377.SH,3.6300,3.6900,3.5800,3.6900,160129.0000,,Tencent_raw
2026-05-28,603377.SH,3.5200,3.6400,3.5200,3.6200,82357.0000,,Tencent_raw
2026-05-29,603377.SH,3.5000,3.6300,3.5000,3.5200,69364.0000,,Tencent_raw
2026-06-01,603377.SH,3.5200,3.6400,3.4900,3.6300,69157.0000,,Tencent_raw
2026-06-02,603377.SH,3.6300,3.8100,3.6200,3.7400,109827.0000,,Tencent_raw
2026-06-03,603377.SH,3.7400,3.8000,3.6800,3.7800,70953.0000,,Tencent_raw
2026-06-04,603377.SH,3.7200,3.8800,3.6700,3.7100,91926.0000,,Tencent_raw
2026-06-05,603377.SH,3.6700,3.7000,3.5800,3.6200,65479.0000,,Tencent_raw
2026-06-08,603377.SH,3.6500,3.6500,3.5300,3.6200,44278.0000,,Tencent_raw
2026-06-09,603377.SH,3.5900,3.6400,3.5700,3.5800,30539.0000,,Tencent_raw
2026-06-10,603377.SH,3.5700,3.5700,3.4800,3.5500,83814.0000,,Tencent_raw
2026-06-11,603377.SH,3.5600,3.5600,3.4800,3.5400,52151.0000,,Tencent_raw
2026-06-12,603377.SH,3.5700,3.6200,3.5400,3.5900,41089.0000,,Tencent_raw
2026-06-15,603377.SH,3.6800,3.7000,3.4900,3.5200,81772.0000,,Tencent_raw
2026-06-16,603377.SH,3.5000,3.5200,3.4600,3.4700,56362.0000,,Tencent_raw
2026-06-17,603377.SH,3.4700,3.4700,3.4100,3.4300,40579.0000,,Tencent_raw
2026-06-18,603377.SH,3.4100,3.4300,3.2600,3.3300,91431.0000,,Tencent_raw
2026-06-22,603377.SH,3.2300,3.2800,3.1600,3.1600,80073.0000,,Tencent_raw
2026-06-23,603377.SH,3.1200,3.2200,3.1000,3.1500,56820.0000,,Tencent_raw
2026-06-24,603377.SH,3.1400,3.1400,2.9900,2.9900,68651.0000,,Tencent_raw
2026-06-25,603377.SH,2.9900,2.9900,2.8400,2.8400,73624.0000,,Tencent_raw
2026-06-26,603377.SH,2.9000,2.9800,2.8300,2.9800,75023.0000,,Tencent_raw
2026-06-29,603377.SH,2.8300,2.8300,2.8300,2.8300,21015.0000,,Tencent_raw
2026-06-30,603377.SH,2.6900,2.6900,2.6900,2.6900,10810.0000,,Tencent_raw
2026-07-01,603377.SH,2.5600,2.6900,2.5600,2.6900,143818.0000,,Tencent_raw
2026-07-02,603377.SH,2.5700,2.8200,2.5600,2.8200,190813.0000,,Tencent_raw
2026-07-03,603377.SH,2.9300,2.9600,2.8400,2.9600,36298.0000,,Tencent_raw
2026-07-06,603377.SH,2.9600,3.2600,2.9100,3.1400,174574.0000,,Tencent_raw
2026-07-07,603377.SH,3.0700,3.2400,3.0500,3.0600,82800.0000,,Tencent_raw
2026-07-08,603377.SH,3.0400,3.1500,3.0000,3.0000,68240.0000,,Tencent_raw
2026-07-09,603377.SH,2.9900,2.9900,2.8700,2.9100,74246.0000,,Tencent_raw
2026-07-10,603377.SH,2.9100,2.9200,2.8300,2.8800,51656.0000,,Tencent_raw
2026-07-13,603377.SH,2.8900,3.0100,2.8500,2.8700,48214.0000,,Tencent_raw
2026-07-14,603377.SH,2.8800,2.9600,2.7600,2.8400,51171.0000,,Tencent_raw
2026-07-15,603377.SH,2.8600,2.8700,2.7800,2.8000,30146.0000,,Tencent_raw
2026-07-16,603377.SH,2.7800,2.9000,2.7700,2.9000,40872.0000,,Tencent_raw
2026-07-17,603377.SH,2.8700,2.9500,2.7500,2.7900,42789.0000,,Tencent_raw
2026-07-20,603377.SH,2.7900,2.7900,2.5400,2.6400,46534.0000,,Tencent_raw
2026-07-21,603377.SH,2.6300,2.7600,2.6000,2.6900,45121.0000,,Tencent_raw
2026-07-22,603377.SH,2.6900,2.9600,2.6700,2.9300,112990.0000,,Tencent_raw
2026-07-23,603377.SH,2.8700,2.9300,2.8400,2.8700,44330.0000,,Tencent_raw
2026-07-24,603377.SH,2.8800,2.9200,2.8200,2.8700,18724.0000,,Tencent_raw
2026-07-27,603377.SH,2.8300,2.9600,2.8300,2.9000,23518.0000,,Tencent_raw
2026-07-28,603377.SH,2.8800,2.8800,2.8100,2.8400,26573.0000,,Tencent_raw
2026-07-29,603377.SH,2.8200,2.8900,2.8100,2.8500,24068.0000,,Tencent_raw
2026-07-30,603377.SH,2.8100,2.8600,2.8100,2.8100,18186.0000,,Tencent_raw
2026-07-31,603377.SH,2.7600,2.8600,2.7600,2.8300,25257.0000,,Tencent_raw
2026-08-03,603377.SH,2.8000,2.8500,2.8000,2.8500,21493.0000,,Tencent_raw
2026-08-04,603377.SH,2.8800,2.8800,2.8100,2.8300,28495.0000,,Tencent_raw
2026-08-05,603377.SH,2.8300,2.8600,2.8000,2.8300,28825.0000,,Tencent_raw
2026-08-06,603377.SH,2.8300,3.1000,2.8100,3.0100,89153.0000,,Tencent_raw
2026-08-07,603377.SH,2.9700,3.0100,2.9100,2.9400,44163.0000,,Tencent_raw
2026-08-10,603377.SH,2.9600,3.2100,2.9200,3.0800,71912.0000,,Tencent_raw
2026-08-11,603377.SH,3.0500,3.1400,3.0000,3.0600,39674.0000,,Tencent_raw
2026-08-12,603377.SH,3.0600,3.1000,3.0400,3.0700,18954.0000,,Tencent_raw
2026-08-13,603377.SH,3.0800,3.1400,3.0400,3.0500,38242.0000,,Tencent_raw
2026-08-14,603377.SH,3.0800,3.0800,3.0000,3.0000,21856.0000,,Tencent_raw
2026-08-17,603377.SH,3.0000,3.0000,2.9300,2.9800,23507.0000,,Tencent_raw
2026-08-18,603377.SH,2.9700,2.9700,2.9200,2.9400,22537.0000,,Tencent_raw
2026-08-19,603377.SH,2.9400,2.9600,2.8700,2.8800,25592.0000,,Tencent_raw
2026-08-20,603377.SH,2.8500,2.9200,2.8500,2.9000,18188.0000,,Tencent_raw
2026-08-21,603377.SH,2.9500,2.9500,2.8600,2.8900,16072.0000,,Tencent_raw
2026-08-24,603377.SH,2.8700,2.9000,2.8500,2.8800,23516.0000,,Tencent_raw
2026-08-25,603377.SH,2.8700,2.9600,2.8600,2.8900,31873.0000,,Tencent_raw
2026-08-26,603377.SH,2.8800,2.9300,2.8700,2.9100,16879.0000,,Tencent_raw
2026-08-27,603377.SH,2.9000,2.9200,2.8900,2.9000,13202.0000,,Tencent_raw
2026-08-28,603377.SH,2.8900,2.9000,2.8600,2.8900,18814.0000,,Tencent_raw
2026-08-31,603377.SH,2.8700,2.9600,2.8600,2.9200,30860.0000,,Tencent_raw
2026-09-01,603377.SH,2.9200,2.9300,2.9000,2.9200,19109.0000,,Tencent_raw
2026-09-02,603377.SH,2.8900,3.1000,2.8900,3.0500,72297.0000,,Tencent_raw
2026-09-03,603377.SH,3.0500,3.1300,2.9900,3.0300,42151.0000,,Tencent_raw
2026-09-04,603377.SH,3.0300,3.0400,2.9800,3.0100,22138.0000,,Tencent_raw
2026-09-07,603377.SH,3.0200,3.1000,3.0200,3.0600,38777.0000,,Tencent_raw
2026-09-08,603377.SH,3.0700,3.2500,3.0500,3.2100,78041.0000,,Tencent_raw
2026-09-09,603377.SH,3.1900,3.2300,3.1200,3.1600,45023.0000,,Tencent_raw
2026-09-10,603377.SH,3.1600,3.1600,3.0700,3.0900,26313.0000,,Tencent_raw
2026-09-11,603377.SH,3.0800,3.3900,3.0100,3.3400,75847.0000,,Tencent_raw
2026-09-14,603377.SH,3.2500,3.3200,3.1500,3.2600,77404.0000,,Tencent_raw
2026-09-15,603377.SH,3.2500,3.3200,3.1900,3.1900,53456.0000,,Tencent_raw
2026-09-16,603377.SH,3.1900,3.2500,3.1700,3.2000,21686.0000,,Tencent_raw
2026-09-17,603377.SH,3.2100,3.3600,3.1800,3.2900,68011.0000,,Tencent_raw
2026-09-18,603377.SH,3.2700,3.3200,3.2700,3.3100,47051.0000,,Tencent_raw
2026-09-21,603377.SH,3.3100,3.3700,3.2700,3.3200,51048.0000,,Tencent_raw
2026-09-22,603377.SH,3.3200,3.3300,3.2400,3.2400,40405.0000,,Tencent_raw
2026-09-23,603377.SH,3.2300,3.2300,3.1400,3.1700,42455.0000,,Tencent_raw
2026-09-24,603377.SH,3.1800,3.2100,3.1400,3.1900,18994.0000,,Tencent_raw
2026-09-28,603377.SH,3.2000,3.2000,3.0600,3.0600,25083.0000,,Tencent_raw
2025-09-01,603378.SH,5.7900,5.9700,5.7400,5.9700,87708.0000,,Tencent_raw
2025-09-02,603378.SH,5.9500,6.0000,5.7700,5.8400,67001.0000,,Tencent_raw
2025-09-03,603378.SH,5.8600,5.9000,5.6600,5.7200,52049.0000,,Tencent_raw
2025-09-04,603378.SH,5.7100,5.8700,5.7000,5.8200,65147.0000,,Tencent_raw
2025-09-05,603378.SH,5.8200,5.8500,5.7200,5.8000,50042.0000,,Tencent_raw
2025-09-08,603378.SH,5.8100,5.9200,5.8100,5.9200,60207.0000,,Tencent_raw
2025-09-09,603378.SH,5.9100,5.9400,5.8800,5.8900,41381.0000,,Tencent_raw
2025-09-10,603378.SH,5.9000,5.9400,5.8500,5.9200,48345.0000,,Tencent_raw
2025-09-11,603378.SH,5.9400,5.9500,5.8300,5.9400,53520.0000,,Tencent_raw
2025-09-12,603378.SH,5.9500,5.9500,5.8600,5.8800,47262.0000,,Tencent_raw
2025-09-15,603378.SH,5.9200,5.9200,5.8200,5.9200,77528.0000,,Tencent_raw
2025-09-16,603378.SH,5.9200,5.9600,5.8300,5.9500,56507.0000,,Tencent_raw
2025-09-17,603378.SH,5.9600,5.9700,5.8900,5.9100,45555.0000,,Tencent_raw
2025-09-18,603378.SH,5.9300,5.9300,5.7300,5.7600,63815.0000,,Tencent_raw
2025-09-19,603378.SH,5.7600,5.7700,5.6600,5.7300,45919.0000,,Tencent_raw
2025-09-22,603378.SH,5.7400,5.7400,5.5300,5.5500,59304.0000,,Tencent_raw
2025-09-23,603378.SH,5.5500,5.5700,5.2600,5.4200,78974.0000,,Tencent_raw
2025-09-24,603378.SH,5.4600,5.6200,5.3500,5.6000,105545.0000,,Tencent_raw
2025-09-25,603378.SH,5.6100,5.6500,5.4700,5.5100,52215.0000,,Tencent_raw
2025-09-26,603378.SH,5.4700,5.5900,5.4200,5.5600,38794.0000,,Tencent_raw
2025-09-29,603378.SH,5.5600,5.6600,5.4500,5.6500,49656.0000,,Tencent_raw
2025-09-30,603378.SH,5.6900,5.7000,5.6400,5.6900,36633.0000,,Tencent_raw
2025-10-09,603378.SH,5.7400,5.9800,5.6200,5.9400,141619.0000,,Tencent_raw
2025-10-10,603378.SH,5.9000,6.1500,5.9000,5.9800,150651.0000,,Tencent_raw
2025-10-13,603378.SH,5.8700,6.0500,5.7200,5.9500,114532.0000,,Tencent_raw
2025-10-14,603378.SH,6.0300,6.1500,5.9000,6.1100,128808.0000,,Tencent_raw
2025-10-15,603378.SH,6.0100,6.1000,5.8300,5.8500,103337.0000,,Tencent_raw
2025-10-16,603378.SH,5.8600,6.4300,5.8200,6.1200,238359.0000,,Tencent_raw
2025-10-17,603378.SH,6.0600,6.2800,5.9300,5.9300,137562.0000,,Tencent_raw
2025-10-20,603378.SH,6.0400,6.0400,5.9100,5.9900,86530.0000,,Tencent_raw
2025-10-21,603378.SH,6.0000,6.1500,5.9300,6.1400,86742.0000,,Tencent_raw
2025-10-22,603378.SH,6.1500,6.3000,6.0800,6.2000,98260.0000,,Tencent_raw
2025-10-23,603378.SH,6.2200,6.2400,6.0600,6.2200,90163.0000,,Tencent_raw
2025-10-24,603378.SH,6.8400,6.8400,6.8400,6.8400,107817.0000,,Tencent_raw
2025-10-27,603378.SH,7.5200,7.5200,7.2500,7.5200,279888.0000,,Tencent_raw
2025-10-28,603378.SH,7.7700,8.2700,7.5500,8.2700,523583.0000,,Tencent_raw
2025-10-29,603378.SH,7.8400,9.1000,7.8400,9.1000,788319.0000,,Tencent_raw
2025-10-30,603378.SH,9.0800,10.0100,9.0800,10.0100,787436.0000,,Tencent_raw
2025-10-31,603378.SH,10.0100,10.0600,9.0100,9.0100,419062.0000,,Tencent_raw
2025-11-03,603378.SH,8.2200,8.4000,8.1100,8.1100,134323.0000,,Tencent_raw
2025-11-04,603378.SH,7.7200,8.4600,7.7200,8.1500,551453.0000,,Tencent_raw
2025-11-05,603378.SH,7.9500,8.2800,7.8800,8.2300,397899.0000,,Tencent_raw
2025-11-06,603378.SH,8.1400,8.2200,7.8800,8.1000,290662.0000,,Tencent_raw
2025-11-07,603378.SH,7.8000,8.0100,7.2900,7.2900,369599.0000,,Tencent_raw
2025-11-10,603378.SH,7.1000,7.4400,7.1000,7.3500,331735.0000,,Tencent_raw
2025-11-11,603378.SH,7.4300,7.4600,7.2100,7.2400,206779.0000,,Tencent_raw
2025-11-12,603378.SH,7.3900,7.4200,6.8100,7.0200,403811.0000,,Tencent_raw
2025-11-13,603378.SH,7.0900,7.2500,6.9800,7.2400,264400.0000,,Tencent_raw
2025-11-14,603378.SH,7.2000,7.4300,7.1500,7.2300,194339.0000,,Tencent_raw
2025-11-17,603378.SH,7.2500,7.7400,7.2200,7.6200,308904.0000,,Tencent_raw
2025-11-18,603378.SH,7.6100,7.7200,7.2800,7.3400,217240.0000,,Tencent_raw
2025-11-19,603378.SH,7.3800,7.4200,7.1300,7.2000,128763.0000,,Tencent_raw
2025-11-20,603378.SH,7.1600,7.2500,7.0000,7.0900,118596.0000,,Tencent_raw
2025-11-21,603378.SH,6.9800,7.1400,6.7300,6.7500,123098.0000,,Tencent_raw
2025-11-24,603378.SH,6.9600,6.9900,6.7700,6.8100,104423.0000,,Tencent_raw
2025-11-25,603378.SH,7.0000,7.0000,6.8300,6.9300,96484.0000,,Tencent_raw
2025-11-26,603378.SH,6.9100,7.0000,6.8200,6.8500,83735.0000,,Tencent_raw
2025-11-27,603378.SH,7.1400,7.2300,6.8200,6.8700,128357.0000,,Tencent_raw
2025-11-28,603378.SH,6.9000,7.5600,6.8600,7.0000,311545.0000,,Tencent_raw
2025-12-01,603378.SH,7.1000,7.2500,6.9300,7.0800,256821.0000,,Tencent_raw
2025-12-02,603378.SH,7.1200,7.4200,7.0000,7.3200,300357.0000,,Tencent_raw
2025-12-03,603378.SH,7.2800,7.3500,6.8600,6.9300,317220.0000,,Tencent_raw
2025-12-04,603378.SH,6.8800,7.1200,6.2400,6.9300,216481.0000,,Tencent_raw
2025-12-05,603378.SH,7.0000,7.0100,6.7500,6.9900,159004.0000,,Tencent_raw
2025-12-08,603378.SH,7.1300,7.2500,6.9900,7.1800,151308.0000,,Tencent_raw
2025-12-09,603378.SH,7.1800,7.3600,7.1600,7.2300,123008.0000,,Tencent_raw
2025-12-10,603378.SH,7.2300,7.2700,7.0100,7.0700,91544.0000,,Tencent_raw
2025-12-11,603378.SH,7.1100,7.1500,6.8800,6.9100,87510.0000,,Tencent_raw
2025-12-12,603378.SH,6.8500,6.9600,6.8000,6.8500,71332.0000,,Tencent_raw
2025-12-15,603378.SH,6.8000,7.2100,6.7800,7.0700,119390.0000,,Tencent_raw
2025-12-16,603378.SH,7.0300,7.1000,6.3900,6.7000,153354.0000,,Tencent_raw
2025-12-17,603378.SH,6.6000,6.7500,6.4400,6.6400,122047.0000,,Tencent_raw
2025-12-18,603378.SH,6.6000,6.8300,6.6000,6.6900,78813.0000,,Tencent_raw
2025-12-19,603378.SH,6.6500,6.6800,6.4600,6.6600,111728.0000,,Tencent_raw
2025-12-22,603378.SH,6.7100,6.8800,6.7100,6.7600,75987.0000,,Tencent_raw
2025-12-23,603378.SH,6.7900,6.7900,6.5600,6.6400,81574.0000,,Tencent_raw
2025-12-24,603378.SH,6.6100,6.7200,6.5900,6.6100,80340.0000,,Tencent_raw
2025-12-25,603378.SH,6.6100,6.6700,6.5300,6.6600,59482.0000,,Tencent_raw
2025-12-26,603378.SH,6.7000,6.7200,6.6100,6.6500,63112.0000,,Tencent_raw
2025-12-29,603378.SH,6.6900,6.7900,6.5100,6.5600,64113.0000,,Tencent_raw
2025-12-30,603378.SH,6.5600,6.8200,6.4700,6.7600,113507.0000,,Tencent_raw
2025-12-31,603378.SH,6.7400,6.8400,6.5200,6.8100,105384.0000,,Tencent_raw
2026-01-05,603378.SH,6.8700,6.9500,6.6700,6.7500,75860.0000,,Tencent_raw
2026-01-06,603378.SH,6.7500,6.8900,6.7200,6.8900,74438.0000,,Tencent_raw
2026-01-07,603378.SH,6.9000,6.9400,6.6900,6.7400,76996.0000,,Tencent_raw
2026-01-08,603378.SH,6.7000,6.9400,6.6600,6.9300,78954.0000,,Tencent_raw
2026-01-09,603378.SH,6.9300,6.9600,6.8000,6.9100,68505.0000,,Tencent_raw
2026-01-12,603378.SH,6.9100,7.0800,6.8800,7.0200,99924.0000,,Tencent_raw
2026-01-13,603378.SH,7.0300,7.0500,6.9100,6.9100,65618.0000,,Tencent_raw
2026-01-14,603378.SH,6.9300,7.1000,6.8600,7.0000,88716.0000,,Tencent_raw
2026-01-15,603378.SH,6.9400,7.0400,6.8100,6.9500,74941.0000,,Tencent_raw
2026-01-16,603378.SH,6.9400,6.9500,6.7100,6.7300,81055.0000,,Tencent_raw
2026-01-19,603378.SH,6.7000,6.8600,6.6200,6.8600,78100.0000,,Tencent_raw
2026-01-20,603378.SH,6.8800,7.0400,6.8200,6.9300,79228.0000,,Tencent_raw
2026-01-21,603378.SH,6.7600,6.9300,6.6100,6.9200,90064.0000,,Tencent_raw
2026-01-22,603378.SH,6.9100,7.0900,6.8400,7.0600,98902.0000,,Tencent_raw
2026-01-23,603378.SH,7.0600,7.3500,7.0000,7.2100,128024.0000,,Tencent_raw
2026-01-26,603378.SH,7.1800,7.2700,6.9400,7.0000,96768.0000,,Tencent_raw
2026-01-27,603378.SH,7.0000,7.0000,6.5700,6.6900,125016.0000,,Tencent_raw
2026-01-28,603378.SH,6.7000,6.7600,6.5300,6.5500,84891.0000,,Tencent_raw
2026-01-29,603378.SH,6.5500,6.7200,6.4500,6.5800,72920.0000,,Tencent_raw
2026-01-30,603378.SH,6.5100,6.6900,6.4800,6.6300,88896.0000,,Tencent_raw
2026-02-02,603378.SH,6.5700,6.6600,6.4400,6.4400,79594.0000,,Tencent_raw
2026-02-03,603378.SH,6.5300,6.5600,6.4500,6.5600,54134.0000,,Tencent_raw
2026-02-04,603378.SH,6.5100,6.8700,6.5100,6.8600,102868.0000,,Tencent_raw
2026-02-05,603378.SH,6.9600,6.9800,6.8600,6.9100,81224.0000,,Tencent_raw
2026-02-06,603378.SH,6.8500,6.9900,6.8200,6.9400,53916.0000,,Tencent_raw
2026-02-09,603378.SH,7.0000,7.2400,7.0000,7.2200,90349.0000,,Tencent_raw
2026-02-10,603378.SH,7.2200,7.3400,7.1100,7.1900,65719.0000,,Tencent_raw
2026-02-11,603378.SH,7.2200,7.2500,7.1100,7.1600,60028.0000,,Tencent_raw
2026-02-12,603378.SH,7.1700,7.2000,7.0300,7.0900,70026.0000,,Tencent_raw
2026-02-13,603378.SH,7.2500,7.3200,7.0000,7.0500,60927.0000,,Tencent_raw
2026-02-24,603378.SH,7.1200,7.2600,7.0600,7.2500,69487.0000,,Tencent_raw
2026-02-25,603378.SH,7.2600,7.3400,7.1700,7.1800,60219.0000,,Tencent_raw
2026-02-26,603378.SH,7.3000,7.3600,7.0000,7.0200,96142.0000,,Tencent_raw
2026-02-27,603378.SH,7.0100,7.1600,6.9600,7.1200,90790.0000,,Tencent_raw
2026-03-02,603378.SH,7.1200,7.1900,6.8000,6.8500,106804.0000,,Tencent_raw
2026-03-03,603378.SH,6.8400,6.8900,6.3100,6.3500,117784.0000,,Tencent_raw
2026-03-04,603378.SH,6.2000,6.4100,6.1400,6.2500,99657.0000,,Tencent_raw
2026-03-05,603378.SH,6.3600,6.4900,6.2900,6.3500,64110.0000,,Tencent_raw
2026-03-06,603378.SH,6.3100,6.5000,6.2900,6.4800,82511.0000,,Tencent_raw
2026-03-09,603378.SH,6.3900,6.4600,6.2200,6.3100,81757.0000,,Tencent_raw
2026-03-10,603378.SH,6.4400,6.4900,6.3300,6.4800,51437.0000,,Tencent_raw
2026-03-11,603378.SH,6.4900,6.5400,6.3200,6.3500,58083.0000,,Tencent_raw
2026-03-12,603378.SH,6.3800,6.3800,6.2500,6.2600,53683.0000,,Tencent_raw
2026-03-13,603378.SH,6.2500,6.4000,6.2200,6.2300,50123.0000,,Tencent_raw
2026-03-16,603378.SH,6.2900,6.4000,6.1800,6.2200,81210.0000,,Tencent_raw
2026-03-17,603378.SH,6.1600,6.2900,6.0800,6.1000,64853.0000,,Tencent_raw
2026-03-18,603378.SH,6.1100,6.1700,6.0100,6.1600,63239.0000,,Tencent_raw
2026-03-19,603378.SH,6.0900,6.1700,5.8900,5.9100,73585.0000,,Tencent_raw
2026-03-20,603378.SH,5.9100,5.9700,5.6800,5.7000,93648.0000,,Tencent_raw
2026-03-23,603378.SH,5.5300,5.6400,5.2900,5.3700,138034.0000,,Tencent_raw
2026-03-24,603378.SH,5.4600,5.6900,5.3300,5.6700,85634.0000,,Tencent_raw
2026-03-25,603378.SH,5.6700,5.7600,5.6500,5.7500,61353.0000,,Tencent_raw
2026-03-26,603378.SH,5.7400,5.8300,5.6000,5.6600,57032.0000,,Tencent_raw
2026-03-27,603378.SH,5.6600,5.7900,5.6000,5.7700,59403.0000,,Tencent_raw
2026-03-30,603378.SH,5.6600,5.8300,5.6100,5.8300,58173.0000,,Tencent_raw
2026-03-31,603378.SH,5.8400,5.9200,5.7000,5.7000,69678.0000,,Tencent_raw
2026-04-01,603378.SH,5.8700,5.8700,5.5100,5.5600,99230.0000,,Tencent_raw
2026-04-02,603378.SH,5.5500,5.5800,5.3200,5.3800,70134.0000,,Tencent_raw
2026-04-03,603378.SH,5.3800,5.4100,5.0500,5.0800,86337.0000,,Tencent_raw
2026-04-07,603378.SH,5.1200,5.3900,5.0700,5.3400,115842.0000,,Tencent_raw
2026-04-08,603378.SH,5.4600,5.5400,5.3500,5.5400,74579.0000,,Tencent_raw
2026-04-09,603378.SH,5.5200,5.5200,5.3000,5.3300,64346.0000,,Tencent_raw
2026-04-10,603378.SH,5.3500,5.5300,5.3300,5.4800,80398.0000,,Tencent_raw
2026-04-13,603378.SH,5.4400,5.5500,5.3800,5.5300,73366.0000,,Tencent_raw
2026-04-14,603378.SH,5.5600,5.5800,5.3400,5.4400,70136.0000,,Tencent_raw
2026-04-15,603378.SH,5.4900,5.5800,5.3700,5.4100,68135.0000,,Tencent_raw
2026-04-16,603378.SH,5.4300,5.6700,5.3500,5.6300,79268.0000,,Tencent_raw
2026-04-17,603378.SH,5.6800,5.8000,5.4900,5.5000,75155.0000,,Tencent_raw
2026-04-20,603378.SH,5.5100,5.6300,5.3600,5.5600,69454.0000,,Tencent_raw
2026-04-21,603378.SH,5.5600,5.6000,5.5000,5.5700,51050.0000,,Tencent_raw
2026-04-22,603378.SH,5.5300,5.6000,5.4600,5.5300,58557.0000,,Tencent_raw
2026-04-23,603378.SH,5.5800,5.5800,5.4400,5.5200,58959.0000,,Tencent_raw
2026-04-24,603378.SH,5.5200,5.6400,5.4600,5.6100,70887.0000,,Tencent_raw
2026-04-27,603378.SH,5.5500,5.7600,5.4800,5.7300,79003.0000,,Tencent_raw
2026-04-28,603378.SH,5.7100,5.8100,5.6600,5.7900,73495.0000,,Tencent_raw
2026-04-29,603378.SH,5.2100,5.2100,5.2100,5.2100,22076.0000,,Tencent_raw
2026-05-06,603378.SH,4.9500,4.9500,4.9500,4.9500,2325.0000,,Tencent_raw
2026-05-07,603378.SH,4.7000,4.7000,4.7000,4.7000,1394.0000,,Tencent_raw
2026-05-08,603378.SH,4.4700,4.4700,4.4700,4.4700,4792.0000,,Tencent_raw
2026-05-11,603378.SH,4.2500,4.5400,4.2500,4.4200,752287.0000,,Tencent_raw
2026-05-12,603378.SH,4.4800,4.6400,4.4600,4.6400,176982.0000,,Tencent_raw
2026-05-13,603378.SH,4.8700,4.8700,4.6300,4.8700,439649.0000,,Tencent_raw
2026-05-14,603378.SH,5.1100,5.1100,5.0000,5.1100,98388.0000,,Tencent_raw
2026-05-15,603378.SH,5.3700,5.3700,4.8500,5.3700,495050.0000,,Tencent_raw
2026-05-18,603378.SH,5.2600,5.6400,5.1100,5.6400,277237.0000,,Tencent_raw
2026-05-19,603378.SH,5.6000,5.9000,5.4100,5.5600,350508.0000,,Tencent_raw
2026-05-20,603378.SH,5.6500,5.7900,5.2800,5.4100,364116.0000,,Tencent_raw
2026-05-21,603378.SH,5.3000,5.5800,5.2300,5.2600,219860.0000,,Tencent_raw
2026-05-22,603378.SH,5.3300,5.5200,5.3300,5.4600,230576.0000,,Tencent_raw
2026-05-25,603378.SH,5.3000,5.7300,5.2800,5.7300,260165.0000,,Tencent_raw
2026-05-26,603378.SH,5.7700,5.8700,5.4400,5.4400,242189.0000,,Tencent_raw
2026-05-27,603378.SH,5.3000,5.3400,5.1700,5.1700,150182.0000,,Tencent_raw
2026-05-28,603378.SH,5.0000,5.2800,4.9500,5.1800,154678.0000,,Tencent_raw
2026-05-29,603378.SH,5.1800,5.4400,5.1400,5.4000,161099.0000,,Tencent_raw
2026-06-01,603378.SH,5.3300,5.6700,5.3300,5.6700,155248.0000,,Tencent_raw
2026-06-02,603378.SH,5.9000,5.9500,5.7500,5.9500,173809.0000,,Tencent_raw
2026-06-03,603378.SH,6.1200,6.2000,5.7800,5.9100,235879.0000,,Tencent_raw
2026-06-04,603378.SH,5.9900,6.0900,5.6100,5.7300,162566.0000,,Tencent_raw
2026-06-05,603378.SH,5.7300,5.8500,5.6000,5.6200,144948.0000,,Tencent_raw
2026-06-08,603378.SH,5.5500,5.9000,5.4000,5.9000,176590.0000,,Tencent_raw
2026-06-09,603378.SH,5.9900,6.1800,5.7400,5.9500,183932.0000,,Tencent_raw
2026-06-10,603378.SH,5.8300,5.8500,5.6500,5.6500,98274.0000,,Tencent_raw
2026-06-11,603378.SH,5.4000,5.6600,5.3700,5.3700,93657.0000,,Tencent_raw
2026-06-12,603378.SH,5.4600,5.5100,5.1000,5.2900,168400.0000,,Tencent_raw
2026-06-15,603378.SH,5.1700,5.3800,5.0500,5.2900,138546.0000,,Tencent_raw
2026-06-16,603378.SH,5.2500,5.5300,5.0300,5.4600,192177.0000,,Tencent_raw
2026-06-17,603378.SH,5.4600,5.4600,5.1900,5.1900,124066.0000,,Tencent_raw
2026-06-18,603378.SH,5.0000,5.1700,4.9300,5.0800,107406.0000,,Tencent_raw
2026-06-22,603378.SH,4.9500,4.9800,4.8300,4.8300,87763.0000,,Tencent_raw
2026-06-23,603378.SH,4.7700,5.0700,4.7600,5.0200,92410.0000,,Tencent_raw
2026-06-24,603378.SH,4.9000,4.9900,4.7700,4.7700,75353.0000,,Tencent_raw
2026-06-25,603378.SH,4.6700,5.0100,4.5300,5.0100,149608.0000,,Tencent_raw
2026-06-26,603378.SH,4.8000,5.2600,4.8000,5.1800,143836.0000,,Tencent_raw
2026-06-29,603378.SH,5.1600,5.1600,4.9200,4.9300,92079.0000,,Tencent_raw
2026-06-30,603378.SH,4.9200,4.9500,4.6800,4.8200,77426.0000,,Tencent_raw
2026-07-01,603378.SH,4.7600,5.0600,4.7000,5.0600,100574.0000,,Tencent_raw
2026-07-02,603378.SH,5.1700,5.3000,5.0400,5.1500,94674.0000,,Tencent_raw
2026-07-03,603378.SH,5.2000,5.4100,5.1500,5.4100,82145.0000,,Tencent_raw
2026-07-06,603378.SH,5.6000,5.8700,5.2900,5.3700,119732.0000,,Tencent_raw
2026-07-07,603378.SH,5.3600,5.6900,5.1300,5.4100,127027.0000,,Tencent_raw
2026-07-08,603378.SH,5.1900,5.7000,5.1100,5.5300,146917.0000,,Tencent_raw
2026-07-09,603378.SH,5.6500,6.0700,5.6000,5.9400,167100.0000,,Tencent_raw
2026-07-10,603378.SH,5.9100,5.9800,5.6800,5.8400,131943.0000,,Tencent_raw
2026-07-13,603378.SH,5.8000,5.9400,5.5300,5.8300,122082.0000,,Tencent_raw
2026-07-14,603378.SH,5.8700,5.8800,5.5300,5.6000,79049.0000,,Tencent_raw
2026-07-15,603378.SH,5.4800,5.6500,5.1900,5.3900,92659.0000,,Tencent_raw
2026-07-16,603378.SH,5.3000,5.3600,5.1300,5.2400,93571.0000,,Tencent_raw
2026-07-17,603378.SH,5.2600,5.2900,4.9400,5.1500,84610.0000,,Tencent_raw
2026-07-20,603378.SH,5.0800,5.1300,4.6400,4.6400,78412.0000,,Tencent_raw
2026-07-21,603378.SH,4.3400,4.4400,4.1800,4.1800,128960.0000,,Tencent_raw
2026-07-22,603378.SH,3.8900,4.2000,3.8500,4.0700,101839.0000,,Tencent_raw
2026-07-23,603378.SH,4.1600,4.4800,4.1000,4.4800,88769.0000,,Tencent_raw
2026-07-24,603378.SH,4.5300,4.9300,4.5300,4.6000,103544.0000,,Tencent_raw
2026-07-27,603378.SH,4.5900,5.0600,4.5900,5.0600,102193.0000,,Tencent_raw
2026-07-28,603378.SH,5.0600,5.3800,5.0000,5.1600,96667.0000,,Tencent_raw
2026-07-29,603378.SH,5.0600,5.2800,5.0400,5.1200,54046.0000,,Tencent_raw
2026-07-30,603378.SH,5.2000,5.2200,4.9200,4.9900,55732.0000,,Tencent_raw
2026-07-31,603378.SH,5.1000,5.1200,4.9600,5.0800,60387.0000,,Tencent_raw
2026-08-03,603378.SH,5.0500,5.3100,5.0500,5.2800,61518.0000,,Tencent_raw
2026-08-04,603378.SH,5.4000,5.4000,5.1900,5.2500,49300.0000,,Tencent_raw
2026-08-05,603378.SH,5.2300,5.3000,5.1300,5.1700,51925.0000,,Tencent_raw
2026-08-06,603378.SH,5.2000,5.4000,5.1400,5.3400,72341.0000,,Tencent_raw
2026-08-07,603378.SH,5.3700,5.6200,5.2300,5.5700,82003.0000,,Tencent_raw
2026-08-10,603378.SH,5.6400,5.7800,5.4500,5.5500,90989.0000,,Tencent_raw
2026-08-11,603378.SH,5.4500,5.6000,5.3500,5.4400,48756.0000,,Tencent_raw
2026-08-12,603378.SH,5.3900,5.5800,5.3600,5.5500,40076.0000,,Tencent_raw
2026-08-13,603378.SH,5.4600,5.9100,5.4600,5.6700,90238.0000,,Tencent_raw
2026-08-14,603378.SH,5.6000,5.8200,5.6000,5.7200,52983.0000,,Tencent_raw
2026-08-17,603378.SH,5.8200,5.8200,5.5000,5.6100,102502.0000,,Tencent_raw
2026-08-18,603378.SH,5.6100,5.6700,5.4500,5.5000,68912.0000,,Tencent_raw
2026-08-19,603378.SH,5.4500,5.7400,5.4000,5.4700,87871.0000,,Tencent_raw
2026-08-20,603378.SH,5.5200,5.7000,5.3900,5.6300,98514.0000,,Tencent_raw
2026-08-21,603378.SH,5.6300,6.1900,5.5300,6.1300,229109.0000,,Tencent_raw
2026-08-24,603378.SH,6.2900,6.4200,6.1000,6.2100,156977.0000,,Tencent_raw
2026-08-25,603378.SH,6.0700,6.8300,6.0700,6.7500,187212.0000,,Tencent_raw
2026-08-26,603378.SH,6.6800,6.6800,6.4000,6.5400,145244.0000,,Tencent_raw
2026-08-27,603378.SH,6.4100,6.6400,6.2100,6.5000,112900.0000,,Tencent_raw
2026-08-28,603378.SH,6.4400,6.6300,6.4000,6.5100,53955.0000,,Tencent_raw
2026-08-31,603378.SH,6.3900,6.8000,6.3800,6.4800,59244.0000,,Tencent_raw
2026-09-01,603378.SH,6.4100,6.5100,6.1700,6.2100,86977.0000,,Tencent_raw
2026-09-02,603378.SH,6.2100,6.4800,6.0100,6.4500,68160.0000,,Tencent_raw
2026-09-03,603378.SH,6.4200,6.7800,6.3800,6.7500,122086.0000,,Tencent_raw
2026-09-04,603378.SH,6.8700,7.3300,6.7500,7.2900,157858.0000,,Tencent_raw
2026-09-07,603378.SH,7.1400,7.4500,6.8800,7.0600,183875.0000,,Tencent_raw
2026-09-08,603378.SH,7.0500,7.2000,6.6600,6.7500,140774.0000,,Tencent_raw
2026-09-09,603378.SH,6.8200,6.8400,6.6500,6.6800,76133.0000,,Tencent_raw
2026-09-10,603378.SH,6.7500,7.2000,6.6000,7.2000,154884.0000,,Tencent_raw
2026-09-11,603378.SH,7.1800,7.4100,6.8600,7.0100,120584.0000,,Tencent_raw
2026-09-14,603378.SH,7.0300,7.1200,6.8000,6.8000,83576.0000,,Tencent_raw
2026-09-15,603378.SH,6.7500,6.7500,6.1200,6.1200,124536.0000,,Tencent_raw
2026-09-16,603378.SH,5.8200,6.1000,5.7600,5.9400,184669.0000,,Tencent_raw
2026-09-17,603378.SH,5.9000,6.2000,5.8200,6.0000,143636.0000,,Tencent_raw
2026-09-18,603378.SH,5.9200,5.9700,5.5700,5.6700,157474.0000,,Tencent_raw
2026-09-21,603378.SH,5.8200,6.0500,5.6500,5.9000,142150.0000,,Tencent_raw
2026-09-22,603378.SH,5.3100,5.3100,5.3100,5.3100,37038.0000,,Tencent_raw
2026-09-23,603378.SH,5.0000,5.1700,4.8000,4.9000,243648.0000,,Tencent_raw
2026-09-24,603378.SH,4.8900,4.9800,4.6900,4.7100,135701.0000,,Tencent_raw
2026-09-28,603378.SH,4.7600,4.7600,4.5400,4.6200,107548.0000,,Tencent_raw
2025-09-01,603398.SH,6.3000,6.4500,5.9300,6.1500,634137.0000,,Tencent_raw
2025-09-02,603398.SH,6.0600,6.1000,5.8400,5.8400,345780.0000,,Tencent_raw
2025-09-03,603398.SH,5.9600,6.0600,5.8200,5.9300,317196.0000,,Tencent_raw
2025-09-04,603398.SH,5.9000,6.0900,5.8000,5.9400,259818.0000,,Tencent_raw
2025-09-05,603398.SH,6.0800,6.2400,5.9500,6.2400,205090.0000,,Tencent_raw
2025-09-08,603398.SH,6.4200,6.5500,6.4200,6.5500,99535.0000,,Tencent_raw
2025-09-09,603398.SH,6.8500,6.8500,6.3100,6.4300,451040.0000,,Tencent_raw
2025-09-10,603398.SH,6.6000,6.7500,6.4500,6.6800,494070.0000,,Tencent_raw
2025-09-11,603398.SH,6.5900,6.6900,6.4500,6.6500,335287.0000,,Tencent_raw
2025-09-12,603398.SH,6.7500,6.9800,6.6800,6.9800,377230.0000,,Tencent_raw
2025-09-15,603398.SH,6.6300,6.6300,6.6300,6.6300,107419.0000,,Tencent_raw
2025-09-16,603398.SH,6.6300,6.9600,6.5000,6.9600,390759.0000,,Tencent_raw
2025-09-17,603398.SH,6.8900,7.3000,6.8100,6.8500,364994.0000,,Tencent_raw
2025-09-18,603398.SH,6.9700,7.1900,6.9000,7.1900,389061.0000,,Tencent_raw
2025-09-19,603398.SH,7.2400,7.5400,7.1600,7.4500,378654.0000,,Tencent_raw
2025-09-22,603398.SH,7.3100,7.7800,7.0800,7.7800,402424.0000,,Tencent_raw
2025-09-23,603398.SH,7.8800,8.0800,7.4500,7.7400,357804.0000,,Tencent_raw
2025-09-24,603398.SH,8.1300,8.1300,7.8900,8.1300,398373.0000,,Tencent_raw
2025-09-25,603398.SH,7.9900,8.5400,7.9200,8.5400,308989.0000,,Tencent_raw
2025-09-26,603398.SH,8.7000,8.9700,8.6700,8.9700,329081.0000,,Tencent_raw
2025-09-29,603398.SH,9.0000,9.4200,9.0000,9.4200,166661.0000,,Tencent_raw
2025-09-30,603398.SH,8.9500,9.4400,8.9500,8.9500,343785.0000,,Tencent_raw
2025-10-09,603398.SH,8.5600,8.7600,8.5000,8.5000,147404.0000,,Tencent_raw
2025-10-10,603398.SH,8.0800,8.0800,8.0800,8.0800,28611.0000,,Tencent_raw
2025-10-13,603398.SH,7.6800,8.4800,7.6800,8.4800,478857.0000,,Tencent_raw
2025-10-14,603398.SH,8.2200,8.4300,8.0600,8.0600,429155.0000,,Tencent_raw
2025-10-15,603398.SH,8.0400,8.2000,7.6600,7.6600,267703.0000,,Tencent_raw
2025-10-16,603398.SH,7.4000,7.6600,7.2800,7.2800,314975.0000,,Tencent_raw
2025-10-17,603398.SH,7.4500,7.6400,7.3400,7.6400,275545.0000,,Tencent_raw
2025-10-20,603398.SH,7.4000,7.9300,7.4000,7.8300,192931.0000,,Tencent_raw
2025-10-21,603398.SH,7.8500,7.9500,7.6100,7.8000,140933.0000,,Tencent_raw
2025-10-22,603398.SH,7.8200,8.1900,7.8200,8.1900,119086.0000,,Tencent_raw
2025-10-23,603398.SH,8.3500,8.6000,7.8000,8.1900,369351.0000,,Tencent_raw
2025-10-24,603398.SH,8.0300,8.3500,8.0000,8.0400,239259.0000,,Tencent_raw
2025-10-27,603398.SH,7.8300,7.9500,7.6400,7.6500,289425.0000,,Tencent_raw
2025-10-28,603398.SH,7.4700,7.8000,7.2700,7.2900,279714.0000,,Tencent_raw
2025-10-29,603398.SH,7.2600,7.4300,6.9700,7.0000,233692.0000,,Tencent_raw
2025-10-30,603398.SH,7.3500,7.3500,7.3300,7.3500,140346.0000,,Tencent_raw
2025-10-31,603398.SH,7.6100,7.7200,7.4800,7.7100,318992.0000,,Tencent_raw
2025-11-03,603398.SH,7.7700,8.1000,7.7300,8.1000,225708.0000,,Tencent_raw
2025-11-04,603398.SH,8.2000,8.4500,7.7700,7.8800,294358.0000,,Tencent_raw
2025-11-05,603398.SH,7.6000,8.2600,7.5800,8.1300,211524.0000,,Tencent_raw
2025-11-06,603398.SH,8.1100,8.3400,7.8300,7.8700,163272.0000,,Tencent_raw
2025-11-07,603398.SH,7.9500,8.2600,7.7900,8.2600,211948.0000,,Tencent_raw
2025-11-10,603398.SH,8.4900,8.6700,8.3300,8.4000,320072.0000,,Tencent_raw
2025-11-11,603398.SH,8.6000,8.8200,8.3600,8.8200,240685.0000,,Tencent_raw
2025-11-12,603398.SH,8.7000,8.7000,8.3800,8.3800,255726.0000,,Tencent_raw
2025-11-13,603398.SH,8.0500,8.2400,7.9600,7.9900,247797.0000,,Tencent_raw
2025-11-14,603398.SH,8.1600,8.3700,8.0100,8.2000,155500.0000,,Tencent_raw
2025-11-17,603398.SH,8.6100,8.6100,8.6100,8.6100,19810.0000,,Tencent_raw
2025-11-18,603398.SH,9.0400,9.0400,9.0400,9.0400,31496.0000,,Tencent_raw
2025-11-19,603398.SH,9.4900,9.4900,9.1800,9.4900,448784.0000,,Tencent_raw
2025-11-20,603398.SH,9.7500,9.9600,9.1000,9.9600,426378.0000,,Tencent_raw
2025-11-21,603398.SH,10.4600,10.4600,10.2600,10.4600,147683.0000,,Tencent_raw
2025-11-24,603398.SH,10.7800,10.7800,9.9400,9.9400,123590.0000,,Tencent_raw
2025-11-25,603398.SH,9.4400,10.4400,9.4400,10.2200,356175.0000,,Tencent_raw
2025-11-26,603398.SH,10.1900,10.7300,10.0800,10.1600,382834.0000,,Tencent_raw
2025-11-27,603398.SH,9.6500,9.9600,9.6500,9.6500,365361.0000,,Tencent_raw
2025-11-28,603398.SH,9.3600,9.9000,9.1700,9.5000,282956.0000,,Tencent_raw
2025-12-01,603398.SH,9.4000,9.4700,9.0400,9.0400,229244.0000,,Tencent_raw
2025-12-02,603398.SH,9.0500,9.2700,8.6500,8.6800,262825.0000,,Tencent_raw
2025-12-03,603398.SH,8.5500,8.7800,8.2500,8.3600,306882.0000,,Tencent_raw
2025-12-04,603398.SH,8.4600,8.6900,8.4000,8.4800,222599.0000,,Tencent_raw
2025-12-05,603398.SH,8.5000,8.9000,8.1800,8.9000,265298.0000,,Tencent_raw
2025-12-08,603398.SH,8.7600,9.1300,8.7500,8.8600,188305.0000,,Tencent_raw
2025-12-09,603398.SH,8.8300,9.2700,8.7700,9.1500,173989.0000,,Tencent_raw
2025-12-10,603398.SH,9.0700,9.1900,8.7200,8.7300,169379.0000,,Tencent_raw
2025-12-11,603398.SH,8.5500,8.7900,8.4400,8.6100,121865.0000,,Tencent_raw
2025-12-12,603398.SH,8.5000,8.6100,8.1800,8.1800,181486.0000,,Tencent_raw
2025-12-15,603398.SH,7.7700,8.0800,7.7700,7.7700,175702.0000,,Tencent_raw
2025-12-16,603398.SH,7.6700,7.7700,7.3800,7.3800,174233.0000,,Tencent_raw
2025-12-17,603398.SH,7.2000,7.5800,7.0100,7.3500,225394.0000,,Tencent_raw
2025-12-18,603398.SH,7.1700,7.6500,7.1700,7.4200,163794.0000,,Tencent_raw
2025-12-19,603398.SH,7.4100,7.7900,7.4100,7.7900,122962.0000,,Tencent_raw
2025-12-22,603398.SH,7.4000,7.9900,7.4000,7.8200,210702.0000,,Tencent_raw
2025-12-23,603398.SH,7.7400,8.1900,7.6300,7.7600,196408.0000,,Tencent_raw
2025-12-24,603398.SH,7.6800,7.8400,7.5100,7.7100,141443.0000,,Tencent_raw
2025-12-25,603398.SH,7.9900,8.1000,7.8500,8.1000,129829.0000,,Tencent_raw
2025-12-26,603398.SH,8.3000,8.4800,8.0300,8.4300,187187.0000,,Tencent_raw
2025-12-29,603398.SH,8.4000,8.6500,8.1800,8.3300,159433.0000,,Tencent_raw
2025-12-30,603398.SH,8.4200,8.6500,8.3000,8.4700,127509.0000,,Tencent_raw
2025-12-31,603398.SH,8.3800,8.4500,8.1100,8.2700,139472.0000,,Tencent_raw
2026-01-05,603398.SH,8.2700,8.6800,8.0300,8.6800,145341.0000,,Tencent_raw
2026-01-06,603398.SH,8.7600,9.0900,8.6900,9.0600,156805.0000,,Tencent_raw
2026-01-07,603398.SH,9.0900,9.4500,8.8000,9.0200,216629.0000,,Tencent_raw
2026-01-08,603398.SH,9.0100,9.4500,8.9600,9.4400,170144.0000,,Tencent_raw
2026-01-09,603398.SH,9.5500,9.7000,9.1900,9.3200,175021.0000,,Tencent_raw
2026-01-12,603398.SH,8.9400,9.1800,8.8600,8.8800,165460.0000,,Tencent_raw
2026-01-13,603398.SH,8.6000,8.7900,8.4400,8.4400,164925.0000,,Tencent_raw
2026-01-14,603398.SH,8.1800,8.7000,8.1800,8.5200,141510.0000,,Tencent_raw
2026-01-15,603398.SH,8.8000,8.9500,8.5800,8.9500,148256.0000,,Tencent_raw
2026-01-16,603398.SH,9.1000,9.3600,9.0600,9.0900,144474.0000,,Tencent_raw
2026-01-19,603398.SH,8.9700,9.3200,8.9600,9.2100,100086.0000,,Tencent_raw
2026-01-20,603398.SH,9.3500,9.4000,9.0000,9.1500,95488.0000,,Tencent_raw
2026-01-21,603398.SH,9.1600,9.5800,9.1200,9.5700,122509.0000,,Tencent_raw
2026-01-22,603398.SH,9.3800,9.8800,9.3800,9.5600,123290.0000,,Tencent_raw
2026-01-23,603398.SH,9.6000,9.7000,9.0900,9.3800,146362.0000,,Tencent_raw
2026-01-26,603398.SH,9.8500,9.8500,9.6100,9.8500,180451.0000,,Tencent_raw
2026-01-27,603398.SH,9.6500,10.2200,9.4500,9.9900,226998.0000,,Tencent_raw
2026-01-28,603398.SH,9.8400,9.9500,9.4900,9.5500,146684.0000,,Tencent_raw
2026-01-29,603398.SH,9.6700,10.0300,9.6600,9.8700,126067.0000,,Tencent_raw
2026-01-30,603398.SH,9.8900,10.2200,9.6600,10.0900,135923.0000,,Tencent_raw
2026-02-02,603398.SH,9.7600,10.2000,9.6800,9.7000,111314.0000,,Tencent_raw
2026-02-03,603398.SH,9.7600,9.8600,9.3600,9.4600,128037.0000,,Tencent_raw
2026-02-04,603398.SH,9.4000,9.6000,9.2000,9.4800,74236.0000,,Tencent_raw
2026-02-05,603398.SH,9.3000,9.8900,9.3000,9.6900,111156.0000,,Tencent_raw
2026-02-06,603398.SH,9.6500,9.8200,9.5200,9.7500,75350.0000,,Tencent_raw
2026-02-09,603398.SH,9.8700,9.9100,9.6600,9.7100,71609.0000,,Tencent_raw
2026-02-10,603398.SH,9.6200,9.7200,9.2200,9.2200,148941.0000,,Tencent_raw
2026-02-11,603398.SH,9.1500,9.3000,8.8900,9.0400,87759.0000,,Tencent_raw
2026-02-12,603398.SH,9.1200,9.2200,8.9900,9.0200,86096.0000,,Tencent_raw
2026-02-13,603398.SH,9.0200,9.3500,9.0200,9.2700,86125.0000,,Tencent_raw
2026-02-24,603398.SH,9.1000,9.3800,9.0300,9.1500,73093.0000,,Tencent_raw
2026-02-25,603398.SH,9.1400,9.5000,9.1400,9.3900,63687.0000,,Tencent_raw
2026-02-26,603398.SH,9.3900,9.8200,9.3500,9.6800,86778.0000,,Tencent_raw
2026-02-27,603398.SH,9.7800,9.8700,9.5300,9.6000,89801.0000,,Tencent_raw
2026-03-02,603398.SH,10.0800,10.0800,9.6500,9.7800,157547.0000,,Tencent_raw
2026-03-03,603398.SH,9.7800,9.7900,9.2900,9.3000,105070.0000,,Tencent_raw
2026-03-04,603398.SH,9.0900,9.5500,9.0300,9.4100,54891.0000,,Tencent_raw
2026-03-05,603398.SH,9.4100,9.5900,9.4100,9.5000,56828.0000,,Tencent_raw
2026-03-06,603398.SH,9.5200,9.6100,9.4100,9.5700,44687.0000,,Tencent_raw
2026-03-09,603398.SH,9.4200,9.5000,9.1900,9.4300,65445.0000,,Tencent_raw
2026-03-10,603398.SH,9.4100,9.4900,9.3400,9.4800,52436.0000,,Tencent_raw
2026-03-11,603398.SH,9.4000,9.9000,9.3900,9.7300,102672.0000,,Tencent_raw
2026-03-12,603398.SH,9.7300,9.8300,9.6300,9.7000,57815.0000,,Tencent_raw
2026-03-13,603398.SH,9.5800,9.8500,9.5600,9.7900,76084.0000,,Tencent_raw
2026-03-16,603398.SH,9.7600,9.8900,9.4200,9.7200,101819.0000,,Tencent_raw
2026-03-17,603398.SH,9.8500,10.2100,9.7800,10.2100,100688.0000,,Tencent_raw
2026-03-18,603398.SH,10.4700,10.7200,10.2600,10.3000,282887.0000,,Tencent_raw
2026-03-19,603398.SH,10.1600,10.8100,10.0500,10.7300,168575.0000,,Tencent_raw
2026-03-20,603398.SH,10.7300,11.2700,10.5200,11.2700,148473.0000,,Tencent_raw
2026-03-23,603398.SH,11.2300,11.8000,10.7500,10.8700,245773.0000,,Tencent_raw
2026-03-24,603398.SH,11.0300,11.4100,10.8800,11.4100,138829.0000,,Tencent_raw
2026-03-25,603398.SH,11.6900,11.7200,11.1300,11.4100,134448.0000,,Tencent_raw
2026-03-26,603398.SH,11.4600,11.4900,10.9700,10.9900,100729.0000,,Tencent_raw
2026-03-27,603398.SH,10.8600,11.2700,10.8200,11.2200,62720.0000,,Tencent_raw
2026-03-30,603398.SH,11.2200,11.7500,11.0500,11.6300,69759.0000,,Tencent_raw
2026-03-31,603398.SH,11.6500,11.9200,11.4100,11.5100,64575.0000,,Tencent_raw
2026-04-01,603398.SH,11.5100,11.6000,11.2200,11.3600,76984.0000,,Tencent_raw
2026-04-02,603398.SH,11.0400,11.3500,10.9800,11.1400,64116.0000,,Tencent_raw
2026-04-03,603398.SH,11.1400,11.6500,11.1400,11.6400,77508.0000,,Tencent_raw
2026-04-07,603398.SH,11.2800,11.9000,11.2800,11.8100,70942.0000,,Tencent_raw
2026-04-08,603398.SH,11.9500,12.1700,11.9400,12.0600,50468.0000,,Tencent_raw
2026-04-09,603398.SH,12.0600,12.6600,11.8700,12.6100,77965.0000,,Tencent_raw
2026-04-10,603398.SH,12.6900,13.0000,12.1600,12.3500,135862.0000,,Tencent_raw
2026-04-13,603398.SH,12.4500,12.9600,12.3100,12.9600,92947.0000,,Tencent_raw
2026-04-14,603398.SH,12.7700,13.0100,12.6400,12.7500,77095.0000,,Tencent_raw
2026-04-15,603398.SH,12.7800,13.1700,12.6600,12.9000,67445.0000,,Tencent_raw
2026-04-16,603398.SH,12.9000,12.9000,12.5200,12.5700,78496.0000,,Tencent_raw
2026-04-17,603398.SH,12.5600,12.5800,11.9400,12.1100,122349.0000,,Tencent_raw
2026-04-20,603398.SH,12.1000,12.3000,11.5000,11.5000,141770.0000,,Tencent_raw
2026-04-21,603398.SH,11.0000,11.5500,10.9300,11.3500,114621.0000,,Tencent_raw
2026-04-22,603398.SH,11.3200,11.9000,11.0500,11.8600,91417.0000,,Tencent_raw
2026-04-23,603398.SH,11.9800,12.1900,11.7700,11.9000,88355.0000,,Tencent_raw
2026-04-24,603398.SH,11.5000,12.0200,11.5000,11.7100,77055.0000,,Tencent_raw
2026-04-27,603398.SH,11.7600,11.8700,11.2000,11.2000,93817.0000,,Tencent_raw
2026-04-28,603398.SH,11.0600,11.7600,11.0100,11.7600,105458.0000,,Tencent_raw
2026-04-29,603398.SH,11.9500,12.1200,11.7500,11.8600,99025.0000,,Tencent_raw
2026-04-30,603398.SH,12.4500,12.4500,12.4500,12.4500,24034.0000,,Tencent_raw
2026-05-06,603398.SH,13.0700,13.0700,13.0700,13.0700,15855.0000,,Tencent_raw
2026-05-07,603398.SH,13.7200,13.7200,13.7200,13.7200,9060.0000,,Tencent_raw
2026-05-08,603398.SH,14.4100,14.4100,13.0300,13.5000,190790.0000,,Tencent_raw
2026-05-11,603398.SH,13.4000,14.1800,13.3800,14.1800,113355.0000,,Tencent_raw
2026-05-12,603398.SH,14.6500,14.8900,14.2100,14.8900,125350.0000,,Tencent_raw
2026-05-13,603398.SH,15.0400,15.4600,14.6000,14.9900,137070.0000,,Tencent_raw
2026-05-14,603398.SH,15.0000,15.3900,14.2400,14.2400,199770.0000,,Tencent_raw
2026-05-15,603398.SH,13.8400,14.3100,13.5300,14.0200,153745.0000,,Tencent_raw
2026-05-18,603398.SH,14.3400,14.7200,14.1000,14.7200,107466.0000,,Tencent_raw
2026-05-19,603398.SH,15.0100,15.4600,14.8800,15.2900,150527.0000,,Tencent_raw
2026-05-20,603398.SH,15.1400,15.5900,14.8600,15.2500,129382.0000,,Tencent_raw
2026-05-21,603398.SH,15.2000,15.3500,14.6800,14.8900,93904.0000,,Tencent_raw
2026-05-22,603398.SH,15.0500,15.3000,14.7100,14.7400,96624.0000,,Tencent_raw
2026-05-25,603398.SH,14.7500,14.8900,14.0300,14.0300,106036.0000,,Tencent_raw
2026-05-26,603398.SH,14.0700,14.4800,13.3700,13.7300,140325.0000,,Tencent_raw
2026-05-27,603398.SH,13.8700,14.2800,13.7000,13.9500,94967.0000,,Tencent_raw
2026-05-28,603398.SH,14.2000,14.2800,13.6000,13.7100,78899.0000,,Tencent_raw
2026-05-29,603398.SH,13.6700,14.4000,13.3300,14.4000,134437.0000,,Tencent_raw
2026-06-01,603398.SH,14.3000,15.0800,14.1300,14.7900,99389.0000,,Tencent_raw
2026-06-02,603398.SH,14.9600,14.9600,14.3900,14.5700,66143.0000,,Tencent_raw
2026-06-03,603398.SH,14.6500,14.6500,13.9600,13.9700,78441.0000,,Tencent_raw
2026-06-04,603398.SH,13.9800,14.2600,13.6000,13.9600,71926.0000,,Tencent_raw
2026-06-05,603398.SH,13.7400,14.0400,13.4300,13.8800,65563.0000,,Tencent_raw
2026-06-08,603398.SH,13.4600,14.1900,13.4600,13.7400,66015.0000,,Tencent_raw
2026-06-09,603398.SH,13.7400,14.2900,13.6000,14.2000,67067.0000,,Tencent_raw
2026-06-10,603398.SH,14.0000,14.1400,13.6100,13.7000,51115.0000,,Tencent_raw
2026-06-11,603398.SH,13.6200,13.7300,13.0200,13.1200,76188.0000,,Tencent_raw
2026-06-12,603398.SH,13.2000,13.5100,12.8000,13.1200,56174.0000,,Tencent_raw
2026-06-15,603398.SH,13.3400,13.4200,12.8800,13.3000,53742.0000,,Tencent_raw
2026-06-16,603398.SH,13.2700,13.7200,13.0900,13.6500,72300.0000,,Tencent_raw
2026-06-17,603398.SH,13.6000,14.2400,13.5300,14.1400,69541.0000,,Tencent_raw
2026-06-18,603398.SH,14.2000,14.3400,13.8600,14.2700,55730.0000,,Tencent_raw
2026-06-22,603398.SH,14.9800,14.9800,14.4600,14.5800,91544.0000,,Tencent_raw
2026-06-23,603398.SH,14.4000,15.0700,14.3000,14.8800,67825.0000,,Tencent_raw
2026-06-24,603398.SH,14.8000,14.9700,14.4500,14.6400,54795.0000,,Tencent_raw
2026-06-25,603398.SH,14.4900,14.6300,14.1300,14.1900,57599.0000,,Tencent_raw
2026-06-26,603398.SH,13.7600,14.4100,13.7600,14.1200,52491.0000,,Tencent_raw
2026-06-29,603398.SH,13.9600,14.2800,13.5100,14.0600,66978.0000,,Tencent_raw
2026-06-30,603398.SH,14.0600,14.7500,13.9100,14.6600,55075.0000,,Tencent_raw
2026-07-01,603398.SH,14.6000,14.7400,14.4800,14.5900,41918.0000,,Tencent_raw
2026-07-02,603398.SH,14.4800,15.0700,14.3800,14.9800,62104.0000,,Tencent_raw
2026-07-03,603398.SH,14.5800,14.8600,14.2300,14.3200,92578.0000,,Tencent_raw
2026-07-06,603398.SH,14.1500,14.5700,14.1100,14.3600,41070.0000,,Tencent_raw
2026-07-07,603398.SH,14.4600,14.5500,14.2000,14.3600,33229.0000,,Tencent_raw
2026-07-08,603398.SH,14.4000,14.9600,14.2000,14.6500,60720.0000,,Tencent_raw
2026-07-09,603398.SH,14.7000,14.7000,14.0700,14.1300,54392.0000,,Tencent_raw
2026-07-10,603398.SH,14.0000,14.0500,13.5000,13.5700,63713.0000,,Tencent_raw
2026-07-13,603398.SH,13.6000,13.6400,12.8900,12.9400,72454.0000,,Tencent_raw
2026-07-14,603398.SH,12.8500,13.2000,11.6500,11.6500,119963.0000,,Tencent_raw
2026-07-15,603398.SH,11.6500,12.4500,11.4300,12.2000,123643.0000,,Tencent_raw
2026-07-16,603398.SH,12.0600,12.6000,10.9800,10.9800,172007.0000,,Tencent_raw
2026-07-17,603398.SH,11.0000,11.4700,9.8900,11.3000,181101.0000,,Tencent_raw
2026-07-20,603398.SH,11.3100,11.5000,10.1700,10.1700,110311.0000,,Tencent_raw
2026-07-21,603398.SH,9.3600,9.8400,9.1500,9.1500,127313.0000,,Tencent_raw
2026-07-22,603398.SH,8.6800,9.3300,8.2400,8.2400,183398.0000,,Tencent_raw
2026-07-23,603398.SH,8.5000,8.6300,7.6600,8.4600,149539.0000,,Tencent_raw
2026-07-24,603398.SH,8.5000,9.0900,8.3400,8.9600,159625.0000,,Tencent_raw
2026-07-27,603398.SH,8.6000,9.5500,8.6000,9.2900,129150.0000,,Tencent_raw
2026-07-28,603398.SH,9.2500,9.3900,8.9200,9.0800,94905.0000,,Tencent_raw
2026-07-29,603398.SH,9.0500,9.1400,8.5000,8.6800,94960.0000,,Tencent_raw
2026-07-30,603398.SH,8.5600,8.7400,8.2000,8.2000,95474.0000,,Tencent_raw
2026-07-31,603398.SH,8.4000,9.0200,8.2700,9.0200,125420.0000,,Tencent_raw
2026-08-03,603398.SH,9.0200,9.1900,8.7500,8.9000,87900.0000,,Tencent_raw
2026-08-04,603398.SH,8.8500,9.4700,8.8100,9.2500,81151.0000,,Tencent_raw
2026-08-05,603398.SH,9.2000,9.6200,9.1700,9.5200,83869.0000,,Tencent_raw
2026-08-06,603398.SH,9.6000,10.3200,9.5100,10.2800,100284.0000,,Tencent_raw
2026-08-07,603398.SH,10.4500,11.0800,10.1200,10.8700,117716.0000,,Tencent_raw
2026-08-10,603398.SH,10.8000,10.8000,10.2500,10.3300,82985.0000,,Tencent_raw
2026-08-11,603398.SH,10.3300,10.4800,10.1100,10.2200,48411.0000,,Tencent_raw
2026-08-12,603398.SH,10.5000,10.9400,10.3200,10.7000,64426.0000,,Tencent_raw
2026-08-13,603398.SH,10.7800,10.8700,10.4000,10.7700,64720.0000,,Tencent_raw
2026-08-14,603398.SH,10.7800,11.3000,10.7800,11.0300,90531.0000,,Tencent_raw
2026-08-17,603398.SH,11.0900,11.2700,10.7500,11.1400,53773.0000,,Tencent_raw
2026-08-18,603398.SH,10.9700,11.4400,10.6600,11.1600,67208.0000,,Tencent_raw
2026-08-19,603398.SH,10.9900,11.2000,10.6600,10.8500,71621.0000,,Tencent_raw
2026-08-20,603398.SH,10.9200,10.9500,10.4300,10.4900,71663.0000,,Tencent_raw
2026-08-21,603398.SH,10.5100,10.9600,10.1200,10.8200,86246.0000,,Tencent_raw
2026-08-24,603398.SH,10.6000,10.6100,9.7400,9.7500,103320.0000,,Tencent_raw
2026-08-25,603398.SH,9.4300,10.2000,9.3500,10.1200,81308.0000,,Tencent_raw
2026-08-26,603398.SH,10.1300,10.2000,9.7600,9.8000,53837.0000,,Tencent_raw
2026-08-27,603398.SH,9.8000,10.5900,9.7700,10.4300,69400.0000,,Tencent_raw
2026-08-28,603398.SH,10.3300,10.6800,10.2600,10.3900,57189.0000,,Tencent_raw
2026-08-31,603398.SH,10.3000,10.5000,10.1600,10.4100,37402.0000,,Tencent_raw
2026-09-01,603398.SH,10.4100,10.4400,10.2500,10.3100,23574.0000,,Tencent_raw
2026-09-02,603398.SH,10.3000,10.8200,10.0600,10.5000,48691.0000,,Tencent_raw
2026-09-03,603398.SH,10.3400,10.4800,10.2000,10.2000,34290.0000,,Tencent_raw
2026-09-04,603398.SH,10.2400,10.6000,10.1800,10.3900,50721.0000,,Tencent_raw
2026-09-07,603398.SH,10.3000,10.8500,10.3000,10.6900,66451.0000,,Tencent_raw
2026-09-08,603398.SH,11.0000,11.4000,9.8800,9.9900,195879.0000,,Tencent_raw
2026-09-09,603398.SH,9.7100,10.1400,9.5700,9.8300,95844.0000,,Tencent_raw
2026-09-10,603398.SH,9.9600,9.9600,9.0000,9.1600,117461.0000,,Tencent_raw
2026-09-11,603398.SH,9.1600,9.4700,8.9400,9.4000,86776.0000,,Tencent_raw
2026-09-14,603398.SH,9.2600,9.5900,9.0500,9.4900,80708.0000,,Tencent_raw
2026-09-15,603398.SH,9.3300,9.5700,8.9300,9.0300,64920.0000,,Tencent_raw
2026-09-16,603398.SH,9.1000,9.1000,8.7600,8.8900,69848.0000,,Tencent_raw
2026-09-17,603398.SH,8.8600,9.1900,8.7000,9.1000,63734.0000,,Tencent_raw
2026-09-18,603398.SH,9.4000,9.4800,9.2000,9.3000,74630.0000,,Tencent_raw
2026-09-21,603398.SH,9.3000,9.3700,8.8900,8.9000,74661.0000,,Tencent_raw
2026-09-22,603398.SH,8.9000,8.9400,8.5200,8.6600,86006.0000,,Tencent_raw
2026-09-23,603398.SH,8.6600,8.7800,8.4600,8.6300,37666.0000,,Tencent_raw
2026-09-24,603398.SH,8.6600,8.8200,8.4000,8.7500,47713.0000,,Tencent_raw
2026-09-28,603398.SH,8.6600,8.6600,8.2200,8.2400,43097.0000,,Tencent_raw
