date,ticker,open,high,low,close,volume_raw,amount_raw,source
2025-09-01,000010.SZ,4.4700,4.8700,4.4600,4.8700,506802.0000,,Tencent_raw
2025-09-02,000010.SZ,4.9400,5.0000,4.6300,4.7800,722302.0000,,Tencent_raw
2025-09-03,000010.SZ,4.9000,4.9200,4.6600,4.6900,321520.0000,,Tencent_raw
2025-09-04,000010.SZ,4.6500,4.7200,4.4600,4.4900,337906.0000,,Tencent_raw
2025-09-05,000010.SZ,4.5000,4.7400,4.4300,4.7300,417473.0000,,Tencent_raw
2025-09-08,000010.SZ,4.7100,4.7500,4.5300,4.6300,376491.0000,,Tencent_raw
2025-09-09,000010.SZ,4.6400,4.8800,4.5700,4.6000,462570.0000,,Tencent_raw
2025-09-10,000010.SZ,4.5900,4.8500,4.5700,4.5900,391060.0000,,Tencent_raw
2025-09-11,000010.SZ,4.6500,4.6500,4.4000,4.6200,447836.0000,,Tencent_raw
2025-09-12,000010.SZ,4.6200,4.9200,4.5900,4.7600,615417.0000,,Tencent_raw
2025-09-15,000010.SZ,4.8500,4.8800,4.7200,4.8300,439681.0000,,Tencent_raw
2025-09-16,000010.SZ,4.8300,4.9300,4.7800,4.8200,362511.0000,,Tencent_raw
2025-09-17,000010.SZ,4.8600,4.9400,4.6800,4.8600,412531.0000,,Tencent_raw
2025-09-18,000010.SZ,4.8600,4.9400,4.7100,4.7700,462096.0000,,Tencent_raw
2025-09-19,000010.SZ,4.7700,4.8000,4.4500,4.6300,529283.0000,,Tencent_raw
2025-09-22,000010.SZ,4.6400,4.6500,4.3700,4.4700,373813.0000,,Tencent_raw
2025-09-23,000010.SZ,4.4000,4.4600,4.1000,4.3700,491389.0000,,Tencent_raw
2025-09-24,000010.SZ,4.3500,4.5500,4.3200,4.3700,294081.0000,,Tencent_raw
2025-09-25,000010.SZ,4.4600,4.4600,4.2500,4.2800,230821.0000,,Tencent_raw
2025-09-26,000010.SZ,4.3200,4.3300,4.2100,4.2200,233163.0000,,Tencent_raw
2025-09-29,000010.SZ,4.2100,4.3600,4.1200,4.3000,313607.0000,,Tencent_raw
2025-09-30,000010.SZ,4.3000,4.5400,4.2900,4.4600,461385.0000,,Tencent_raw
2025-10-09,000010.SZ,4.5000,4.5100,4.1200,4.1200,570550.0000,,Tencent_raw
2025-10-10,000010.SZ,4.1300,4.1700,4.0000,4.0700,253890.0000,,Tencent_raw
2025-10-13,000010.SZ,3.8800,4.0700,3.8000,4.0700,290577.0000,,Tencent_raw
2025-10-14,000010.SZ,4.2700,4.3500,3.9800,4.0200,493818.0000,,Tencent_raw
2025-10-15,000010.SZ,3.9900,4.0500,3.8900,4.0200,284308.0000,,Tencent_raw
2025-10-16,000010.SZ,3.9900,4.0200,3.8800,3.9100,199224.0000,,Tencent_raw
2025-10-17,000010.SZ,3.9400,3.9500,3.8700,3.8700,164616.0000,,Tencent_raw
2025-10-20,000010.SZ,3.9200,4.2000,3.9100,4.1500,529974.0000,,Tencent_raw
2025-10-21,000010.SZ,4.1500,4.1500,3.9800,4.0700,296353.0000,,Tencent_raw
2025-10-22,000010.SZ,4.0700,4.0700,3.9600,3.9800,332199.0000,,Tencent_raw
2025-10-23,000010.SZ,3.9600,4.2100,3.8600,3.9800,435415.0000,,Tencent_raw
2025-10-24,000010.SZ,3.9400,4.0200,3.8600,3.8700,314572.0000,,Tencent_raw
2025-10-27,000010.SZ,3.8800,3.8900,3.6800,3.8500,407566.0000,,Tencent_raw
2025-10-28,000010.SZ,3.8500,3.9100,3.7900,3.8600,283647.0000,,Tencent_raw
2025-10-29,000010.SZ,3.8800,3.9300,3.7900,3.9300,266569.0000,,Tencent_raw
2025-10-30,000010.SZ,3.9100,3.9300,3.8200,3.8300,237042.0000,,Tencent_raw
2025-10-31,000010.SZ,3.8200,3.9000,3.8000,3.8300,181677.0000,,Tencent_raw
2025-11-03,000010.SZ,3.8200,4.0900,3.8100,4.0500,540417.0000,,Tencent_raw
2025-11-04,000010.SZ,4.0300,4.0300,3.8700,3.8900,296924.0000,,Tencent_raw
2025-11-05,000010.SZ,3.8800,3.9800,3.8200,3.9400,221438.0000,,Tencent_raw
2025-11-06,000010.SZ,3.9500,3.9600,3.8200,3.8700,240635.0000,,Tencent_raw
2025-11-07,000010.SZ,3.8600,3.9000,3.8300,3.8700,185868.0000,,Tencent_raw
2025-11-10,000010.SZ,3.8600,3.9600,3.8500,3.9400,323941.0000,,Tencent_raw
2025-11-11,000010.SZ,3.9300,3.9900,3.8900,3.9500,232845.0000,,Tencent_raw
2025-11-12,000010.SZ,3.9500,3.9700,3.8600,3.8800,195621.0000,,Tencent_raw
2025-11-13,000010.SZ,3.9000,3.9200,3.8400,3.8800,228744.0000,,Tencent_raw
2025-11-14,000010.SZ,3.8500,3.9200,3.8400,3.8800,231845.0000,,Tencent_raw
2025-11-17,000010.SZ,3.9000,4.0800,3.9000,4.0600,580619.0000,,Tencent_raw
2025-11-18,000010.SZ,4.0600,4.0600,3.7600,3.8100,596003.0000,,Tencent_raw
2025-11-19,000010.SZ,3.7900,3.8000,3.6300,3.6500,274051.0000,,Tencent_raw
2025-11-20,000010.SZ,3.6600,3.9500,3.6600,3.9200,588010.0000,,Tencent_raw
2025-11-21,000010.SZ,3.8200,3.8800,3.6000,3.6200,375484.0000,,Tencent_raw
2025-11-24,000010.SZ,3.6600,3.8500,3.6200,3.8000,363536.0000,,Tencent_raw
2025-11-25,000010.SZ,3.8000,3.8800,3.7400,3.8500,288729.0000,,Tencent_raw
2025-11-26,000010.SZ,3.8500,3.9000,3.8000,3.8600,220262.0000,,Tencent_raw
2025-11-27,000010.SZ,3.8500,4.0100,3.8400,3.9300,452554.0000,,Tencent_raw
2025-11-28,000010.SZ,3.9000,3.9700,3.7900,3.9700,362676.0000,,Tencent_raw
2025-12-01,000010.SZ,3.8700,4.0300,3.8400,3.9300,337003.0000,,Tencent_raw
2025-12-02,000010.SZ,3.9300,4.0000,3.8700,3.9400,201983.0000,,Tencent_raw
2025-12-03,000010.SZ,3.9500,3.9800,3.7600,3.7800,382663.0000,,Tencent_raw
2025-12-04,000010.SZ,3.7600,3.7800,3.6800,3.7400,205459.0000,,Tencent_raw
2025-12-05,000010.SZ,3.7200,3.7500,3.6800,3.7300,150381.0000,,Tencent_raw
2025-12-08,000010.SZ,3.7300,3.7400,3.6800,3.7100,199900.0000,,Tencent_raw
2025-12-09,000010.SZ,3.7000,3.7100,3.6500,3.6700,150683.0000,,Tencent_raw
2025-12-10,000010.SZ,3.6500,3.6800,3.6200,3.6700,99668.0000,,Tencent_raw
2025-12-11,000010.SZ,3.6700,3.6700,3.6000,3.6000,99145.0000,,Tencent_raw
2025-12-12,000010.SZ,3.5800,3.6000,3.5200,3.5700,83088.0000,,Tencent_raw
2025-12-15,000010.SZ,3.5400,3.5800,3.4900,3.5300,102934.0000,,Tencent_raw
2025-12-16,000010.SZ,3.5400,3.5400,3.4100,3.4200,151253.0000,,Tencent_raw
2025-12-17,000010.SZ,3.4100,3.4400,3.3300,3.3900,203123.0000,,Tencent_raw
2025-12-18,000010.SZ,3.3800,3.6200,3.3700,3.4600,237636.0000,,Tencent_raw
2025-12-19,000010.SZ,3.4800,3.6800,3.4500,3.6700,386951.0000,,Tencent_raw
2025-12-22,000010.SZ,3.6900,3.7200,3.6100,3.6300,178218.0000,,Tencent_raw
2025-12-23,000010.SZ,3.6500,3.6700,3.5900,3.6200,143753.0000,,Tencent_raw
2025-12-24,000010.SZ,3.6000,3.6400,3.5900,3.6000,120750.0000,,Tencent_raw
2025-12-25,000010.SZ,3.6300,3.6400,3.5500,3.6300,159463.0000,,Tencent_raw
2025-12-26,000010.SZ,3.6300,3.6400,3.5500,3.5600,143883.0000,,Tencent_raw
2025-12-29,000010.SZ,3.5500,3.6300,3.5200,3.5800,135952.0000,,Tencent_raw
2025-12-30,000010.SZ,3.5500,3.5900,3.5000,3.5100,138299.0000,,Tencent_raw
2025-12-31,000010.SZ,3.5200,3.5400,3.4000,3.5300,119533.0000,,Tencent_raw
2026-01-05,000010.SZ,3.5500,3.5800,3.4800,3.4900,144346.0000,,Tencent_raw
2026-01-06,000010.SZ,3.4700,3.5500,3.4600,3.5400,182179.0000,,Tencent_raw
2026-01-07,000010.SZ,3.5400,3.5500,3.4800,3.5000,173431.0000,,Tencent_raw
2026-01-08,000010.SZ,3.4800,3.6700,3.4800,3.5700,341000.0000,,Tencent_raw
2026-01-09,000010.SZ,3.5600,3.8400,3.5500,3.8000,541042.0000,,Tencent_raw
2026-01-12,000010.SZ,3.8600,3.9200,3.8000,3.8300,426026.0000,,Tencent_raw
2026-01-13,000010.SZ,3.8400,3.8500,3.6700,3.6700,286784.0000,,Tencent_raw
2026-01-14,000010.SZ,3.6900,3.7500,3.6600,3.7300,231893.0000,,Tencent_raw
2026-01-15,000010.SZ,3.7100,3.7100,3.5800,3.6000,214561.0000,,Tencent_raw
2026-01-16,000010.SZ,3.6200,3.6300,3.5400,3.5600,169411.0000,,Tencent_raw
2026-01-19,000010.SZ,3.5500,3.6000,3.5200,3.6000,136669.0000,,Tencent_raw
2026-01-20,000010.SZ,3.6000,3.6200,3.5600,3.5900,126735.0000,,Tencent_raw
2026-01-21,000010.SZ,3.5700,3.7200,3.5500,3.6800,201216.0000,,Tencent_raw
2026-01-22,000010.SZ,3.7000,3.7600,3.6300,3.6800,154360.0000,,Tencent_raw
2026-01-23,000010.SZ,3.6700,3.7200,3.6400,3.6700,155754.0000,,Tencent_raw
2026-01-26,000010.SZ,3.6700,3.6700,3.5200,3.5800,234786.0000,,Tencent_raw
2026-01-27,000010.SZ,3.5700,3.5800,3.4500,3.5200,201619.0000,,Tencent_raw
2026-01-28,000010.SZ,3.5000,3.5300,3.4500,3.4600,131781.0000,,Tencent_raw
2026-01-29,000010.SZ,3.4500,3.5100,3.4000,3.4400,161020.0000,,Tencent_raw
2026-01-30,000010.SZ,3.4200,3.4500,3.3700,3.4100,142384.0000,,Tencent_raw
2026-02-02,000010.SZ,3.4100,3.5200,3.4000,3.4200,157277.0000,,Tencent_raw
2026-02-03,000010.SZ,3.4200,3.5200,3.4000,3.5200,191104.0000,,Tencent_raw
2026-02-04,000010.SZ,3.5300,3.6200,3.4900,3.6000,230195.0000,,Tencent_raw
2026-02-05,000010.SZ,3.5800,3.8500,3.5600,3.7600,650160.0000,,Tencent_raw
2026-02-06,000010.SZ,3.7800,3.8000,3.5500,3.5500,449889.0000,,Tencent_raw
2026-02-09,000010.SZ,3.5400,3.8400,3.5000,3.6200,465053.0000,,Tencent_raw
2026-02-10,000010.SZ,3.6200,3.6900,3.5400,3.6200,275420.0000,,Tencent_raw
2026-02-11,000010.SZ,3.6600,3.6600,3.5600,3.5800,174400.0000,,Tencent_raw
2026-02-12,000010.SZ,3.5700,3.5800,3.4900,3.5400,183946.0000,,Tencent_raw
2026-02-13,000010.SZ,3.5400,3.5500,3.4600,3.4600,153585.0000,,Tencent_raw
2026-02-24,000010.SZ,3.5200,3.6000,3.4700,3.5800,198691.0000,,Tencent_raw
2026-02-25,000010.SZ,3.6000,3.8400,3.5600,3.7000,509940.0000,,Tencent_raw
2026-02-26,000010.SZ,3.7300,4.0700,3.6200,4.0700,735818.0000,,Tencent_raw
2026-02-27,000010.SZ,4.0700,4.4800,3.9400,4.2800,1624584.0000,,Tencent_raw
2026-03-02,000010.SZ,4.0200,4.3600,4.0000,4.1700,978867.0000,,Tencent_raw
2026-03-03,000010.SZ,4.1900,4.3500,4.0000,4.0200,865720.0000,,Tencent_raw
2026-03-04,000010.SZ,3.9900,4.4200,3.8300,4.4200,1369664.0000,,Tencent_raw
2026-03-05,000010.SZ,4.5600,4.5700,4.2800,4.3200,1375115.0000,,Tencent_raw
2026-03-06,000010.SZ,4.3000,4.4300,4.1900,4.4100,733056.0000,,Tencent_raw
2026-03-09,000010.SZ,4.3300,4.3700,4.1700,4.2600,555854.0000,,Tencent_raw
2026-03-10,000010.SZ,4.2800,4.4200,4.2400,4.3600,449982.0000,,Tencent_raw
2026-03-11,000010.SZ,4.3300,4.3800,4.2900,4.3300,439965.0000,,Tencent_raw
2026-03-12,000010.SZ,4.2900,4.2900,4.0700,4.1200,516252.0000,,Tencent_raw
2026-03-13,000010.SZ,4.1000,4.5300,4.0900,4.5300,475600.0000,,Tencent_raw
2026-03-16,000010.SZ,4.4900,4.8500,4.3000,4.6800,1442751.0000,,Tencent_raw
2026-03-17,000010.SZ,4.7500,4.9400,4.5500,4.7200,1168116.0000,,Tencent_raw
2026-03-18,000010.SZ,4.7400,4.7700,4.5500,4.6000,590700.0000,,Tencent_raw
2026-03-19,000010.SZ,4.5700,4.7100,4.5000,4.5800,525077.0000,,Tencent_raw
2026-03-20,000010.SZ,4.6500,4.7500,4.5100,4.6100,581535.0000,,Tencent_raw
2026-03-23,000010.SZ,4.4800,4.5700,4.2500,4.3100,599980.0000,,Tencent_raw
2026-03-24,000010.SZ,4.4000,4.5000,4.2000,4.4500,446078.0000,,Tencent_raw
2026-03-25,000010.SZ,4.4800,4.5100,4.3800,4.4700,421554.0000,,Tencent_raw
2026-03-26,000010.SZ,4.4200,4.4800,4.2600,4.2900,336412.0000,,Tencent_raw
2026-03-27,000010.SZ,4.3000,4.3300,4.1700,4.2100,330949.0000,,Tencent_raw
2026-03-30,000010.SZ,4.2100,4.4400,4.0400,4.1900,462832.0000,,Tencent_raw
2026-03-31,000010.SZ,4.1800,4.2100,3.8600,3.8800,496404.0000,,Tencent_raw
2026-04-01,000010.SZ,3.9900,4.0000,3.7400,3.8000,453697.0000,,Tencent_raw
2026-04-02,000010.SZ,3.7800,3.9700,3.7300,3.8700,378253.0000,,Tencent_raw
2026-04-03,000010.SZ,3.8500,3.8700,3.6400,3.6800,270452.0000,,Tencent_raw
2026-04-07,000010.SZ,3.7200,3.7800,3.6700,3.7200,217852.0000,,Tencent_raw
2026-04-08,000010.SZ,3.7700,3.8800,3.7600,3.8700,216004.0000,,Tencent_raw
2026-04-09,000010.SZ,3.8400,3.8400,3.6900,3.7100,218221.0000,,Tencent_raw
2026-04-10,000010.SZ,3.7400,3.8000,3.7200,3.7500,177647.0000,,Tencent_raw
2026-04-13,000010.SZ,3.7600,4.1300,3.7600,4.1300,477511.0000,,Tencent_raw
2026-04-14,000010.SZ,4.3200,4.3200,4.1200,4.1900,680869.0000,,Tencent_raw
2026-04-15,000010.SZ,4.1900,4.2000,4.0100,4.0300,416316.0000,,Tencent_raw
2026-04-16,000010.SZ,4.1200,4.1300,3.9300,4.0800,311719.0000,,Tencent_raw
2026-04-17,000010.SZ,4.1200,4.3200,4.0600,4.0700,719615.0000,,Tencent_raw
2026-04-20,000010.SZ,4.0700,4.0700,3.8700,3.9000,560153.0000,,Tencent_raw
2026-04-21,000010.SZ,3.9000,3.9200,3.7300,3.7400,426471.0000,,Tencent_raw
2026-04-22,000010.SZ,3.7900,3.7900,3.6500,3.7300,268891.0000,,Tencent_raw
2026-04-23,000010.SZ,3.7200,3.7400,3.5500,3.7000,355413.0000,,Tencent_raw
2026-04-24,000010.SZ,3.6800,3.6900,3.5900,3.6200,213605.0000,,Tencent_raw
2026-04-27,000010.SZ,3.5800,3.5800,3.3500,3.3800,578917.0000,,Tencent_raw
2026-04-28,000010.SZ,3.0400,3.0400,3.0400,3.0400,126510.0000,,Tencent_raw
2026-04-30,000010.SZ,2.8900,2.8900,2.8900,2.8900,21733.0000,,Tencent_raw
2026-05-06,000010.SZ,2.7500,2.7500,2.7500,2.7500,15312.0000,,Tencent_raw
2026-05-07,000010.SZ,2.6100,2.6100,2.6100,2.6100,11932.0000,,Tencent_raw
2026-05-08,000010.SZ,2.4800,2.4800,2.4800,2.4800,21726.0000,,Tencent_raw
2026-05-11,000010.SZ,2.3600,2.6000,2.3600,2.6000,1455023.0000,,Tencent_raw
2026-05-12,000010.SZ,2.5500,2.7300,2.4700,2.7300,988894.0000,,Tencent_raw
2026-05-13,000010.SZ,2.7300,2.8600,2.6600,2.7300,704417.0000,,Tencent_raw
2026-05-14,000010.SZ,2.6600,2.6900,2.6000,2.6000,532696.0000,,Tencent_raw
2026-05-15,000010.SZ,2.6100,2.7300,2.6000,2.7000,604193.0000,,Tencent_raw
2026-05-18,000010.SZ,2.6800,2.7600,2.6000,2.6700,403713.0000,,Tencent_raw
2026-05-19,000010.SZ,2.6100,2.6500,2.5400,2.6000,346843.0000,,Tencent_raw
2026-05-20,000010.SZ,2.5700,2.5900,2.4700,2.4700,356835.0000,,Tencent_raw
2026-05-21,000010.SZ,2.4500,2.4700,2.3500,2.3500,256091.0000,,Tencent_raw
2026-05-22,000010.SZ,2.2400,2.3200,2.2300,2.2300,399043.0000,,Tencent_raw
2026-05-25,000010.SZ,2.2000,2.2100,2.1200,2.1200,364605.0000,,Tencent_raw
2026-05-26,000010.SZ,2.0800,2.0800,2.0100,2.0100,130964.0000,,Tencent_raw
2026-05-27,000010.SZ,1.9100,1.9100,1.9100,1.9100,27981.0000,,Tencent_raw
2026-05-28,000010.SZ,1.8400,2.0100,1.8400,2.0000,691836.0000,,Tencent_raw
2026-05-29,000010.SZ,1.9500,2.1000,1.9400,2.1000,261765.0000,,Tencent_raw
2026-06-01,000010.SZ,2.2100,2.2100,2.2100,2.2100,50943.0000,,Tencent_raw
2026-06-02,000010.SZ,2.3200,2.3200,2.3200,2.3200,25641.0000,,Tencent_raw
2026-06-03,000010.SZ,2.3500,2.4000,2.2000,2.2000,809847.0000,,Tencent_raw
2026-06-04,000010.SZ,2.2000,2.2500,2.0900,2.1500,368578.0000,,Tencent_raw
2026-06-05,000010.SZ,2.1000,2.2600,2.1000,2.2600,227961.0000,,Tencent_raw
2026-06-08,000010.SZ,2.2200,2.3700,2.1700,2.3100,564837.0000,,Tencent_raw
2026-06-09,000010.SZ,2.3300,2.4300,2.3200,2.4300,183245.0000,,Tencent_raw
2026-06-10,000010.SZ,2.3100,2.3900,2.3100,2.3100,283265.0000,,Tencent_raw
2026-06-11,000010.SZ,2.1900,2.2500,2.1900,2.1900,224249.0000,,Tencent_raw
2026-06-12,000010.SZ,2.2300,2.3000,2.1700,2.2100,307402.0000,,Tencent_raw
2026-06-15,000010.SZ,2.1200,2.2200,2.1000,2.1200,284300.0000,,Tencent_raw
2026-06-16,000010.SZ,2.1000,2.1600,2.0300,2.1000,237731.0000,,Tencent_raw
2026-06-17,000010.SZ,2.1100,2.1200,2.0000,2.0000,290793.0000,,Tencent_raw
2026-06-18,000010.SZ,1.9800,2.0200,1.9000,1.9000,274263.0000,,Tencent_raw
2026-06-22,000010.SZ,1.8800,1.9700,1.8100,1.9400,328322.0000,,Tencent_raw
2026-06-23,000010.SZ,1.9000,2.0300,1.8800,2.0000,210078.0000,,Tencent_raw
2026-06-24,000010.SZ,2.0000,2.0200,1.9000,1.9100,195372.0000,,Tencent_raw
2026-06-25,000010.SZ,1.9100,1.9200,1.8100,1.8200,170359.0000,,Tencent_raw
2026-06-26,000010.SZ,1.7900,1.8700,1.7800,1.7800,146558.0000,,Tencent_raw
2026-06-29,000010.SZ,1.7700,1.8100,1.6900,1.7000,196092.0000,,Tencent_raw
2026-06-30,000010.SZ,1.6500,1.7400,1.6400,1.7000,188006.0000,,Tencent_raw
2026-07-01,000010.SZ,1.7000,1.7900,1.6800,1.7900,189601.0000,,Tencent_raw
2026-07-02,000010.SZ,1.8100,1.8800,1.7800,1.8800,290587.0000,,Tencent_raw
2026-07-03,000010.SZ,1.8500,1.9500,1.8400,1.8700,242875.0000,,Tencent_raw
2026-07-06,000010.SZ,1.8600,1.9600,1.7600,1.7700,232472.0000,,Tencent_raw
2026-07-07,000010.SZ,1.7700,1.8700,1.7600,1.8300,181497.0000,,Tencent_raw
2026-07-08,000010.SZ,1.8000,1.8900,1.7500,1.8500,198063.0000,,Tencent_raw
2026-07-09,000010.SZ,1.8300,1.8900,1.8000,1.8200,217794.0000,,Tencent_raw
2026-07-10,000010.SZ,1.7800,1.8000,1.7000,1.7600,230511.0000,,Tencent_raw
2026-07-13,000010.SZ,1.7500,1.7600,1.6800,1.7000,145615.0000,,Tencent_raw
2026-07-14,000010.SZ,1.6800,1.7600,1.6600,1.7500,165693.0000,,Tencent_raw
2026-07-15,000010.SZ,1.7100,1.7600,1.6900,1.7100,156938.0000,,Tencent_raw
2026-07-16,000010.SZ,1.6900,1.8300,1.6800,1.8100,249689.0000,,Tencent_raw
2026-07-17,000010.SZ,1.8000,1.8300,1.6700,1.6800,209098.0000,,Tencent_raw
2026-07-20,000010.SZ,1.6700,1.7400,1.5100,1.5500,228241.0000,,Tencent_raw
2026-07-21,000010.SZ,1.5500,1.5700,1.4000,1.4500,306088.0000,,Tencent_raw
2026-07-22,000010.SZ,1.4300,1.4800,1.4000,1.4300,187259.0000,,Tencent_raw
2026-07-23,000010.SZ,1.4200,1.5600,1.4100,1.5300,223053.0000,,Tencent_raw
2026-07-24,000010.SZ,1.5200,1.5300,1.4300,1.4400,162671.0000,,Tencent_raw
2026-07-27,000010.SZ,1.4200,1.5000,1.4200,1.4700,171566.0000,,Tencent_raw
2026-07-28,000010.SZ,1.4500,1.5400,1.4500,1.4900,205270.0000,,Tencent_raw
2026-07-29,000010.SZ,1.4700,1.5400,1.4700,1.5200,172782.0000,,Tencent_raw
2026-07-30,000010.SZ,1.5300,1.5700,1.4900,1.5100,190836.0000,,Tencent_raw
2026-07-31,000010.SZ,1.5300,1.6400,1.5100,1.5800,255421.0000,,Tencent_raw
2026-08-03,000010.SZ,1.6000,1.6600,1.5800,1.6600,203212.0000,,Tencent_raw
2026-08-04,000010.SZ,1.6600,1.6800,1.5900,1.6100,242089.0000,,Tencent_raw
2026-08-05,000010.SZ,1.6100,1.6400,1.5400,1.5700,391782.0000,,Tencent_raw
2026-08-06,000010.SZ,1.5700,1.5900,1.5400,1.5700,217902.0000,,Tencent_raw
2026-08-07,000010.SZ,1.5600,1.5700,1.5200,1.5400,214984.0000,,Tencent_raw
2026-08-10,000010.SZ,1.5300,1.5600,1.4900,1.5400,194137.0000,,Tencent_raw
2026-08-11,000010.SZ,1.5400,1.5800,1.5300,1.5600,168835.0000,,Tencent_raw
2026-08-12,000010.SZ,1.5500,1.6200,1.5500,1.5900,205323.0000,,Tencent_raw
2026-08-13,000010.SZ,1.5800,1.6000,1.5600,1.5700,184443.0000,,Tencent_raw
2026-08-14,000010.SZ,1.5700,1.5700,1.5100,1.5300,172570.0000,,Tencent_raw
2026-08-17,000010.SZ,1.5200,1.5600,1.4900,1.5500,150384.0000,,Tencent_raw
2026-08-18,000010.SZ,1.5400,1.5600,1.5100,1.5200,121103.0000,,Tencent_raw
2026-08-19,000010.SZ,1.5000,1.5100,1.4400,1.4400,183350.0000,,Tencent_raw
2026-08-20,000010.SZ,1.4500,1.5000,1.4400,1.4800,192122.0000,,Tencent_raw
2026-08-21,000010.SZ,1.4900,1.5100,1.4600,1.5000,161341.0000,,Tencent_raw
2026-08-24,000010.SZ,1.5100,1.5600,1.5000,1.5300,185331.0000,,Tencent_raw
2026-08-25,000010.SZ,1.5100,1.5500,1.5100,1.5300,172954.0000,,Tencent_raw
2026-08-26,000010.SZ,1.5400,1.6800,1.5300,1.6400,544643.0000,,Tencent_raw
2026-08-27,000010.SZ,1.6200,1.6300,1.5800,1.6000,300195.0000,,Tencent_raw
2026-08-28,000010.SZ,1.6200,1.6600,1.5900,1.6000,244466.0000,,Tencent_raw
2026-08-31,000010.SZ,1.5900,1.6900,1.5800,1.6800,345264.0000,,Tencent_raw
2026-09-01,000010.SZ,1.6600,1.6700,1.6300,1.6700,228716.0000,,Tencent_raw
2026-09-02,000010.SZ,1.6600,1.7000,1.6300,1.6500,150831.0000,,Tencent_raw
2026-09-03,000010.SZ,1.6600,1.7000,1.6400,1.6500,183295.0000,,Tencent_raw
2026-09-04,000010.SZ,1.6500,1.7500,1.6300,1.7200,317501.0000,,Tencent_raw
2026-09-07,000010.SZ,1.7000,1.7600,1.7000,1.7100,190487.0000,,Tencent_raw
2026-09-08,000010.SZ,1.7000,1.8200,1.6900,1.7800,266272.0000,,Tencent_raw
2026-09-09,000010.SZ,1.8000,1.8100,1.6800,1.6900,307043.0000,,Tencent_raw
2026-09-10,000010.SZ,1.6700,1.7400,1.6200,1.7100,296087.0000,,Tencent_raw
2026-09-11,000010.SZ,1.6700,1.7300,1.6500,1.7200,253757.0000,,Tencent_raw
2026-09-14,000010.SZ,1.7000,1.7300,1.6600,1.7200,207360.0000,,Tencent_raw
2026-09-15,000010.SZ,1.7200,1.7200,1.5700,1.5800,292727.0000,,Tencent_raw
2026-09-16,000010.SZ,1.5200,1.6100,1.5100,1.5700,172848.0000,,Tencent_raw
2026-09-17,000010.SZ,1.5800,1.5800,1.5400,1.5600,128715.0000,,Tencent_raw
2026-09-18,000010.SZ,1.5600,1.6000,1.5600,1.5800,139142.0000,,Tencent_raw
2026-09-21,000010.SZ,1.5700,1.6400,1.5700,1.6000,114754.0000,,Tencent_raw
2026-09-22,000010.SZ,1.6000,1.6000,1.5500,1.5700,142242.0000,,Tencent_raw
2026-09-23,000010.SZ,1.5600,1.5600,1.4900,1.5200,175122.0000,,Tencent_raw
2026-09-24,000010.SZ,1.5100,1.5200,1.4800,1.5000,101365.0000,,Tencent_raw
2026-09-28,000010.SZ,1.5000,1.5100,1.4500,1.4700,92698.0000,,Tencent_raw
2025-09-01,000610.SZ,13.6000,13.9800,13.5000,13.8600,254110.0000,,Tencent_raw
2025-09-02,000610.SZ,13.8400,14.0000,13.7000,13.8300,239771.0000,,Tencent_raw
2025-09-03,000610.SZ,13.8300,13.9100,13.4500,13.5100,182297.0000,,Tencent_raw
2025-09-04,000610.SZ,13.5200,14.3700,13.5100,14.1100,391380.0000,,Tencent_raw
2025-09-05,000610.SZ,14.1200,14.1400,13.5800,14.0200,292282.0000,,Tencent_raw
2025-09-08,000610.SZ,13.9200,14.2300,13.8500,13.9200,227616.0000,,Tencent_raw
2025-09-09,000610.SZ,13.9000,13.9400,13.7000,13.8100,141768.0000,,Tencent_raw
2025-09-10,000610.SZ,13.7900,13.9800,13.7300,13.9200,199371.0000,,Tencent_raw
2025-09-11,000610.SZ,13.8400,13.9500,13.5700,13.9500,206327.0000,,Tencent_raw
2025-09-12,000610.SZ,13.8500,14.1600,13.7100,13.7500,193437.0000,,Tencent_raw
2025-09-15,000610.SZ,13.7500,13.9600,13.5100,13.9600,185126.0000,,Tencent_raw
2025-09-16,000610.SZ,14.1800,14.2500,13.8200,14.1600,283996.0000,,Tencent_raw
2025-09-17,000610.SZ,14.5100,14.6600,14.0000,14.0600,287795.0000,,Tencent_raw
2025-09-18,000610.SZ,13.9500,15.4000,13.8500,15.0000,606496.0000,,Tencent_raw
2025-09-19,000610.SZ,14.5500,16.3500,14.4500,15.5800,657686.0000,,Tencent_raw
2025-09-22,000610.SZ,15.2900,15.5100,14.5000,14.7600,437706.0000,,Tencent_raw
2025-09-23,000610.SZ,14.4700,14.4700,13.3600,13.4700,370090.0000,,Tencent_raw
2025-09-24,000610.SZ,13.2200,13.5500,12.9500,13.4600,262407.0000,,Tencent_raw
2025-09-25,000610.SZ,13.2600,13.4700,13.0800,13.3100,209458.0000,,Tencent_raw
2025-09-26,000610.SZ,13.3200,13.3200,13.0000,13.0100,142453.0000,,Tencent_raw
2025-09-29,000610.SZ,13.0100,13.2000,12.6500,13.0700,159960.0000,,Tencent_raw
2025-09-30,000610.SZ,13.2000,13.2000,12.8700,12.8800,149334.0000,,Tencent_raw
2025-10-09,000610.SZ,12.8200,12.8200,12.2000,12.2600,205240.0000,,Tencent_raw
2025-10-10,000610.SZ,12.2100,12.3800,12.2100,12.2700,105589.0000,,Tencent_raw
2025-10-13,000610.SZ,12.0000,12.1700,11.8500,12.1600,96964.0000,,Tencent_raw
2025-10-14,000610.SZ,12.1900,12.2500,12.0300,12.0800,98775.0000,,Tencent_raw
2025-10-15,000610.SZ,12.1500,12.1600,12.0600,12.1500,65612.0000,,Tencent_raw
2025-10-16,000610.SZ,12.1600,12.1900,12.0400,12.0700,66919.0000,,Tencent_raw
2025-10-17,000610.SZ,12.0500,12.1200,11.9500,11.9800,68886.0000,,Tencent_raw
2025-10-20,000610.SZ,12.0300,12.1600,12.0000,12.1500,65738.0000,,Tencent_raw
2025-10-21,000610.SZ,12.1500,12.1900,12.0800,12.1800,60447.0000,,Tencent_raw
2025-10-22,000610.SZ,12.1900,12.4200,12.1400,12.3700,104100.0000,,Tencent_raw
2025-10-23,000610.SZ,12.3500,12.4200,12.2100,12.4200,79751.0000,,Tencent_raw
2025-10-24,000610.SZ,12.4200,12.4200,12.2100,12.2500,71080.0000,,Tencent_raw
2025-10-27,000610.SZ,12.2200,12.3200,12.1100,12.2700,67423.0000,,Tencent_raw
2025-10-28,000610.SZ,12.2700,12.3000,12.1900,12.2400,42632.0000,,Tencent_raw
2025-10-29,000610.SZ,12.2400,12.2500,12.0900,12.1700,58301.0000,,Tencent_raw
2025-10-30,000610.SZ,12.1600,12.1800,12.0500,12.0500,61193.0000,,Tencent_raw
2025-10-31,000610.SZ,12.0500,12.2000,12.0500,12.1900,58284.0000,,Tencent_raw
2025-11-03,000610.SZ,12.2200,12.2900,12.1700,12.2900,55073.0000,,Tencent_raw
2025-11-04,000610.SZ,12.3000,12.4900,12.2500,12.4800,114431.0000,,Tencent_raw
2025-11-05,000610.SZ,12.4700,12.6400,12.4300,12.5000,124283.0000,,Tencent_raw
2025-11-06,000610.SZ,12.4300,12.4500,12.2600,12.4300,80492.0000,,Tencent_raw
2025-11-07,000610.SZ,12.3900,12.6000,12.3500,12.5400,86073.0000,,Tencent_raw
2025-11-10,000610.SZ,12.5700,12.9000,12.4100,12.8500,175856.0000,,Tencent_raw
2025-11-11,000610.SZ,12.7800,12.9000,12.6800,12.9000,117742.0000,,Tencent_raw
2025-11-12,000610.SZ,12.9000,13.0000,12.7500,12.8200,107753.0000,,Tencent_raw
2025-11-13,000610.SZ,12.7800,12.8800,12.6700,12.8400,104110.0000,,Tencent_raw
2025-11-14,000610.SZ,12.8500,12.9900,12.7900,12.8000,76135.0000,,Tencent_raw
2025-11-17,000610.SZ,12.8000,12.8600,12.7000,12.8400,66856.0000,,Tencent_raw
2025-11-18,000610.SZ,12.8000,12.8300,12.5700,12.6300,76270.0000,,Tencent_raw
2025-11-19,000610.SZ,12.6800,12.8200,12.3700,12.7000,123443.0000,,Tencent_raw
2025-11-20,000610.SZ,12.6400,12.6400,12.3900,12.4100,76968.0000,,Tencent_raw
2025-11-21,000610.SZ,12.4000,12.5500,12.0400,12.1000,93527.0000,,Tencent_raw
2025-11-24,000610.SZ,12.1800,12.4000,12.1300,12.3400,66233.0000,,Tencent_raw
2025-11-25,000610.SZ,12.4000,12.4500,12.2800,12.3400,46538.0000,,Tencent_raw
2025-11-26,000610.SZ,12.3100,12.4700,12.1600,12.2200,53272.0000,,Tencent_raw
2025-11-27,000610.SZ,12.2100,13.2800,12.1600,12.7600,287276.0000,,Tencent_raw
2025-11-28,000610.SZ,12.6300,12.7000,12.3500,12.4600,183889.0000,,Tencent_raw
2025-12-01,000610.SZ,12.4700,12.8300,12.4700,12.7600,184765.0000,,Tencent_raw
2025-12-02,000610.SZ,12.7700,13.0000,12.6500,12.8200,154727.0000,,Tencent_raw
2025-12-03,000610.SZ,12.8100,13.1700,12.6700,12.9300,194442.0000,,Tencent_raw
2025-12-04,000610.SZ,12.8100,12.8600,12.4200,12.4200,136381.0000,,Tencent_raw
2025-12-05,000610.SZ,12.4600,12.5900,12.3500,12.5600,74235.0000,,Tencent_raw
2025-12-08,000610.SZ,12.5800,12.6200,12.4200,12.5300,68590.0000,,Tencent_raw
2025-12-09,000610.SZ,12.4900,12.6500,12.3800,12.4800,77798.0000,,Tencent_raw
2025-12-10,000610.SZ,12.5600,12.8800,12.2700,12.4300,115743.0000,,Tencent_raw
2025-12-11,000610.SZ,12.3000,12.4400,12.2500,12.2900,70199.0000,,Tencent_raw
2025-12-12,000610.SZ,12.2500,12.6400,12.1700,12.4900,116755.0000,,Tencent_raw
2025-12-15,000610.SZ,12.4900,12.6900,12.3100,12.3300,115449.0000,,Tencent_raw
2025-12-16,000610.SZ,12.3000,12.5800,12.2100,12.2700,88317.0000,,Tencent_raw
2025-12-17,000610.SZ,12.2300,12.7000,12.2300,12.6400,202217.0000,,Tencent_raw
2025-12-18,000610.SZ,12.4800,12.8800,12.4500,12.6700,170059.0000,,Tencent_raw
2025-12-19,000610.SZ,12.7200,12.9800,12.6100,12.9800,194287.0000,,Tencent_raw
2025-12-22,000610.SZ,12.9900,13.0600,12.7800,12.8900,120850.0000,,Tencent_raw
2025-12-23,000610.SZ,12.9000,12.9500,12.3600,12.4100,166907.0000,,Tencent_raw
2025-12-24,000610.SZ,12.3800,12.4700,12.2700,12.4500,75351.0000,,Tencent_raw
2025-12-25,000610.SZ,12.4200,12.6800,12.3800,12.5400,67863.0000,,Tencent_raw
2025-12-26,000610.SZ,12.5200,12.6200,12.3900,12.5700,76837.0000,,Tencent_raw
2025-12-29,000610.SZ,12.5500,12.5500,12.3700,12.4200,66594.0000,,Tencent_raw
2025-12-30,000610.SZ,12.4100,12.4800,12.3000,12.4600,63410.0000,,Tencent_raw
2025-12-31,000610.SZ,12.4500,12.5000,12.3400,12.4600,53479.0000,,Tencent_raw
2026-01-05,000610.SZ,12.4600,12.5600,12.3300,12.5600,81451.0000,,Tencent_raw
2026-01-06,000610.SZ,12.5600,12.5700,12.4400,12.5300,94581.0000,,Tencent_raw
2026-01-07,000610.SZ,12.5000,12.6600,12.4700,12.6100,111966.0000,,Tencent_raw
2026-01-08,000610.SZ,12.5500,12.5800,12.4200,12.5500,85010.0000,,Tencent_raw
2026-01-09,000610.SZ,12.5100,12.5900,12.4800,12.5600,86813.0000,,Tencent_raw
2026-01-12,000610.SZ,12.6100,12.7900,12.5300,12.7200,130842.0000,,Tencent_raw
2026-01-13,000610.SZ,12.7300,12.7700,12.5800,12.6200,111839.0000,,Tencent_raw
2026-01-14,000610.SZ,12.6300,13.2800,12.5700,13.1100,286425.0000,,Tencent_raw
2026-01-15,000610.SZ,13.1100,14.0000,12.9500,13.3300,414832.0000,,Tencent_raw
2026-01-16,000610.SZ,13.0800,13.4900,12.8400,13.1700,266852.0000,,Tencent_raw
2026-01-19,000610.SZ,13.0100,13.3400,12.9400,13.2700,180850.0000,,Tencent_raw
2026-01-20,000610.SZ,13.1900,13.5400,13.0900,13.4500,217261.0000,,Tencent_raw
2026-01-21,000610.SZ,13.3200,13.4300,13.0500,13.2000,146898.0000,,Tencent_raw
2026-01-22,000610.SZ,13.2100,13.3200,13.0300,13.1700,120338.0000,,Tencent_raw
2026-01-23,000610.SZ,13.1700,13.1700,12.9600,12.9900,167295.0000,,Tencent_raw
2026-01-26,000610.SZ,12.9800,12.9800,12.6000,12.7500,155763.0000,,Tencent_raw
2026-01-27,000610.SZ,12.6600,12.7300,12.3100,12.4400,149384.0000,,Tencent_raw
2026-01-28,000610.SZ,12.4500,12.5300,12.3700,12.5000,94091.0000,,Tencent_raw
2026-01-29,000610.SZ,12.4800,12.6200,12.2500,12.6200,106095.0000,,Tencent_raw
2026-01-30,000610.SZ,12.6200,12.8000,12.5300,12.5500,125635.0000,,Tencent_raw
2026-02-02,000610.SZ,11.3000,11.3000,11.3000,11.3000,64358.0000,,Tencent_raw
2026-02-03,000610.SZ,10.1700,10.1700,10.1700,10.1700,52364.0000,,Tencent_raw
2026-02-04,000610.SZ,9.9800,10.6600,9.9800,10.5300,495066.0000,,Tencent_raw
2026-02-05,000610.SZ,10.1100,10.3900,10.0000,10.1700,277187.0000,,Tencent_raw
2026-02-06,000610.SZ,10.2300,10.4700,10.1400,10.3300,199594.0000,,Tencent_raw
2026-02-09,000610.SZ,10.4900,10.6900,10.3500,10.6600,180130.0000,,Tencent_raw
2026-02-10,000610.SZ,10.6400,10.7900,10.4800,10.6700,135105.0000,,Tencent_raw
2026-02-11,000610.SZ,10.6700,10.7000,10.4000,10.4200,96780.0000,,Tencent_raw
2026-02-12,000610.SZ,10.3800,10.3800,10.0600,10.0700,144890.0000,,Tencent_raw
2026-02-13,000610.SZ,10.0700,10.1700,10.0600,10.0900,88034.0000,,Tencent_raw
2026-02-24,000610.SZ,10.1000,10.1500,9.6500,9.7200,157456.0000,,Tencent_raw
2026-02-25,000610.SZ,9.7200,10.1000,9.7200,10.1000,145170.0000,,Tencent_raw
2026-02-26,000610.SZ,10.1100,10.1100,9.8300,9.8700,100452.0000,,Tencent_raw
2026-02-27,000610.SZ,9.8700,9.9600,9.8000,9.8400,78887.0000,,Tencent_raw
2026-03-02,000610.SZ,9.7100,9.7100,9.2900,9.3700,148684.0000,,Tencent_raw
2026-03-03,000610.SZ,9.3700,9.4500,9.1800,9.1800,102062.0000,,Tencent_raw
2026-03-04,000610.SZ,9.0100,9.3000,9.0100,9.1900,65201.0000,,Tencent_raw
2026-03-05,000610.SZ,9.2900,9.3500,9.1500,9.1800,57927.0000,,Tencent_raw
2026-03-06,000610.SZ,9.2200,9.5200,9.1800,9.5100,99044.0000,,Tencent_raw
2026-03-09,000610.SZ,9.4300,9.5200,9.3200,9.3700,57054.0000,,Tencent_raw
2026-03-10,000610.SZ,9.5000,9.5400,9.4000,9.5400,53311.0000,,Tencent_raw
2026-03-11,000610.SZ,9.5300,9.5600,9.4400,9.4700,44190.0000,,Tencent_raw
2026-03-12,000610.SZ,9.4800,9.5200,9.3500,9.3700,48702.0000,,Tencent_raw
2026-03-13,000610.SZ,9.3600,9.4500,9.3100,9.3100,53483.0000,,Tencent_raw
2026-03-16,000610.SZ,9.3100,9.6200,9.2900,9.6100,84530.0000,,Tencent_raw
2026-03-17,000610.SZ,9.5800,9.6900,9.4400,9.4600,74525.0000,,Tencent_raw
2026-03-18,000610.SZ,9.4500,9.5000,9.3000,9.4700,53779.0000,,Tencent_raw
2026-03-19,000610.SZ,9.4400,9.4400,9.1200,9.1400,70290.0000,,Tencent_raw
2026-03-20,000610.SZ,9.1500,9.2300,9.0000,9.0000,66467.0000,,Tencent_raw
2026-03-23,000610.SZ,8.9000,8.9000,8.4000,8.4600,104672.0000,,Tencent_raw
2026-03-24,000610.SZ,8.6900,8.9900,8.5200,8.9800,109493.0000,,Tencent_raw
2026-03-25,000610.SZ,9.0500,9.2700,8.9000,9.2500,82092.0000,,Tencent_raw
2026-03-26,000610.SZ,9.2700,9.3700,9.0400,9.1300,71507.0000,,Tencent_raw
2026-03-27,000610.SZ,9.1300,9.2500,9.0000,9.2400,58336.0000,,Tencent_raw
2026-03-30,000610.SZ,9.1300,9.2600,9.0200,9.1900,46186.0000,,Tencent_raw
2026-03-31,000610.SZ,9.1000,9.3800,9.1000,9.1200,56916.0000,,Tencent_raw
2026-04-01,000610.SZ,9.2300,9.2500,8.5600,8.9300,170115.0000,,Tencent_raw
2026-04-02,000610.SZ,8.9300,8.9300,8.4800,8.5500,117789.0000,,Tencent_raw
2026-04-03,000610.SZ,8.5500,8.5700,8.0000,8.0000,131904.0000,,Tencent_raw
2026-04-07,000610.SZ,7.9800,8.1900,7.8800,8.1700,102903.0000,,Tencent_raw
2026-04-08,000610.SZ,8.3400,8.6500,8.2500,8.6300,132454.0000,,Tencent_raw
2026-04-09,000610.SZ,8.6300,8.6300,8.2500,8.3100,95837.0000,,Tencent_raw
2026-04-10,000610.SZ,8.3500,8.6500,8.3100,8.4900,87870.0000,,Tencent_raw
2026-04-13,000610.SZ,8.4200,8.6400,8.3300,8.6200,79772.0000,,Tencent_raw
2026-04-14,000610.SZ,8.7400,8.7500,8.4700,8.6200,62926.0000,,Tencent_raw
2026-04-15,000610.SZ,8.6500,9.3900,8.5400,8.9900,280923.0000,,Tencent_raw
2026-04-16,000610.SZ,8.8500,9.8600,8.7200,9.6500,413335.0000,,Tencent_raw
2026-04-17,000610.SZ,9.5000,9.5000,9.0900,9.1800,303768.0000,,Tencent_raw
2026-04-20,000610.SZ,8.4100,8.9800,8.4100,8.7900,299583.0000,,Tencent_raw
2026-04-21,000610.SZ,8.6200,8.8200,8.5400,8.6200,179696.0000,,Tencent_raw
2026-04-22,000610.SZ,8.5300,8.5900,8.4300,8.5200,133248.0000,,Tencent_raw
2026-04-23,000610.SZ,8.4800,8.4900,8.2200,8.2200,131763.0000,,Tencent_raw
2026-04-27,000610.SZ,7.8100,8.3500,7.8100,8.0400,419359.0000,,Tencent_raw
2026-04-28,000610.SZ,7.6600,7.7600,7.6400,7.7500,310144.0000,,Tencent_raw
2026-04-29,000610.SZ,7.6800,7.8700,7.5900,7.8100,155697.0000,,Tencent_raw
2026-04-30,000610.SZ,7.8100,7.8600,7.7200,7.7500,109775.0000,,Tencent_raw
2026-05-06,000610.SZ,7.7300,7.7600,7.3600,7.3900,143835.0000,,Tencent_raw
2026-05-07,000610.SZ,7.3900,7.5100,7.3800,7.4400,86066.0000,,Tencent_raw
2026-05-08,000610.SZ,7.4400,7.7600,7.4200,7.6500,118712.0000,,Tencent_raw
2026-05-11,000610.SZ,7.8400,7.9900,7.7500,7.7800,121582.0000,,Tencent_raw
2026-05-12,000610.SZ,7.7800,7.8400,7.6100,7.8100,80220.0000,,Tencent_raw
2026-05-13,000610.SZ,7.8100,7.9500,7.7100,7.8900,79123.0000,,Tencent_raw
2026-05-14,000610.SZ,7.9200,7.9200,7.7000,7.7100,66295.0000,,Tencent_raw
2026-05-15,000610.SZ,7.6500,7.7500,7.6200,7.6900,50542.0000,,Tencent_raw
2026-05-18,000610.SZ,7.6000,7.8100,7.5700,7.7400,55072.0000,,Tencent_raw
2026-05-19,000610.SZ,7.6900,7.9600,7.6900,7.8700,69890.0000,,Tencent_raw
2026-05-20,000610.SZ,7.8000,7.9200,7.7900,7.8800,43696.0000,,Tencent_raw
2026-05-21,000610.SZ,7.8900,7.8900,7.4900,7.5000,78113.0000,,Tencent_raw
2026-05-22,000610.SZ,7.5100,7.7200,7.4300,7.6500,49642.0000,,Tencent_raw
2026-05-25,000610.SZ,7.6300,7.6600,7.4800,7.5400,35106.0000,,Tencent_raw
2026-05-26,000610.SZ,7.3900,7.5100,7.1600,7.2500,76453.0000,,Tencent_raw
2026-05-27,000610.SZ,7.2000,7.2300,6.9500,7.2200,45510.0000,,Tencent_raw
2026-05-28,000610.SZ,7.2400,7.4200,7.1800,7.4000,34392.0000,,Tencent_raw
2026-05-29,000610.SZ,7.3800,7.5700,7.2700,7.3400,38418.0000,,Tencent_raw
2026-06-01,000610.SZ,7.3800,7.7000,7.2700,7.6800,60428.0000,,Tencent_raw
2026-06-02,000610.SZ,7.6800,7.7200,7.5700,7.6300,33829.0000,,Tencent_raw
2026-06-03,000610.SZ,7.6100,7.7000,7.5100,7.6000,26860.0000,,Tencent_raw
2026-06-04,000610.SZ,7.5300,7.5800,7.3500,7.4400,27142.0000,,Tencent_raw
2026-06-05,000610.SZ,7.4600,7.5300,7.3300,7.4200,18878.0000,,Tencent_raw
2026-06-08,000610.SZ,7.2000,7.4200,7.0700,7.2100,32559.0000,,Tencent_raw
2026-06-09,000610.SZ,7.2500,7.3300,7.1000,7.1400,33460.0000,,Tencent_raw
2026-06-10,000610.SZ,7.1400,7.1400,6.7800,6.7800,64097.0000,,Tencent_raw
2026-06-11,000610.SZ,6.7200,6.7200,6.4400,6.4400,61084.0000,,Tencent_raw
2026-06-12,000610.SZ,6.4600,6.5600,6.1900,6.5000,64001.0000,,Tencent_raw
2026-06-15,000610.SZ,6.4900,6.6300,6.3800,6.4100,40383.0000,,Tencent_raw
2026-06-16,000610.SZ,6.3900,6.7200,6.1800,6.6800,70100.0000,,Tencent_raw
2026-06-17,000610.SZ,6.7000,6.7000,6.4500,6.5100,41424.0000,,Tencent_raw
2026-06-18,000610.SZ,6.5500,6.6400,6.3300,6.3500,47742.0000,,Tencent_raw
2026-06-22,000610.SZ,6.3400,6.3400,6.0300,6.1000,51772.0000,,Tencent_raw
2026-06-23,000610.SZ,6.0800,6.4000,6.0500,6.2300,44425.0000,,Tencent_raw
2026-06-24,000610.SZ,6.1900,6.2600,5.9200,5.9200,48544.0000,,Tencent_raw
2026-06-25,000610.SZ,5.6600,5.8000,5.6200,5.6200,57582.0000,,Tencent_raw
2026-06-26,000610.SZ,5.6300,5.6700,5.3400,5.5400,86106.0000,,Tencent_raw
2026-06-29,000610.SZ,5.4000,5.5300,5.2600,5.3800,54608.0000,,Tencent_raw
2026-06-30,000610.SZ,5.4200,5.6000,5.3300,5.5600,45340.0000,,Tencent_raw
2026-07-01,000610.SZ,5.6000,5.8400,5.5700,5.8400,59511.0000,,Tencent_raw
2026-07-02,000610.SZ,5.8000,6.0900,5.8000,5.9700,43237.0000,,Tencent_raw
2026-07-03,000610.SZ,5.9300,6.1400,5.9300,6.0600,34655.0000,,Tencent_raw
2026-07-06,000610.SZ,6.0500,6.1900,5.8200,5.9500,44895.0000,,Tencent_raw
2026-07-07,000610.SZ,5.9100,5.9100,5.4400,5.4700,46830.0000,,Tencent_raw
2026-07-08,000610.SZ,5.4700,5.7200,5.4700,5.6600,33615.0000,,Tencent_raw
2026-07-09,000610.SZ,5.6400,5.7300,5.4400,5.6100,29813.0000,,Tencent_raw
2026-07-10,000610.SZ,5.5100,5.6800,5.3300,5.6200,38742.0000,,Tencent_raw
2026-07-13,000610.SZ,5.5800,5.7100,5.3500,5.3800,23887.0000,,Tencent_raw
2026-07-14,000610.SZ,5.3800,5.4700,5.2800,5.4400,23992.0000,,Tencent_raw
2026-07-15,000610.SZ,5.4300,5.6400,5.4000,5.5700,38001.0000,,Tencent_raw
2026-07-16,000610.SZ,5.5800,5.8400,5.5600,5.7500,37408.0000,,Tencent_raw
2026-07-17,000610.SZ,5.8000,5.8500,5.5200,5.5300,30303.0000,,Tencent_raw
2026-07-20,000610.SZ,5.5800,5.6800,5.1200,5.2000,49677.0000,,Tencent_raw
2026-07-21,000610.SZ,5.2000,5.2500,4.9100,5.0300,54195.0000,,Tencent_raw
2026-07-22,000610.SZ,5.0300,5.2100,5.0200,5.0300,27772.0000,,Tencent_raw
2026-07-23,000610.SZ,5.0600,5.2200,5.0400,5.2100,32244.0000,,Tencent_raw
2026-07-24,000610.SZ,5.1500,5.2200,5.0700,5.0700,20166.0000,,Tencent_raw
2026-07-27,000610.SZ,5.0600,5.3300,5.0600,5.2900,27391.0000,,Tencent_raw
2026-07-28,000610.SZ,5.3000,5.4900,5.2400,5.3700,23085.0000,,Tencent_raw
2026-07-29,000610.SZ,5.4300,5.5000,5.3800,5.4400,20208.0000,,Tencent_raw
2026-07-30,000610.SZ,5.3900,5.6800,5.3900,5.5300,34926.0000,,Tencent_raw
2026-07-31,000610.SZ,5.4200,5.6600,5.4000,5.6400,27731.0000,,Tencent_raw
2026-08-03,000610.SZ,5.6200,5.7300,5.6100,5.7100,22888.0000,,Tencent_raw
2026-08-04,000610.SZ,5.7100,5.7600,5.6400,5.7200,26132.0000,,Tencent_raw
2026-08-05,000610.SZ,5.7200,5.7800,5.6200,5.7200,36856.0000,,Tencent_raw
2026-08-06,000610.SZ,5.7000,5.7200,5.5700,5.7200,25260.0000,,Tencent_raw
2026-08-07,000610.SZ,5.7000,5.7400,5.6000,5.7400,19890.0000,,Tencent_raw
2026-08-10,000610.SZ,5.7100,5.8900,5.6900,5.8900,26846.0000,,Tencent_raw
2026-08-11,000610.SZ,5.8600,6.1800,5.8100,6.1400,44732.0000,,Tencent_raw
2026-08-12,000610.SZ,6.1400,6.2000,6.0600,6.1500,21615.0000,,Tencent_raw
2026-08-13,000610.SZ,6.1800,6.1800,5.9800,6.0000,30297.0000,,Tencent_raw
2026-08-14,000610.SZ,5.9400,6.0300,5.8900,5.9800,20440.0000,,Tencent_raw
2026-08-17,000610.SZ,5.9000,6.0700,5.8500,6.0000,16454.0000,,Tencent_raw
2026-08-18,000610.SZ,6.0000,6.0000,5.8100,5.8500,21049.0000,,Tencent_raw
2026-08-19,000610.SZ,5.8200,5.9000,5.7200,5.7600,12209.0000,,Tencent_raw
2026-08-20,000610.SZ,5.7600,6.2500,5.7500,6.2000,46583.0000,,Tencent_raw
2026-08-21,000610.SZ,6.1800,6.1800,5.9100,6.0600,36825.0000,,Tencent_raw
2026-08-24,000610.SZ,6.0300,6.1900,6.0300,6.0900,24332.0000,,Tencent_raw
2026-08-25,000610.SZ,6.0300,6.2300,6.0300,6.1300,25442.0000,,Tencent_raw
2026-08-26,000610.SZ,6.0800,6.4500,6.0800,6.3700,47236.0000,,Tencent_raw
2026-08-27,000610.SZ,6.3800,6.7400,6.3100,6.6400,94743.0000,,Tencent_raw
2026-08-28,000610.SZ,6.7000,6.9400,6.6000,6.8300,109399.0000,,Tencent_raw
2026-08-31,000610.SZ,6.8100,7.0300,6.6300,6.7500,75871.0000,,Tencent_raw
2026-09-01,000610.SZ,7.4200,7.4300,7.1500,7.4300,260589.0000,,Tencent_raw
2026-09-02,000610.SZ,7.4300,7.7800,7.3600,7.6500,207192.0000,,Tencent_raw
2026-09-03,000610.SZ,7.5600,7.7000,7.2200,7.3200,157217.0000,,Tencent_raw
2026-09-04,000610.SZ,7.2900,7.9600,7.2900,7.9200,167781.0000,,Tencent_raw
2026-09-07,000610.SZ,7.8800,8.1100,7.5800,8.1100,139567.0000,,Tencent_raw
2026-09-08,000610.SZ,7.8500,8.8800,7.8500,8.1100,129324.0000,,Tencent_raw
2026-09-09,000610.SZ,8.1000,8.5000,7.8000,8.4300,108679.0000,,Tencent_raw
2026-09-10,000610.SZ,8.4400,9.1600,8.3100,9.1500,149856.0000,,Tencent_raw
2026-09-11,000610.SZ,9.2000,9.5100,8.7800,9.2200,179885.0000,,Tencent_raw
2026-09-14,000610.SZ,9.0800,9.6800,9.0000,9.3800,120484.0000,,Tencent_raw
2026-09-15,000610.SZ,9.2500,9.4000,8.4400,8.4400,171868.0000,,Tencent_raw
2026-09-16,000610.SZ,8.1300,8.8000,8.0600,8.7700,148485.0000,,Tencent_raw
2026-09-17,000610.SZ,8.5500,8.8700,8.5200,8.6800,81818.0000,,Tencent_raw
2026-09-18,000610.SZ,8.6000,8.9600,8.0000,8.2200,121673.0000,,Tencent_raw
2026-09-21,000610.SZ,8.2000,8.5300,8.0100,8.4200,86644.0000,,Tencent_raw
2026-09-22,000610.SZ,7.5800,7.7600,7.5800,7.5800,216494.0000,,Tencent_raw
2026-09-23,000610.SZ,7.3100,8.1700,7.3100,7.5700,180526.0000,,Tencent_raw
2026-09-24,000610.SZ,7.4900,7.7500,7.3800,7.4000,92414.0000,,Tencent_raw
2026-09-28,000610.SZ,7.4600,7.5400,7.1800,7.2000,58801.0000,,Tencent_raw
2025-09-01,000632.SZ,3.8900,4.0400,3.8500,3.9500,195126.0000,,Tencent_raw
2025-09-02,000632.SZ,3.9500,4.0300,3.9000,4.0000,208259.0000,,Tencent_raw
2025-09-03,000632.SZ,4.0000,4.0100,3.8500,3.8800,149820.0000,,Tencent_raw
2025-09-04,000632.SZ,3.9000,4.0500,3.8600,3.9700,234348.0000,,Tencent_raw
2025-09-05,000632.SZ,3.9700,3.9900,3.8500,3.9800,178951.0000,,Tencent_raw
2025-09-08,000632.SZ,3.9800,4.0500,3.9100,4.0100,154185.0000,,Tencent_raw
2025-09-09,000632.SZ,4.0100,4.1100,4.0000,4.0500,165328.0000,,Tencent_raw
2025-09-10,000632.SZ,4.0700,4.1100,4.0200,4.0900,171495.0000,,Tencent_raw
2025-09-11,000632.SZ,4.0900,4.1000,3.9600,4.0500,203184.0000,,Tencent_raw
2025-09-12,000632.SZ,4.0500,4.0900,4.0000,4.0300,124823.0000,,Tencent_raw
2025-09-15,000632.SZ,4.0300,4.0500,3.9700,4.0300,128150.0000,,Tencent_raw
2025-09-16,000632.SZ,4.0500,4.1400,4.0400,4.1400,235510.0000,,Tencent_raw
2025-09-17,000632.SZ,4.1600,4.1600,4.0600,4.0800,143203.0000,,Tencent_raw
2025-09-18,000632.SZ,4.0900,4.0900,3.9200,3.9500,235628.0000,,Tencent_raw
2025-09-19,000632.SZ,3.9500,3.9700,3.8300,3.8900,218229.0000,,Tencent_raw
2025-09-22,000632.SZ,3.9000,3.9000,3.7600,3.8300,151523.0000,,Tencent_raw
2025-09-23,000632.SZ,3.8000,3.8100,3.6200,3.7500,177999.0000,,Tencent_raw
2025-09-24,000632.SZ,3.7500,3.8400,3.6900,3.8300,155205.0000,,Tencent_raw
2025-09-25,000632.SZ,3.8300,3.8800,3.7700,3.7800,125879.0000,,Tencent_raw
2025-09-26,000632.SZ,3.7800,3.9000,3.7100,3.8300,153165.0000,,Tencent_raw
2025-09-29,000632.SZ,3.8300,3.9200,3.7300,3.8900,134726.0000,,Tencent_raw
2025-09-30,000632.SZ,3.9000,3.9300,3.8200,3.8600,114778.0000,,Tencent_raw
2025-10-09,000632.SZ,3.8600,3.9000,3.8000,3.8400,111313.0000,,Tencent_raw
2025-10-10,000632.SZ,3.8300,3.9600,3.8000,3.9100,205016.0000,,Tencent_raw
2025-10-13,000632.SZ,3.8300,3.9000,3.6800,3.8800,171686.0000,,Tencent_raw
2025-10-14,000632.SZ,3.9200,3.9700,3.8700,3.8900,122641.0000,,Tencent_raw
2025-10-15,000632.SZ,3.8900,3.9300,3.8600,3.8900,107465.0000,,Tencent_raw
2025-10-16,000632.SZ,3.9000,3.9100,3.8300,3.8700,102660.0000,,Tencent_raw
2025-10-17,000632.SZ,3.8700,4.0400,3.8700,3.9100,249991.0000,,Tencent_raw
2025-10-20,000632.SZ,3.9500,4.0600,3.9000,3.9900,226098.0000,,Tencent_raw
2025-10-21,000632.SZ,4.0200,4.1700,3.9500,4.1700,299207.0000,,Tencent_raw
2025-10-22,000632.SZ,4.1600,4.2300,4.1300,4.2000,215224.0000,,Tencent_raw
2025-10-23,000632.SZ,4.2100,4.3000,4.1300,4.2000,254426.0000,,Tencent_raw
2025-10-24,000632.SZ,4.3000,4.3700,4.2400,4.2800,314515.0000,,Tencent_raw
2025-10-27,000632.SZ,4.3000,4.7000,4.2000,4.3800,677676.0000,,Tencent_raw
2025-10-28,000632.SZ,4.4700,4.6500,4.3700,4.5300,686297.0000,,Tencent_raw
2025-10-29,000632.SZ,4.4900,4.5100,4.1200,4.2300,544308.0000,,Tencent_raw
2025-10-30,000632.SZ,4.1600,4.1600,4.0000,4.0600,427936.0000,,Tencent_raw
2025-10-31,000632.SZ,4.1200,4.3700,4.1000,4.1800,445010.0000,,Tencent_raw
2025-11-03,000632.SZ,4.2200,4.6000,4.1900,4.6000,306641.0000,,Tencent_raw
2025-11-04,000632.SZ,4.7000,4.8800,4.4100,4.7300,1226704.0000,,Tencent_raw
2025-11-05,000632.SZ,4.6400,4.7800,4.5500,4.7000,936700.0000,,Tencent_raw
2025-11-06,000632.SZ,4.6500,4.6800,4.4500,4.4900,650184.0000,,Tencent_raw
2025-11-07,000632.SZ,4.5000,4.9400,4.4900,4.9400,1186201.0000,,Tencent_raw
2025-11-10,000632.SZ,5.2500,5.4300,5.2200,5.4300,757902.0000,,Tencent_raw
2025-11-11,000632.SZ,5.9700,5.9700,5.9700,5.9700,153625.0000,,Tencent_raw
2025-11-12,000632.SZ,6.5700,6.5700,6.5700,6.5700,55360.0000,,Tencent_raw
2025-11-13,000632.SZ,7.2300,7.2300,7.0100,7.2300,660123.0000,,Tencent_raw
2025-11-14,000632.SZ,7.9500,7.9500,7.5000,7.9500,1528988.0000,,Tencent_raw
2025-11-17,000632.SZ,7.9100,8.7500,7.9100,8.7500,2101077.0000,,Tencent_raw
2025-11-18,000632.SZ,8.0500,8.3800,7.8800,7.8800,903658.0000,,Tencent_raw
2025-11-19,000632.SZ,7.0900,7.0900,7.0900,7.0900,77765.0000,,Tencent_raw
2025-11-20,000632.SZ,6.8000,7.7900,6.6100,7.4500,2312405.0000,,Tencent_raw
2025-11-21,000632.SZ,6.7100,6.7800,6.7100,6.7100,457531.0000,,Tencent_raw
2025-11-24,000632.SZ,6.0400,6.2900,6.0400,6.0400,1100223.0000,,Tencent_raw
2025-11-25,000632.SZ,5.7500,6.2300,5.5400,5.8500,1605030.0000,,Tencent_raw
2025-11-26,000632.SZ,5.7500,6.4000,5.6700,6.1900,1652223.0000,,Tencent_raw
2025-11-27,000632.SZ,6.1000,6.2000,5.8600,5.9800,1198260.0000,,Tencent_raw
2025-11-28,000632.SZ,5.9400,6.3300,5.9000,6.1900,1263243.0000,,Tencent_raw
2025-12-01,000632.SZ,6.2000,6.5500,6.2000,6.2700,1190567.0000,,Tencent_raw
2025-12-02,000632.SZ,6.1000,6.8000,6.0600,6.6200,1522874.0000,,Tencent_raw
2025-12-03,000632.SZ,6.3100,7.1000,6.2000,6.5900,1568959.0000,,Tencent_raw
2025-12-04,000632.SZ,6.4100,7.0000,6.3200,6.8800,1659059.0000,,Tencent_raw
2025-12-05,000632.SZ,6.8000,7.5700,6.7500,7.5700,964963.0000,,Tencent_raw
2025-12-08,000632.SZ,7.6700,8.1300,7.3700,7.4800,2247902.0000,,Tencent_raw
2025-12-09,000632.SZ,7.1900,7.8400,6.7500,7.7800,1843943.0000,,Tencent_raw
2025-12-10,000632.SZ,7.5000,7.8400,7.2200,7.2900,1250868.0000,,Tencent_raw
2025-12-11,000632.SZ,6.9900,7.0900,6.5600,6.5600,1063577.0000,,Tencent_raw
2025-12-12,000632.SZ,6.3400,6.7100,6.1000,6.1100,930902.0000,,Tencent_raw
2025-12-15,000632.SZ,6.1800,6.7200,6.1800,6.5000,895267.0000,,Tencent_raw
2025-12-16,000632.SZ,6.3700,6.3700,5.8500,5.8500,912598.0000,,Tencent_raw
2025-12-17,000632.SZ,5.9300,5.9500,5.4400,5.5700,774821.0000,,Tencent_raw
2025-12-18,000632.SZ,5.5200,5.9500,5.5000,5.6800,767713.0000,,Tencent_raw
2025-12-19,000632.SZ,5.6500,6.2500,5.6500,6.2500,980886.0000,,Tencent_raw
2025-12-22,000632.SZ,6.2600,6.4400,5.9900,6.0400,1064154.0000,,Tencent_raw
2025-12-23,000632.SZ,6.1500,6.1800,5.8100,5.9100,713532.0000,,Tencent_raw
2025-12-24,000632.SZ,5.9000,6.5000,5.8700,6.5000,883991.0000,,Tencent_raw
2025-12-25,000632.SZ,6.7000,6.8600,6.2400,6.3100,1259417.0000,,Tencent_raw
2025-12-26,000632.SZ,6.2700,6.5000,6.2200,6.3900,1000065.0000,,Tencent_raw
2025-12-29,000632.SZ,6.3600,6.3900,6.0600,6.0800,724986.0000,,Tencent_raw
2025-12-30,000632.SZ,6.1400,6.3200,5.9100,5.9400,679082.0000,,Tencent_raw
2025-12-31,000632.SZ,5.9000,5.9500,5.6100,5.6500,540722.0000,,Tencent_raw
2026-01-05,000632.SZ,5.6500,5.7100,5.5100,5.6000,408354.0000,,Tencent_raw
2026-01-06,000632.SZ,5.6500,5.7100,5.5800,5.6600,392758.0000,,Tencent_raw
2026-01-07,000632.SZ,5.6700,5.9900,5.5800,5.9100,814752.0000,,Tencent_raw
2026-01-08,000632.SZ,5.7800,5.8200,5.6600,5.7300,554209.0000,,Tencent_raw
2026-01-09,000632.SZ,5.7300,5.7300,5.6300,5.6600,457712.0000,,Tencent_raw
2026-01-12,000632.SZ,5.6800,5.7000,5.5800,5.6500,465999.0000,,Tencent_raw
2026-01-13,000632.SZ,5.6600,5.7600,5.5100,5.5200,547599.0000,,Tencent_raw
2026-01-14,000632.SZ,5.5300,5.5800,5.3500,5.4500,500394.0000,,Tencent_raw
2026-01-15,000632.SZ,5.3900,5.4400,5.1700,5.2300,447691.0000,,Tencent_raw
2026-01-16,000632.SZ,5.2500,5.2700,5.1300,5.1800,304282.0000,,Tencent_raw
2026-01-19,000632.SZ,5.0800,5.2700,4.9900,5.2500,335104.0000,,Tencent_raw
2026-01-20,000632.SZ,5.2500,5.2700,5.1200,5.1600,225639.0000,,Tencent_raw
2026-01-21,000632.SZ,5.1200,5.2300,5.0500,5.2000,217851.0000,,Tencent_raw
2026-01-22,000632.SZ,5.2000,5.3000,5.1600,5.3000,237855.0000,,Tencent_raw
2026-01-23,000632.SZ,5.2900,5.4300,5.2600,5.4100,313716.0000,,Tencent_raw
2026-01-26,000632.SZ,5.3700,5.4000,5.1700,5.2400,297879.0000,,Tencent_raw
2026-01-27,000632.SZ,5.2300,5.2900,5.0900,5.2700,224606.0000,,Tencent_raw
2026-01-28,000632.SZ,5.2500,5.2600,5.0900,5.1200,225807.0000,,Tencent_raw
2026-01-29,000632.SZ,5.0900,5.1600,5.0400,5.0600,222525.0000,,Tencent_raw
2026-01-30,000632.SZ,4.8700,5.0600,4.8000,5.0300,286937.0000,,Tencent_raw
2026-02-02,000632.SZ,5.0300,5.1000,4.9700,4.9800,170026.0000,,Tencent_raw
2026-02-03,000632.SZ,5.0300,5.1000,5.0000,5.1000,167112.0000,,Tencent_raw
2026-02-04,000632.SZ,5.1200,5.1900,5.0600,5.1600,163114.0000,,Tencent_raw
2026-02-05,000632.SZ,5.1800,5.5000,5.1500,5.2700,573099.0000,,Tencent_raw
2026-02-06,000632.SZ,5.1900,5.2100,5.0500,5.0700,380262.0000,,Tencent_raw
2026-02-09,000632.SZ,5.1200,5.2500,5.1000,5.2200,291863.0000,,Tencent_raw
2026-02-10,000632.SZ,5.2200,5.2400,5.1100,5.2000,202925.0000,,Tencent_raw
2026-02-11,000632.SZ,5.2000,5.2200,5.1100,5.1100,157264.0000,,Tencent_raw
2026-02-12,000632.SZ,5.1100,5.1300,4.9800,4.9900,202568.0000,,Tencent_raw
2026-02-13,000632.SZ,5.0000,5.0800,5.0000,5.0000,138514.0000,,Tencent_raw
2026-02-24,000632.SZ,5.0400,5.1500,5.0300,5.1400,185260.0000,,Tencent_raw
2026-02-25,000632.SZ,5.1700,5.2600,5.1300,5.2200,189006.0000,,Tencent_raw
2026-02-26,000632.SZ,5.2200,5.2400,5.1100,5.1300,164030.0000,,Tencent_raw
2026-02-27,000632.SZ,5.1300,5.2200,5.0900,5.2100,164685.0000,,Tencent_raw
2026-03-02,000632.SZ,5.1500,5.1800,5.0200,5.0700,217556.0000,,Tencent_raw
2026-03-03,000632.SZ,5.0600,5.1300,4.9200,4.9300,222426.0000,,Tencent_raw
2026-03-04,000632.SZ,4.8800,5.0000,4.7800,4.9700,178389.0000,,Tencent_raw
2026-03-05,000632.SZ,5.0000,5.0700,4.9500,4.9800,160807.0000,,Tencent_raw
2026-03-06,000632.SZ,4.9300,5.1800,4.9300,5.1700,254093.0000,,Tencent_raw
2026-03-09,000632.SZ,5.1100,5.2500,5.0200,5.0800,177460.0000,,Tencent_raw
2026-03-10,000632.SZ,5.1300,5.1500,5.0900,5.1300,123974.0000,,Tencent_raw
2026-03-11,000632.SZ,5.1300,5.1500,5.0600,5.0900,131172.0000,,Tencent_raw
2026-03-12,000632.SZ,5.0800,5.1100,4.9400,4.9600,175078.0000,,Tencent_raw
2026-03-13,000632.SZ,4.9500,5.0400,4.9200,4.9500,142845.0000,,Tencent_raw
2026-03-16,000632.SZ,4.9700,5.0700,4.9200,4.9800,144785.0000,,Tencent_raw
2026-03-17,000632.SZ,4.9800,5.0400,4.8800,4.8900,150260.0000,,Tencent_raw
2026-03-18,000632.SZ,4.8900,4.9100,4.8200,4.9100,126832.0000,,Tencent_raw
2026-03-19,000632.SZ,4.8700,4.8900,4.7300,4.7500,146152.0000,,Tencent_raw
2026-03-20,000632.SZ,4.7700,4.7900,4.5900,4.6000,194931.0000,,Tencent_raw
2026-03-23,000632.SZ,4.5000,4.6100,4.3900,4.4100,254789.0000,,Tencent_raw
2026-03-24,000632.SZ,4.5200,4.6500,4.4400,4.6400,257521.0000,,Tencent_raw
2026-03-25,000632.SZ,4.6700,4.8600,4.6400,4.8500,254740.0000,,Tencent_raw
2026-03-26,000632.SZ,4.8200,5.0200,4.6900,4.7200,246451.0000,,Tencent_raw
2026-03-27,000632.SZ,4.6800,4.7900,4.6600,4.7500,156192.0000,,Tencent_raw
2026-03-30,000632.SZ,4.6800,5.1100,4.6600,5.0200,508986.0000,,Tencent_raw
2026-03-31,000632.SZ,4.9700,5.1600,4.9700,5.0000,528896.0000,,Tencent_raw
2026-04-01,000632.SZ,5.0600,5.0800,4.7100,4.7400,385707.0000,,Tencent_raw
2026-04-02,000632.SZ,4.8000,5.2100,4.7900,4.8900,834817.0000,,Tencent_raw
2026-04-03,000632.SZ,4.8000,4.8300,4.4000,4.4000,477813.0000,,Tencent_raw
2026-04-07,000632.SZ,4.1600,4.5600,4.0800,4.5000,546304.0000,,Tencent_raw
2026-04-08,000632.SZ,4.6500,4.6500,4.5100,4.6400,325128.0000,,Tencent_raw
2026-04-09,000632.SZ,4.6400,4.6600,4.3400,4.3500,428816.0000,,Tencent_raw
2026-04-10,000632.SZ,4.4000,4.4600,4.3100,4.3500,254872.0000,,Tencent_raw
2026-04-13,000632.SZ,4.4800,4.5300,4.3400,4.4900,333189.0000,,Tencent_raw
2026-04-14,000632.SZ,4.5500,4.6700,4.3900,4.5700,368874.0000,,Tencent_raw
2026-04-15,000632.SZ,4.5700,4.5900,4.4800,4.5100,209011.0000,,Tencent_raw
2026-04-16,000632.SZ,4.5100,4.5500,4.4400,4.5200,190170.0000,,Tencent_raw
2026-04-17,000632.SZ,4.5100,4.5500,4.4200,4.4300,174685.0000,,Tencent_raw
2026-04-20,000632.SZ,4.4400,4.5100,4.4300,4.5100,148775.0000,,Tencent_raw
2026-04-21,000632.SZ,4.4900,4.5200,4.4600,4.5000,117414.0000,,Tencent_raw
2026-04-22,000632.SZ,4.5000,4.6300,4.4100,4.6100,201655.0000,,Tencent_raw
2026-04-23,000632.SZ,4.6900,4.9600,4.5500,4.6000,497346.0000,,Tencent_raw
2026-04-24,000632.SZ,4.5800,4.6600,4.4800,4.6100,209028.0000,,Tencent_raw
2026-04-27,000632.SZ,4.1500,4.1500,4.1500,4.1500,78452.0000,,Tencent_raw
2026-04-28,000632.SZ,3.9300,4.1800,3.8300,4.1000,778059.0000,,Tencent_raw
2026-04-30,000632.SZ,3.9000,3.9000,3.9000,3.9000,111101.0000,,Tencent_raw
2026-05-06,000632.SZ,3.7100,3.7100,3.7100,3.7100,127922.0000,,Tencent_raw
2026-05-07,000632.SZ,3.5200,3.5500,3.5200,3.5200,284429.0000,,Tencent_raw
2026-05-08,000632.SZ,3.4500,3.7000,3.4300,3.6300,726855.0000,,Tencent_raw
2026-05-11,000632.SZ,3.7000,3.8100,3.6600,3.8100,175897.0000,,Tencent_raw
2026-05-12,000632.SZ,3.9400,4.0000,3.8800,4.0000,398209.0000,,Tencent_raw
2026-05-13,000632.SZ,4.1500,4.2000,4.0600,4.2000,106902.0000,,Tencent_raw
2026-05-14,000632.SZ,4.4100,4.4100,4.4100,4.4100,51210.0000,,Tencent_raw
2026-05-15,000632.SZ,4.4100,4.4400,4.1900,4.1900,421447.0000,,Tencent_raw
2026-05-18,000632.SZ,4.1200,4.3700,4.0000,4.2300,342490.0000,,Tencent_raw
2026-05-19,000632.SZ,4.2500,4.3600,4.0600,4.3000,337549.0000,,Tencent_raw
2026-05-20,000632.SZ,4.2600,4.3300,4.1100,4.1300,232750.0000,,Tencent_raw
2026-05-21,000632.SZ,4.1300,4.1400,3.9200,3.9200,197516.0000,,Tencent_raw
2026-05-22,000632.SZ,3.8200,4.0400,3.8200,3.9000,152507.0000,,Tencent_raw
2026-05-25,000632.SZ,3.9000,4.0800,3.9000,4.0200,212342.0000,,Tencent_raw
2026-05-26,000632.SZ,3.9700,4.0500,3.8200,3.8600,219414.0000,,Tencent_raw
2026-05-27,000632.SZ,3.8200,3.8700,3.6700,3.7400,186812.0000,,Tencent_raw
2026-05-28,000632.SZ,3.7300,3.9300,3.7300,3.9300,118765.0000,,Tencent_raw
2026-05-29,000632.SZ,3.9800,4.0800,3.9400,4.0100,157964.0000,,Tencent_raw
2026-06-01,000632.SZ,3.9500,4.1600,3.9500,4.1000,128223.0000,,Tencent_raw
2026-06-02,000632.SZ,4.1000,4.3100,4.0900,4.3000,282960.0000,,Tencent_raw
2026-06-03,000632.SZ,4.2800,4.4300,4.0900,4.1200,387430.0000,,Tencent_raw
2026-06-04,000632.SZ,4.1600,4.1900,3.9500,4.0600,194803.0000,,Tencent_raw
2026-06-05,000632.SZ,4.1000,4.2200,3.9500,3.9600,283755.0000,,Tencent_raw
2026-06-08,000632.SZ,3.9200,4.0000,3.7600,3.9300,163896.0000,,Tencent_raw
2026-06-09,000632.SZ,3.8500,3.9600,3.7300,3.8200,205841.0000,,Tencent_raw
2026-06-10,000632.SZ,3.7800,3.8000,3.6300,3.6500,154113.0000,,Tencent_raw
2026-06-11,000632.SZ,3.6200,3.8300,3.4900,3.7300,215324.0000,,Tencent_raw
2026-06-12,000632.SZ,3.7300,3.8400,3.7000,3.7800,126010.0000,,Tencent_raw
2026-06-15,000632.SZ,3.7500,3.8400,3.6200,3.6700,124179.0000,,Tencent_raw
2026-06-16,000632.SZ,3.6900,3.7100,3.4900,3.6800,174484.0000,,Tencent_raw
2026-06-17,000632.SZ,3.6200,3.6800,3.5000,3.5000,158688.0000,,Tencent_raw
2026-06-18,000632.SZ,3.4800,3.5100,3.3300,3.3300,141977.0000,,Tencent_raw
2026-06-22,000632.SZ,3.3000,3.3100,3.1600,3.1700,198226.0000,,Tencent_raw
2026-06-23,000632.SZ,3.1800,3.3300,3.1500,3.3300,127963.0000,,Tencent_raw
2026-06-24,000632.SZ,3.3300,3.4000,3.1600,3.1600,146393.0000,,Tencent_raw
2026-06-25,000632.SZ,3.1000,3.1500,3.0000,3.0000,124409.0000,,Tencent_raw
2026-06-26,000632.SZ,2.9100,3.1300,2.8800,3.0400,164158.0000,,Tencent_raw
2026-06-29,000632.SZ,3.0000,3.1500,2.8900,2.9300,183982.0000,,Tencent_raw
2026-06-30,000632.SZ,2.9100,3.0800,2.9100,3.0500,168729.0000,,Tencent_raw
2026-07-01,000632.SZ,3.0200,3.2000,3.0200,3.2000,68162.0000,,Tencent_raw
2026-07-02,000632.SZ,3.3000,3.3600,3.2400,3.3600,173845.0000,,Tencent_raw
2026-07-03,000632.SZ,3.4400,3.5200,3.3100,3.4500,202782.0000,,Tencent_raw
2026-07-06,000632.SZ,3.3800,3.5800,3.2800,3.2800,134210.0000,,Tencent_raw
2026-07-07,000632.SZ,3.2900,3.3100,3.0500,3.0800,165900.0000,,Tencent_raw
2026-07-08,000632.SZ,3.0800,3.3300,3.0600,3.2800,110641.0000,,Tencent_raw
2026-07-09,000632.SZ,3.2400,3.4900,3.2300,3.4500,119818.0000,,Tencent_raw
2026-07-10,000632.SZ,3.4300,3.4800,3.3200,3.3700,142308.0000,,Tencent_raw
2026-07-13,000632.SZ,3.3200,3.3500,3.1300,3.2100,103491.0000,,Tencent_raw
2026-07-14,000632.SZ,3.2000,3.2900,3.1500,3.2400,65679.0000,,Tencent_raw
2026-07-15,000632.SZ,3.2100,3.2900,3.1400,3.2200,84230.0000,,Tencent_raw
2026-07-16,000632.SZ,3.2000,3.3400,3.1700,3.2500,82559.0000,,Tencent_raw
2026-07-17,000632.SZ,3.2300,3.3000,3.0800,3.1200,97842.0000,,Tencent_raw
2026-07-20,000632.SZ,3.1200,3.1500,2.8100,2.8200,142064.0000,,Tencent_raw
2026-07-21,000632.SZ,2.8300,2.8700,2.5400,2.6700,212067.0000,,Tencent_raw
2026-07-22,000632.SZ,2.7100,2.8800,2.6800,2.7000,102789.0000,,Tencent_raw
2026-07-23,000632.SZ,2.7300,2.9700,2.7300,2.9700,105966.0000,,Tencent_raw
2026-07-24,000632.SZ,2.9900,3.1000,2.8500,2.8800,113017.0000,,Tencent_raw
2026-07-27,000632.SZ,2.9300,3.0300,2.8800,3.0100,61217.0000,,Tencent_raw
2026-07-28,000632.SZ,2.9800,3.1100,2.9700,3.0000,56642.0000,,Tencent_raw
2026-07-29,000632.SZ,3.0000,3.3000,3.0000,3.1800,119089.0000,,Tencent_raw
2026-07-30,000632.SZ,3.1800,3.4700,3.1700,3.4000,174848.0000,,Tencent_raw
2026-07-31,000632.SZ,3.2800,3.4700,3.2700,3.3900,152207.0000,,Tencent_raw
2026-08-03,000632.SZ,3.3800,3.4900,3.3700,3.4500,84992.0000,,Tencent_raw
2026-08-04,000632.SZ,3.4700,3.4900,3.3300,3.3400,104729.0000,,Tencent_raw
2026-08-05,000632.SZ,3.3100,3.3700,3.2500,3.3100,86969.0000,,Tencent_raw
2026-08-06,000632.SZ,3.2900,3.4500,3.2600,3.4300,99496.0000,,Tencent_raw
2026-08-07,000632.SZ,3.4100,3.4100,3.2800,3.3400,75047.0000,,Tencent_raw
2026-08-10,000632.SZ,3.2800,3.3800,3.1800,3.3700,77710.0000,,Tencent_raw
2026-08-11,000632.SZ,3.3700,3.3800,3.2800,3.3400,45588.0000,,Tencent_raw
2026-08-12,000632.SZ,3.3200,3.5000,3.3200,3.4600,104005.0000,,Tencent_raw
2026-08-13,000632.SZ,3.4800,3.5900,3.4300,3.5200,109810.0000,,Tencent_raw
2026-08-14,000632.SZ,3.5000,3.7000,3.5000,3.6800,125065.0000,,Tencent_raw
2026-08-17,000632.SZ,3.7000,3.7600,3.6000,3.6700,77444.0000,,Tencent_raw
2026-08-18,000632.SZ,3.6400,3.8100,3.6000,3.7500,102641.0000,,Tencent_raw
2026-08-19,000632.SZ,3.7500,3.7600,3.6000,3.6000,83355.0000,,Tencent_raw
2026-08-20,000632.SZ,3.6400,3.8500,3.6000,3.7000,105707.0000,,Tencent_raw
2026-08-21,000632.SZ,3.7300,3.9500,3.6500,3.9000,168176.0000,,Tencent_raw
2026-08-24,000632.SZ,3.9500,4.0000,3.6500,3.6500,154784.0000,,Tencent_raw
2026-08-25,000632.SZ,3.6600,3.7400,3.5700,3.6400,65280.0000,,Tencent_raw
2026-08-26,000632.SZ,4.0000,4.0000,4.0000,4.0000,74765.0000,,Tencent_raw
2026-08-27,000632.SZ,4.1900,4.3500,4.0000,4.2700,431102.0000,,Tencent_raw
2026-08-28,000632.SZ,4.2700,4.4400,4.1800,4.3900,260424.0000,,Tencent_raw
2026-08-31,000632.SZ,4.2700,4.3800,4.1400,4.2500,272764.0000,,Tencent_raw
2026-09-01,000632.SZ,4.3500,4.3800,4.0900,4.1200,229721.0000,,Tencent_raw
2026-09-02,000632.SZ,4.1500,4.2700,4.0800,4.0800,183795.0000,,Tencent_raw
2026-09-03,000632.SZ,4.0400,4.2000,3.9300,4.1400,195468.0000,,Tencent_raw
2026-09-04,000632.SZ,4.1100,4.2000,4.0500,4.1400,151379.0000,,Tencent_raw
2026-09-07,000632.SZ,4.1200,4.1300,4.0000,4.0600,139402.0000,,Tencent_raw
2026-09-08,000632.SZ,4.0600,4.1600,4.0600,4.1200,105952.0000,,Tencent_raw
2026-09-09,000632.SZ,4.1200,4.1600,4.0600,4.1000,94596.0000,,Tencent_raw
2026-09-10,000632.SZ,4.0900,4.2800,4.0400,4.2500,209012.0000,,Tencent_raw
2026-09-11,000632.SZ,4.2200,4.2200,4.0900,4.1800,128358.0000,,Tencent_raw
2026-09-14,000632.SZ,4.1500,4.2500,4.1100,4.1400,102248.0000,,Tencent_raw
2026-09-15,000632.SZ,4.1100,4.1300,3.8000,3.9000,188689.0000,,Tencent_raw
2026-09-16,000632.SZ,3.8900,4.0100,3.8500,3.9900,101243.0000,,Tencent_raw
2026-09-17,000632.SZ,3.9800,4.0600,3.9000,4.0200,95966.0000,,Tencent_raw
2026-09-18,000632.SZ,4.0200,4.0500,3.9600,4.0300,120210.0000,,Tencent_raw
2026-09-21,000632.SZ,3.9900,4.0600,3.9700,3.9800,100452.0000,,Tencent_raw
2026-09-22,000632.SZ,3.9800,3.9800,3.6200,3.7500,306243.0000,,Tencent_raw
2026-09-23,000632.SZ,3.7000,3.8100,3.6500,3.7100,147130.0000,,Tencent_raw
2026-09-24,000632.SZ,3.6700,3.8400,3.6700,3.7500,97666.0000,,Tencent_raw
2026-09-28,000632.SZ,3.7700,3.7700,3.5800,3.6200,114878.0000,,Tencent_raw
2025-09-01,000669.SZ,3.1900,3.2300,3.1700,3.2300,106833.0000,,Tencent_raw
2025-09-02,000669.SZ,3.2600,3.3500,3.2000,3.2900,144647.0000,,Tencent_raw
2025-09-03,000669.SZ,3.3400,3.3500,3.1800,3.1900,99736.0000,,Tencent_raw
2025-09-04,000669.SZ,3.1900,3.2100,3.1200,3.1800,65686.0000,,Tencent_raw
2025-09-05,000669.SZ,3.1700,3.2300,3.1600,3.2100,53049.0000,,Tencent_raw
2025-09-08,000669.SZ,3.2200,3.2200,3.1500,3.1800,69106.0000,,Tencent_raw
2025-09-09,000669.SZ,3.1700,3.1900,3.1400,3.1500,58330.0000,,Tencent_raw
2025-09-10,000669.SZ,3.1600,3.1600,3.0000,3.0900,132386.0000,,Tencent_raw
2025-09-11,000669.SZ,3.1000,3.2400,3.1000,3.2300,132209.0000,,Tencent_raw
2025-09-12,000669.SZ,3.2000,3.2700,3.1900,3.2700,116298.0000,,Tencent_raw
2025-09-15,000669.SZ,3.2700,3.4300,3.2300,3.4000,161536.0000,,Tencent_raw
2025-09-16,000669.SZ,3.4000,3.5400,3.3700,3.4200,163204.0000,,Tencent_raw
2025-09-17,000669.SZ,3.4000,3.4700,3.3600,3.3800,88553.0000,,Tencent_raw
2025-09-18,000669.SZ,3.3700,3.4100,3.2900,3.3300,100605.0000,,Tencent_raw
2025-09-19,000669.SZ,3.3200,3.3700,3.3000,3.3600,66633.0000,,Tencent_raw
2025-09-22,000669.SZ,3.4100,3.4100,3.2400,3.2700,67890.0000,,Tencent_raw
2025-09-23,000669.SZ,3.2200,3.2700,3.1600,3.2100,83454.0000,,Tencent_raw
2025-09-24,000669.SZ,3.2000,3.2500,3.1700,3.2200,57703.0000,,Tencent_raw
2025-09-25,000669.SZ,3.2400,3.2400,3.1100,3.1600,111821.0000,,Tencent_raw
2025-09-26,000669.SZ,3.1300,3.2000,3.1200,3.1500,58003.0000,,Tencent_raw
2025-09-29,000669.SZ,3.1000,3.1800,3.0600,3.1200,92051.0000,,Tencent_raw
2025-09-30,000669.SZ,3.1400,3.1400,3.0700,3.1200,56841.0000,,Tencent_raw
2025-10-09,000669.SZ,3.1200,3.1400,2.9600,3.0000,166970.0000,,Tencent_raw
2025-10-10,000669.SZ,3.0000,3.1000,2.9900,3.0000,104911.0000,,Tencent_raw
2025-10-13,000669.SZ,2.8500,3.0300,2.8500,3.0100,87137.0000,,Tencent_raw
2025-10-14,000669.SZ,3.0400,3.0900,3.0000,3.0300,76104.0000,,Tencent_raw
2025-10-15,000669.SZ,3.0300,3.0900,3.0200,3.0800,59652.0000,,Tencent_raw
2025-10-16,000669.SZ,3.1000,3.1500,3.0400,3.1500,85582.0000,,Tencent_raw
2025-10-17,000669.SZ,3.1700,3.2200,3.1100,3.1200,91435.0000,,Tencent_raw
2025-10-20,000669.SZ,3.1300,3.1800,3.0900,3.1800,70554.0000,,Tencent_raw
2025-10-21,000669.SZ,3.1700,3.2100,3.1600,3.1800,58758.0000,,Tencent_raw
2025-10-22,000669.SZ,3.1800,3.2300,3.1600,3.2300,63812.0000,,Tencent_raw
2025-10-23,000669.SZ,3.2200,3.2900,3.1700,3.1900,80241.0000,,Tencent_raw
2025-10-24,000669.SZ,3.1900,3.1900,3.1400,3.1500,64654.0000,,Tencent_raw
2025-10-27,000669.SZ,3.1600,3.2400,3.1400,3.2300,68211.0000,,Tencent_raw
2025-10-28,000669.SZ,3.2100,3.2300,3.1000,3.1000,97558.0000,,Tencent_raw
2025-10-29,000669.SZ,3.1200,3.1600,3.0900,3.1400,43936.0000,,Tencent_raw
2025-10-30,000669.SZ,3.1500,3.1500,3.0800,3.0900,60043.0000,,Tencent_raw
2025-10-31,000669.SZ,3.0900,3.1700,3.0900,3.1700,52137.0000,,Tencent_raw
2025-11-03,000669.SZ,3.1700,3.2100,3.1100,3.1800,70979.0000,,Tencent_raw
2025-11-04,000669.SZ,3.1900,3.3200,3.1500,3.2200,138432.0000,,Tencent_raw
2025-11-05,000669.SZ,3.2200,3.3800,3.2000,3.3600,216718.0000,,Tencent_raw
2025-11-06,000669.SZ,3.3400,3.4500,3.3200,3.4200,152041.0000,,Tencent_raw
2025-11-07,000669.SZ,3.2500,3.3200,3.2500,3.2700,178001.0000,,Tencent_raw
2025-11-10,000669.SZ,3.2800,3.3300,3.1900,3.2000,119567.0000,,Tencent_raw
2025-11-11,000669.SZ,3.2200,3.2300,3.1600,3.1900,79636.0000,,Tencent_raw
2025-11-12,000669.SZ,3.1800,3.2200,3.1300,3.1600,92951.0000,,Tencent_raw
2025-11-13,000669.SZ,3.1600,3.1800,3.1100,3.1200,97240.0000,,Tencent_raw
2025-11-14,000669.SZ,3.1300,3.2200,3.1100,3.1200,143653.0000,,Tencent_raw
2025-11-17,000669.SZ,3.1100,3.1300,3.0800,3.1200,113131.0000,,Tencent_raw
2025-11-18,000669.SZ,3.1300,3.1500,3.0200,3.0600,121606.0000,,Tencent_raw
2025-11-19,000669.SZ,3.0600,3.0600,3.0000,3.0600,96018.0000,,Tencent_raw
2025-11-20,000669.SZ,3.0600,3.0700,3.0100,3.0300,89794.0000,,Tencent_raw
2025-11-21,000669.SZ,3.0000,3.0200,2.9100,2.9500,98486.0000,,Tencent_raw
2025-11-24,000669.SZ,2.9600,3.0500,2.9600,3.0200,83245.0000,,Tencent_raw
2025-11-25,000669.SZ,3.0100,3.0200,2.9600,3.0000,76130.0000,,Tencent_raw
2025-11-26,000669.SZ,2.9900,3.0000,2.9300,2.9300,60089.0000,,Tencent_raw
2025-11-27,000669.SZ,2.9300,3.0800,2.9300,3.0800,104227.0000,,Tencent_raw
2025-11-28,000669.SZ,3.1500,3.2300,3.1400,3.2300,111237.0000,,Tencent_raw
2025-12-01,000669.SZ,3.3600,3.3800,3.2000,3.2600,253529.0000,,Tencent_raw
2025-12-02,000669.SZ,3.2900,3.3500,3.2300,3.2500,140853.0000,,Tencent_raw
2025-12-03,000669.SZ,3.2600,3.2600,3.0900,3.0900,141490.0000,,Tencent_raw
2025-12-04,000669.SZ,3.0300,3.1100,2.9700,3.0700,118930.0000,,Tencent_raw
2025-12-05,000669.SZ,3.0700,3.1100,3.0200,3.0900,66621.0000,,Tencent_raw
2025-12-08,000669.SZ,3.1000,3.1200,3.0500,3.0500,92685.0000,,Tencent_raw
2025-12-09,000669.SZ,3.0600,3.0800,3.0000,3.0100,74708.0000,,Tencent_raw
2025-12-10,000669.SZ,3.0200,3.0800,3.0200,3.0400,44910.0000,,Tencent_raw
2025-12-11,000669.SZ,3.1300,3.1300,2.9900,3.0100,112888.0000,,Tencent_raw
2025-12-12,000669.SZ,3.0100,3.0600,2.9700,3.0000,59537.0000,,Tencent_raw
2025-12-15,000669.SZ,3.0100,3.0400,2.9800,3.0200,55999.0000,,Tencent_raw
2025-12-16,000669.SZ,3.0000,3.0200,2.9600,2.9900,53040.0000,,Tencent_raw
2025-12-17,000669.SZ,2.9800,3.0000,2.9500,2.9700,61177.0000,,Tencent_raw
2025-12-18,000669.SZ,2.9700,2.9900,2.8900,2.9000,125108.0000,,Tencent_raw
2025-12-19,000669.SZ,2.9500,3.0500,2.9500,3.0500,151903.0000,,Tencent_raw
2025-12-22,000669.SZ,3.0400,3.0700,3.0100,3.0600,102288.0000,,Tencent_raw
2025-12-23,000669.SZ,3.0500,3.0600,3.0200,3.0200,40264.0000,,Tencent_raw
2025-12-24,000669.SZ,3.0200,3.0400,3.0000,3.0100,64841.0000,,Tencent_raw
2025-12-25,000669.SZ,3.0000,3.0800,3.0000,3.0500,61223.0000,,Tencent_raw
2025-12-26,000669.SZ,3.0700,3.0900,3.0200,3.0600,59485.0000,,Tencent_raw
2025-12-29,000669.SZ,3.0300,3.0300,2.9800,3.0000,62283.0000,,Tencent_raw
2025-12-30,000669.SZ,3.0200,3.0200,2.9300,2.9400,102044.0000,,Tencent_raw
2025-12-31,000669.SZ,2.9300,2.9500,2.9200,2.9500,63585.0000,,Tencent_raw
2026-01-05,000669.SZ,2.9400,2.9900,2.9400,2.9400,78450.0000,,Tencent_raw
2026-01-06,000669.SZ,2.9400,2.9700,2.9200,2.9600,80604.0000,,Tencent_raw
2026-01-07,000669.SZ,2.9500,3.0900,2.9400,3.0200,99366.0000,,Tencent_raw
2026-01-08,000669.SZ,3.0100,3.0400,2.9400,2.9600,128659.0000,,Tencent_raw
2026-01-09,000669.SZ,2.9600,2.9700,2.9200,2.9300,97836.0000,,Tencent_raw
2026-01-12,000669.SZ,2.9300,2.9300,2.8900,2.9100,133411.0000,,Tencent_raw
2026-01-13,000669.SZ,2.9000,2.9500,2.8900,2.9100,71760.0000,,Tencent_raw
2026-01-14,000669.SZ,2.9000,2.9100,2.8500,2.8800,95826.0000,,Tencent_raw
2026-01-15,000669.SZ,2.8500,2.8700,2.8100,2.8300,84904.0000,,Tencent_raw
2026-01-16,000669.SZ,2.8500,2.8600,2.7500,2.7800,79361.0000,,Tencent_raw
2026-01-19,000669.SZ,2.7800,2.8400,2.7600,2.7900,77816.0000,,Tencent_raw
2026-01-20,000669.SZ,2.8300,2.9300,2.8100,2.9300,224412.0000,,Tencent_raw
2026-01-21,000669.SZ,2.9000,2.9900,2.8500,2.9400,152074.0000,,Tencent_raw
2026-01-22,000669.SZ,2.9500,3.0300,2.9000,2.9200,99429.0000,,Tencent_raw
2026-01-23,000669.SZ,2.9000,2.9600,2.9000,2.9500,94303.0000,,Tencent_raw
2026-01-26,000669.SZ,2.9500,3.0800,2.9300,3.0300,196887.0000,,Tencent_raw
2026-01-27,000669.SZ,3.0200,3.1000,2.9800,3.1000,135697.0000,,Tencent_raw
2026-01-28,000669.SZ,3.1200,3.2200,3.0600,3.0900,170743.0000,,Tencent_raw
2026-01-29,000669.SZ,3.0600,3.1300,3.0000,3.0300,102494.0000,,Tencent_raw
2026-01-30,000669.SZ,3.0300,3.1000,3.0200,3.0800,88256.0000,,Tencent_raw
2026-02-02,000669.SZ,3.1600,3.2000,3.0700,3.0800,160061.0000,,Tencent_raw
2026-02-03,000669.SZ,3.0700,3.1100,3.0300,3.1100,81079.0000,,Tencent_raw
2026-02-04,000669.SZ,3.0900,3.1500,3.0300,3.0700,108624.0000,,Tencent_raw
2026-02-05,000669.SZ,3.0500,3.0800,3.0000,3.0300,65562.0000,,Tencent_raw
2026-02-06,000669.SZ,3.0300,3.0800,2.9900,3.0800,69724.0000,,Tencent_raw
2026-02-09,000669.SZ,3.0900,3.1400,3.0600,3.0800,90484.0000,,Tencent_raw
2026-02-10,000669.SZ,3.2300,3.2300,3.2300,3.2300,92945.0000,,Tencent_raw
2026-02-11,000669.SZ,3.3900,3.3900,3.3900,3.3900,11465.0000,,Tencent_raw
2026-02-12,000669.SZ,3.5600,3.5600,3.5600,3.5600,13427.0000,,Tencent_raw
2026-02-13,000669.SZ,3.7400,3.7400,3.5900,3.7400,736110.0000,,Tencent_raw
2026-02-24,000669.SZ,3.9300,3.9300,3.9300,3.9300,60250.0000,,Tencent_raw
2026-02-25,000669.SZ,4.1300,4.1300,4.1300,4.1300,21422.0000,,Tencent_raw
2026-02-26,000669.SZ,4.3400,4.3400,4.3400,4.3400,25119.0000,,Tencent_raw
2026-02-27,000669.SZ,4.4500,4.5600,4.3500,4.5600,516775.0000,,Tencent_raw
2026-03-02,000669.SZ,4.3500,4.5000,4.3300,4.4100,724730.0000,,Tencent_raw
2026-03-03,000669.SZ,4.6300,4.6300,4.1900,4.1900,1029574.0000,,Tencent_raw
2026-03-04,000669.SZ,3.9800,4.0300,3.9800,3.9800,451077.0000,,Tencent_raw
2026-03-05,000669.SZ,3.9700,4.1600,3.7800,4.1100,860641.0000,,Tencent_raw
2026-03-06,000669.SZ,4.0000,4.0500,3.9000,3.9000,512572.0000,,Tencent_raw
2026-03-09,000669.SZ,4.0800,4.1000,3.9400,4.0000,544967.0000,,Tencent_raw
2026-03-10,000669.SZ,3.8800,4.2000,3.8800,4.2000,477325.0000,,Tencent_raw
2026-03-11,000669.SZ,4.4000,4.4100,4.3300,4.4100,272382.0000,,Tencent_raw
2026-03-12,000669.SZ,4.6000,4.6300,4.5100,4.6300,160566.0000,,Tencent_raw
2026-03-13,000669.SZ,4.8600,4.8600,4.5000,4.8600,689093.0000,,Tencent_raw
2026-03-16,000669.SZ,4.9800,5.1000,4.9300,5.1000,182777.0000,,Tencent_raw
2026-03-17,000669.SZ,5.3600,5.3600,4.8600,5.3600,1011281.0000,,Tencent_raw
2026-03-18,000669.SZ,5.1100,5.2500,5.0900,5.0900,194131.0000,,Tencent_raw
2026-03-19,000669.SZ,4.8400,5.3200,4.8400,5.0500,693932.0000,,Tencent_raw
2026-03-20,000669.SZ,4.9000,5.3000,4.9000,5.3000,408027.0000,,Tencent_raw
2026-03-23,000669.SZ,5.4000,5.5600,5.1100,5.4800,657277.0000,,Tencent_raw
2026-03-24,000669.SZ,5.3800,5.4600,5.2100,5.2100,478018.0000,,Tencent_raw
2026-03-25,000669.SZ,5.0800,5.1200,4.9500,4.9500,455172.0000,,Tencent_raw
2026-03-26,000669.SZ,5.0000,5.2000,4.8100,5.2000,396742.0000,,Tencent_raw
2026-03-27,000669.SZ,4.9400,5.2000,4.9400,5.0200,419403.0000,,Tencent_raw
2026-03-30,000669.SZ,5.1200,5.2700,4.9600,5.1800,447680.0000,,Tencent_raw
2026-03-31,000669.SZ,5.1800,5.3200,4.9200,5.1300,409728.0000,,Tencent_raw
2026-04-01,000669.SZ,5.1100,5.2200,5.0100,5.0300,240318.0000,,Tencent_raw
2026-04-02,000669.SZ,5.0100,5.0600,4.8200,4.8300,258517.0000,,Tencent_raw
2026-04-03,000669.SZ,4.8300,5.0700,4.7300,5.0700,271889.0000,,Tencent_raw
2026-04-07,000669.SZ,5.2500,5.3000,5.0700,5.1700,273718.0000,,Tencent_raw
2026-04-08,000669.SZ,5.1000,5.3000,5.0100,5.1400,227623.0000,,Tencent_raw
2026-04-09,000669.SZ,5.1400,5.2900,5.1000,5.1800,253673.0000,,Tencent_raw
2026-04-10,000669.SZ,5.2000,5.2000,4.9800,4.9900,311695.0000,,Tencent_raw
2026-04-13,000669.SZ,4.7400,4.7400,4.7400,4.7400,74704.0000,,Tencent_raw
2026-04-14,000669.SZ,4.5000,4.9600,4.5000,4.7900,297041.0000,,Tencent_raw
2026-04-15,000669.SZ,4.6200,4.7800,4.5600,4.6300,316404.0000,,Tencent_raw
2026-04-16,000669.SZ,4.5900,4.6900,4.4000,4.4000,305774.0000,,Tencent_raw
2026-04-17,000669.SZ,4.4000,4.5500,4.3200,4.4600,206293.0000,,Tencent_raw
2026-04-20,000669.SZ,4.4000,4.4100,4.2400,4.2400,256928.0000,,Tencent_raw
2026-04-21,000669.SZ,4.2200,4.3500,4.1600,4.1600,201500.0000,,Tencent_raw
2026-04-22,000669.SZ,4.3600,4.3700,4.3200,4.3700,128662.0000,,Tencent_raw
2026-04-23,000669.SZ,4.4600,4.4600,4.1500,4.1700,350853.0000,,Tencent_raw
2026-04-24,000669.SZ,3.9800,4.1400,3.9800,4.0600,187626.0000,,Tencent_raw
2026-04-27,000669.SZ,4.0800,4.1900,3.9500,4.1500,158962.0000,,Tencent_raw
2026-04-28,000669.SZ,4.1600,4.3600,4.1600,4.3400,230989.0000,,Tencent_raw
2026-04-29,000669.SZ,4.3000,4.4100,4.2300,4.3100,186120.0000,,Tencent_raw
2026-04-30,000669.SZ,4.2800,4.3300,4.1700,4.1900,139266.0000,,Tencent_raw
2026-05-06,000669.SZ,4.1800,4.2000,4.0200,4.0800,175122.0000,,Tencent_raw
2026-05-07,000669.SZ,4.0800,4.1200,4.0300,4.0300,126459.0000,,Tencent_raw
2026-05-08,000669.SZ,4.0300,4.1400,3.9700,4.1000,144866.0000,,Tencent_raw
2026-05-11,000669.SZ,4.1000,4.1300,4.0100,4.0300,150732.0000,,Tencent_raw
2026-05-12,000669.SZ,4.0300,4.1600,4.0100,4.0300,130222.0000,,Tencent_raw
2026-05-13,000669.SZ,4.0500,4.0500,3.9800,4.0000,108758.0000,,Tencent_raw
2026-05-14,000669.SZ,4.0900,4.2000,4.0800,4.2000,98742.0000,,Tencent_raw
2026-05-15,000669.SZ,4.4100,4.4100,4.3200,4.4100,121884.0000,,Tencent_raw
2026-05-18,000669.SZ,4.6300,4.6300,4.6300,4.6300,15673.0000,,Tencent_raw
2026-05-19,000669.SZ,4.8600,4.8600,4.8600,4.8600,8439.0000,,Tencent_raw
2026-05-20,000669.SZ,4.8200,4.8200,4.6200,4.6200,84363.0000,,Tencent_raw
2026-05-21,000669.SZ,4.3900,4.3900,4.3900,4.3900,34773.0000,,Tencent_raw
2026-05-22,000669.SZ,4.2600,4.3600,4.1700,4.1700,233564.0000,,Tencent_raw
2026-05-25,000669.SZ,4.1700,4.2500,4.0600,4.1600,164641.0000,,Tencent_raw
2026-05-26,000669.SZ,4.1700,4.1900,4.0100,4.0700,107438.0000,,Tencent_raw
2026-05-27,000669.SZ,4.1200,4.1900,4.0200,4.1000,98834.0000,,Tencent_raw
2026-05-28,000669.SZ,4.1100,4.1800,4.0800,4.1600,80941.0000,,Tencent_raw
2026-05-29,000669.SZ,4.2100,4.3700,4.2100,4.3700,51155.0000,,Tencent_raw
2026-06-01,000669.SZ,4.5600,4.5800,4.3500,4.4500,178961.0000,,Tencent_raw
2026-06-02,000669.SZ,4.3700,4.4900,4.3100,4.3700,114718.0000,,Tencent_raw
2026-06-03,000669.SZ,4.3200,4.4000,4.1500,4.2000,124512.0000,,Tencent_raw
2026-06-04,000669.SZ,4.2100,4.3700,4.1500,4.3600,126966.0000,,Tencent_raw
2026-06-05,000669.SZ,4.3000,4.4000,4.2400,4.2400,81407.0000,,Tencent_raw
2026-06-08,000669.SZ,4.1800,4.2600,4.1200,4.1500,77424.0000,,Tencent_raw
2026-06-09,000669.SZ,4.1700,4.2000,4.1000,4.1700,57909.0000,,Tencent_raw
2026-06-10,000669.SZ,4.1500,4.2000,4.0900,4.1000,60658.0000,,Tencent_raw
2026-06-11,000669.SZ,4.0500,4.1200,4.0200,4.0400,63215.0000,,Tencent_raw
2026-06-12,000669.SZ,4.0500,4.0900,4.0000,4.0600,52470.0000,,Tencent_raw
2026-06-15,000669.SZ,4.0800,4.1000,4.0100,4.0500,74050.0000,,Tencent_raw
2026-06-16,000669.SZ,4.0300,4.0500,3.9800,4.0200,64897.0000,,Tencent_raw
2026-06-17,000669.SZ,4.0300,4.2200,3.9900,4.1500,134454.0000,,Tencent_raw
2026-06-18,000669.SZ,4.0200,4.1200,4.0100,4.0300,82790.0000,,Tencent_raw
2026-06-22,000669.SZ,4.0300,4.0600,3.8300,3.8800,132944.0000,,Tencent_raw
2026-06-23,000669.SZ,3.8800,3.9600,3.7500,3.8800,100872.0000,,Tencent_raw
2026-06-24,000669.SZ,3.8900,3.9500,3.8200,3.9200,70256.0000,,Tencent_raw
2026-06-25,000669.SZ,3.8800,3.9600,3.7200,3.8100,106794.0000,,Tencent_raw
2026-06-26,000669.SZ,3.7600,3.8000,3.6200,3.6300,106160.0000,,Tencent_raw
2026-06-29,000669.SZ,3.6100,3.6300,3.4500,3.4500,106788.0000,,Tencent_raw
2026-06-30,000669.SZ,3.3400,3.6100,3.3200,3.5500,112973.0000,,Tencent_raw
2026-07-01,000669.SZ,3.5600,3.7300,3.5600,3.7300,94541.0000,,Tencent_raw
2026-07-02,000669.SZ,3.7600,3.9200,3.7500,3.8200,102672.0000,,Tencent_raw
2026-07-03,000669.SZ,3.8200,3.9000,3.7500,3.7900,74999.0000,,Tencent_raw
2026-07-06,000669.SZ,3.9300,3.9600,3.7700,3.7800,51552.0000,,Tencent_raw
2026-07-07,000669.SZ,3.7600,3.7800,3.5300,3.6300,69967.0000,,Tencent_raw
2026-07-08,000669.SZ,3.6000,3.7500,3.5500,3.6300,54672.0000,,Tencent_raw
2026-07-09,000669.SZ,3.6200,3.7800,3.6200,3.6900,73023.0000,,Tencent_raw
2026-07-10,000669.SZ,3.6600,3.7000,3.6100,3.6500,47822.0000,,Tencent_raw
2026-07-13,000669.SZ,3.6600,3.7700,3.6300,3.7400,95867.0000,,Tencent_raw
2026-07-14,000669.SZ,3.7100,3.8200,3.6500,3.6700,88631.0000,,Tencent_raw
2026-07-15,000669.SZ,3.6600,3.9500,3.5900,3.8000,109780.0000,,Tencent_raw
2026-07-16,000669.SZ,3.7800,3.8700,3.7400,3.7500,50458.0000,,Tencent_raw
2026-07-17,000669.SZ,3.7500,3.7500,3.5100,3.5500,77288.0000,,Tencent_raw
2026-07-20,000669.SZ,3.5600,3.6300,3.4200,3.4200,72104.0000,,Tencent_raw
2026-07-21,000669.SZ,3.4300,3.5200,3.2200,3.3500,82115.0000,,Tencent_raw
2026-07-22,000669.SZ,3.3500,3.3900,3.2500,3.3200,48163.0000,,Tencent_raw
2026-07-23,000669.SZ,3.3100,3.5100,3.3000,3.4200,60107.0000,,Tencent_raw
2026-07-24,000669.SZ,3.4300,3.4300,3.3500,3.3500,24104.0000,,Tencent_raw
2026-07-27,000669.SZ,3.3300,3.4200,3.3000,3.4000,26206.0000,,Tencent_raw
2026-07-28,000669.SZ,3.3900,3.5200,3.3300,3.4100,44512.0000,,Tencent_raw
2026-07-29,000669.SZ,3.4200,3.4600,3.3700,3.4100,27581.0000,,Tencent_raw
2026-07-30,000669.SZ,3.4000,3.4300,3.3400,3.3400,31666.0000,,Tencent_raw
2026-07-31,000669.SZ,3.3500,3.3800,3.3200,3.3400,41294.0000,,Tencent_raw
2026-08-03,000669.SZ,3.3300,3.4600,3.3200,3.4400,48722.0000,,Tencent_raw
2026-08-04,000669.SZ,3.5000,3.6300,3.4400,3.5900,61211.0000,,Tencent_raw
2026-08-05,000669.SZ,3.6000,3.6900,3.5600,3.5900,52981.0000,,Tencent_raw
2026-08-06,000669.SZ,3.6000,3.6000,3.4800,3.5300,54122.0000,,Tencent_raw
2026-08-07,000669.SZ,3.5300,3.5300,3.4600,3.4800,43301.0000,,Tencent_raw
2026-08-10,000669.SZ,3.4800,3.5300,3.4500,3.5300,34310.0000,,Tencent_raw
2026-08-11,000669.SZ,3.5200,3.6200,3.5000,3.5400,38834.0000,,Tencent_raw
2026-08-12,000669.SZ,3.5400,3.8900,3.5300,3.8900,104926.0000,,Tencent_raw
2026-08-13,000669.SZ,4.0000,4.1700,3.9700,4.0000,197740.0000,,Tencent_raw
2026-08-14,000669.SZ,4.0000,4.1200,3.9700,3.9900,71152.0000,,Tencent_raw
2026-08-17,000669.SZ,3.9900,4.1300,3.9000,4.0900,86842.0000,,Tencent_raw
2026-08-18,000669.SZ,4.0900,4.3100,4.0500,4.1900,132386.0000,,Tencent_raw
2026-08-19,000669.SZ,4.1300,4.3600,4.1200,4.2200,130939.0000,,Tencent_raw
2026-08-20,000669.SZ,4.2800,4.3000,4.1500,4.2500,70201.0000,,Tencent_raw
2026-08-21,000669.SZ,4.2800,4.4800,4.2500,4.4500,116572.0000,,Tencent_raw
2026-08-24,000669.SZ,4.4100,4.4100,4.0200,4.1000,128748.0000,,Tencent_raw
2026-08-25,000669.SZ,4.1200,4.2100,4.1000,4.1700,66799.0000,,Tencent_raw
2026-08-26,000669.SZ,4.1600,4.2000,4.1300,4.1800,34493.0000,,Tencent_raw
2026-08-27,000669.SZ,4.1700,4.1900,4.1100,4.1100,47466.0000,,Tencent_raw
2026-08-28,000669.SZ,4.1100,4.3700,4.0800,4.2600,79960.0000,,Tencent_raw
2026-08-31,000669.SZ,4.2000,4.3000,4.1900,4.2800,48791.0000,,Tencent_raw
2026-09-01,000669.SZ,4.3400,4.4700,4.2700,4.2900,66234.0000,,Tencent_raw
2026-09-02,000669.SZ,4.2900,4.3700,4.2200,4.3000,40228.0000,,Tencent_raw
2026-09-03,000669.SZ,4.3000,4.3300,4.2400,4.3100,36871.0000,,Tencent_raw
2026-09-04,000669.SZ,4.3100,4.3700,4.2900,4.3100,33663.0000,,Tencent_raw
2026-09-07,000669.SZ,4.3100,4.3100,4.1700,4.1800,63174.0000,,Tencent_raw
2026-09-08,000669.SZ,4.1800,4.2400,4.1300,4.2000,43021.0000,,Tencent_raw
2026-09-09,000669.SZ,4.2000,4.2300,4.1300,4.1300,42119.0000,,Tencent_raw
2026-09-10,000669.SZ,4.1200,4.2100,4.0700,4.1500,55225.0000,,Tencent_raw
2026-09-11,000669.SZ,4.1400,4.2500,4.1400,4.1600,59572.0000,,Tencent_raw
2026-09-14,000669.SZ,4.1600,4.5800,4.1600,4.4300,209635.0000,,Tencent_raw
2026-09-15,000669.SZ,4.4000,4.4700,4.3200,4.3200,92181.0000,,Tencent_raw
2026-09-16,000669.SZ,4.2900,4.3800,4.2700,4.3200,61911.0000,,Tencent_raw
2026-09-17,000669.SZ,4.3400,4.3600,4.1700,4.1800,53416.0000,,Tencent_raw
2026-09-18,000669.SZ,4.2200,4.2300,4.1500,4.1600,37662.0000,,Tencent_raw
2026-09-21,000669.SZ,4.1200,4.2000,4.1000,4.1800,41093.0000,,Tencent_raw
2026-09-22,000669.SZ,4.1500,4.1900,4.1300,4.1500,31755.0000,,Tencent_raw
2026-09-23,000669.SZ,4.1500,4.2400,4.1300,4.2000,34274.0000,,Tencent_raw
2026-09-24,000669.SZ,4.2000,4.2900,4.2000,4.2000,30670.0000,,Tencent_raw
2026-09-28,000669.SZ,4.2000,4.2300,4.0800,4.1000,36053.0000,,Tencent_raw
2025-09-01,000826.SZ,1.9500,2.1500,1.9300,2.1500,1316012.0000,,Tencent_raw
2025-09-02,000826.SZ,2.1800,2.3400,2.1200,2.1700,2733829.0000,,Tencent_raw
2025-09-03,000826.SZ,2.1900,2.1900,2.1000,2.1100,1412373.0000,,Tencent_raw
2025-09-04,000826.SZ,2.1700,2.1900,2.0900,2.1200,1085385.0000,,Tencent_raw
2025-09-05,000826.SZ,2.1300,2.1500,2.0500,2.1300,844494.0000,,Tencent_raw
2025-09-08,000826.SZ,2.1400,2.2000,2.1000,2.1500,677373.0000,,Tencent_raw
2025-09-09,000826.SZ,2.1300,2.1800,2.1000,2.1200,742793.0000,,Tencent_raw
2025-09-10,000826.SZ,2.1200,2.1600,2.1000,2.1400,744319.0000,,Tencent_raw
2025-09-11,000826.SZ,2.1300,2.2600,2.1100,2.2300,1587283.0000,,Tencent_raw
2025-09-12,000826.SZ,2.2300,2.3100,2.2100,2.2500,1375914.0000,,Tencent_raw
2025-09-15,000826.SZ,2.2400,2.3200,2.2200,2.2800,1161546.0000,,Tencent_raw
2025-09-16,000826.SZ,2.3200,2.3900,2.2900,2.3100,1221342.0000,,Tencent_raw
2025-09-17,000826.SZ,2.2900,2.3000,2.2100,2.2800,968897.0000,,Tencent_raw
2025-09-18,000826.SZ,2.3200,2.3500,2.2500,2.2900,991032.0000,,Tencent_raw
2025-09-19,000826.SZ,2.2800,2.3400,2.1600,2.1900,1026473.0000,,Tencent_raw
2025-09-22,000826.SZ,2.2000,2.4100,2.1600,2.3000,2138835.0000,,Tencent_raw
2025-09-23,000826.SZ,2.2800,2.3000,2.1600,2.2600,1478006.0000,,Tencent_raw
2025-09-24,000826.SZ,2.4800,2.4900,2.4800,2.4900,811203.0000,,Tencent_raw
2025-09-25,000826.SZ,2.5500,2.5900,2.2400,2.2800,3184246.0000,,Tencent_raw
2025-09-26,000826.SZ,2.2600,2.5100,2.2000,2.5100,1581825.0000,,Tencent_raw
2025-09-29,000826.SZ,2.5300,2.6700,2.4100,2.5000,2733780.0000,,Tencent_raw
2025-09-30,000826.SZ,2.5000,2.5300,2.3700,2.3900,1708744.0000,,Tencent_raw
2025-10-09,000826.SZ,2.4400,2.4700,2.3700,2.4100,1089524.0000,,Tencent_raw
2025-10-10,000826.SZ,2.4000,2.5100,2.3400,2.3700,1120400.0000,,Tencent_raw
2025-10-13,000826.SZ,2.2800,2.3400,2.2300,2.3300,798130.0000,,Tencent_raw
2025-10-14,000826.SZ,2.3500,2.3700,2.2700,2.2800,779439.0000,,Tencent_raw
2025-10-15,000826.SZ,2.2900,2.3000,2.2500,2.2800,567620.0000,,Tencent_raw
2025-10-16,000826.SZ,2.2700,2.2800,2.1700,2.1800,681630.0000,,Tencent_raw
2025-10-17,000826.SZ,2.2000,2.2800,2.1600,2.1800,846752.0000,,Tencent_raw
2025-10-20,000826.SZ,2.2000,2.2100,2.1600,2.2000,480173.0000,,Tencent_raw
2025-10-21,000826.SZ,2.2000,2.2800,2.1700,2.2700,656831.0000,,Tencent_raw
2025-10-22,000826.SZ,2.2800,2.3200,2.2500,2.2900,594430.0000,,Tencent_raw
2025-10-23,000826.SZ,2.2800,2.3100,2.2400,2.3000,473147.0000,,Tencent_raw
2025-10-24,000826.SZ,2.3100,2.3200,2.2400,2.2600,414097.0000,,Tencent_raw
2025-10-27,000826.SZ,2.3000,2.4900,2.2900,2.4000,2536358.0000,,Tencent_raw
2025-10-28,000826.SZ,2.3700,2.4700,2.3300,2.3800,1949225.0000,,Tencent_raw
2025-10-29,000826.SZ,2.4000,2.4200,2.3000,2.3400,889016.0000,,Tencent_raw
2025-10-30,000826.SZ,2.3500,2.3600,2.2500,2.2600,954610.0000,,Tencent_raw
2025-10-31,000826.SZ,2.3800,2.4900,2.3800,2.4900,1779474.0000,,Tencent_raw
2025-11-03,000826.SZ,2.4500,2.7100,2.4300,2.5600,3072306.0000,,Tencent_raw
2025-11-04,000826.SZ,2.6000,2.6300,2.5100,2.5300,1795757.0000,,Tencent_raw
2025-11-05,000826.SZ,2.5500,2.6600,2.4900,2.6000,1596249.0000,,Tencent_raw
2025-11-06,000826.SZ,2.5700,2.5900,2.4800,2.5100,1110669.0000,,Tencent_raw
2025-11-07,000826.SZ,2.5000,2.5400,2.4800,2.4900,722539.0000,,Tencent_raw
2025-11-10,000826.SZ,2.5000,2.5600,2.4900,2.5100,707219.0000,,Tencent_raw
2025-11-11,000826.SZ,2.5200,2.5600,2.4900,2.5400,775658.0000,,Tencent_raw
2025-11-12,000826.SZ,2.5300,2.6700,2.4900,2.6500,1718062.0000,,Tencent_raw
2025-11-13,000826.SZ,2.5900,2.6100,2.5300,2.5800,1035054.0000,,Tencent_raw
2025-11-14,000826.SZ,2.5600,2.5800,2.5000,2.5100,948348.0000,,Tencent_raw
2025-11-17,000826.SZ,2.5000,2.5400,2.4700,2.5400,665341.0000,,Tencent_raw
2025-11-18,000826.SZ,2.5500,2.5600,2.3900,2.4300,963498.0000,,Tencent_raw
2025-11-19,000826.SZ,2.4300,2.4400,2.3400,2.3500,566247.0000,,Tencent_raw
2025-11-20,000826.SZ,2.3900,2.4000,2.3100,2.3200,500157.0000,,Tencent_raw
2025-11-21,000826.SZ,2.3200,2.3600,2.2400,2.2400,662612.0000,,Tencent_raw
2025-11-24,000826.SZ,2.2500,2.2700,2.2100,2.2500,510534.0000,,Tencent_raw
2025-11-25,000826.SZ,2.2500,2.3100,2.2200,2.2900,539730.0000,,Tencent_raw
2025-11-26,000826.SZ,2.3200,2.3600,2.2900,2.3000,578080.0000,,Tencent_raw
2025-11-27,000826.SZ,2.3300,2.3300,2.2900,2.3100,468462.0000,,Tencent_raw
2025-11-28,000826.SZ,2.3100,2.3700,2.2700,2.3500,576763.0000,,Tencent_raw
2025-12-01,000826.SZ,2.3600,2.3900,2.3400,2.3600,396807.0000,,Tencent_raw
2025-12-02,000826.SZ,2.3400,2.3500,2.3000,2.3300,293914.0000,,Tencent_raw
2025-12-03,000826.SZ,2.3400,2.3500,2.2800,2.3000,306786.0000,,Tencent_raw
2025-12-04,000826.SZ,2.3000,2.3000,2.2400,2.2400,325942.0000,,Tencent_raw
2025-12-05,000826.SZ,2.2800,2.4600,2.2300,2.3700,1263754.0000,,Tencent_raw
2025-12-08,000826.SZ,2.3900,2.4000,2.3300,2.3500,756944.0000,,Tencent_raw
2025-12-09,000826.SZ,2.3300,2.3400,2.2800,2.2800,438276.0000,,Tencent_raw
2025-12-10,000826.SZ,2.2800,2.3100,2.2600,2.3000,480879.0000,,Tencent_raw
2025-12-11,000826.SZ,2.2900,2.3000,2.2000,2.2000,546800.0000,,Tencent_raw
2025-12-12,000826.SZ,2.2000,2.2200,2.1700,2.1900,339036.0000,,Tencent_raw
2025-12-15,000826.SZ,2.1900,2.2200,2.1100,2.2200,447476.0000,,Tencent_raw
2025-12-16,000826.SZ,2.2200,2.2300,2.1400,2.1400,350193.0000,,Tencent_raw
2025-12-17,000826.SZ,2.1400,2.1500,2.0700,2.1300,395638.0000,,Tencent_raw
2025-12-18,000826.SZ,2.1100,2.1500,2.1000,2.1200,252235.0000,,Tencent_raw
2025-12-19,000826.SZ,2.1200,2.3300,2.1100,2.3300,1088394.0000,,Tencent_raw
2025-12-22,000826.SZ,2.3600,2.3900,2.3100,2.3300,1067857.0000,,Tencent_raw
2025-12-23,000826.SZ,2.3400,2.3400,2.2500,2.2700,526603.0000,,Tencent_raw
2025-12-24,000826.SZ,2.2600,2.3300,2.2300,2.2500,527617.0000,,Tencent_raw
2025-12-25,000826.SZ,2.2700,2.3300,2.2200,2.3000,737377.0000,,Tencent_raw
2025-12-26,000826.SZ,2.3000,2.3000,2.2200,2.2300,583916.0000,,Tencent_raw
2025-12-29,000826.SZ,2.2400,2.2500,2.1700,2.1800,440513.0000,,Tencent_raw
2025-12-30,000826.SZ,2.1700,2.2100,2.1400,2.1900,396691.0000,,Tencent_raw
2025-12-31,000826.SZ,2.1800,2.2600,2.1600,2.2200,445144.0000,,Tencent_raw
2026-01-05,000826.SZ,2.2800,2.3200,2.2200,2.2200,562316.0000,,Tencent_raw
2026-01-06,000826.SZ,2.2200,2.3000,2.2100,2.2700,817493.0000,,Tencent_raw
2026-01-07,000826.SZ,2.2800,2.2800,2.2400,2.2500,403732.0000,,Tencent_raw
2026-01-08,000826.SZ,2.2400,2.2800,2.2300,2.2700,342724.0000,,Tencent_raw
2026-01-09,000826.SZ,2.2700,2.2800,2.2400,2.2700,429231.0000,,Tencent_raw
2026-01-12,000826.SZ,2.2700,2.3000,2.2600,2.2900,585355.0000,,Tencent_raw
2026-01-13,000826.SZ,2.2900,2.3200,2.2500,2.2600,548959.0000,,Tencent_raw
2026-01-14,000826.SZ,2.2800,2.3000,2.2200,2.2600,639147.0000,,Tencent_raw
2026-01-15,000826.SZ,2.2400,2.2400,2.1800,2.1900,523413.0000,,Tencent_raw
2026-01-16,000826.SZ,2.1900,2.2200,2.1600,2.1600,379957.0000,,Tencent_raw
2026-01-19,000826.SZ,2.1600,2.3800,2.1500,2.2800,874976.0000,,Tencent_raw
2026-01-20,000826.SZ,2.2600,2.3000,2.2400,2.2600,504738.0000,,Tencent_raw
2026-01-21,000826.SZ,2.2600,2.2800,2.2300,2.2500,381625.0000,,Tencent_raw
2026-01-22,000826.SZ,2.2400,2.3200,2.2200,2.3100,693607.0000,,Tencent_raw
2026-01-23,000826.SZ,2.3100,2.3300,2.2900,2.3300,453491.0000,,Tencent_raw
2026-01-26,000826.SZ,2.3300,2.3500,2.2700,2.2900,422219.0000,,Tencent_raw
2026-01-27,000826.SZ,2.2900,2.2900,2.2200,2.2600,412239.0000,,Tencent_raw
2026-01-28,000826.SZ,2.2500,2.2800,2.2300,2.2400,294254.0000,,Tencent_raw
2026-01-29,000826.SZ,2.2400,2.2800,2.2200,2.2400,363491.0000,,Tencent_raw
2026-01-30,000826.SZ,2.0200,2.0500,2.0200,2.0200,842849.0000,,Tencent_raw
2026-02-02,000826.SZ,2.0000,2.0800,1.9100,2.0200,1133169.0000,,Tencent_raw
2026-02-03,000826.SZ,2.0700,2.0800,2.0100,2.0400,518706.0000,,Tencent_raw
2026-02-04,000826.SZ,2.0500,2.1700,2.0300,2.1300,746810.0000,,Tencent_raw
2026-02-05,000826.SZ,2.1400,2.1800,2.1200,2.1300,370080.0000,,Tencent_raw
2026-02-06,000826.SZ,2.1300,2.1700,2.1200,2.1600,296848.0000,,Tencent_raw
2026-02-09,000826.SZ,2.1800,2.2800,2.1700,2.2600,543288.0000,,Tencent_raw
2026-02-10,000826.SZ,2.2700,2.3300,2.2300,2.3200,507303.0000,,Tencent_raw
2026-02-11,000826.SZ,2.3100,2.3600,2.2800,2.3200,382066.0000,,Tencent_raw
2026-02-12,000826.SZ,2.3100,2.3200,2.2400,2.2800,407812.0000,,Tencent_raw
2026-02-13,000826.SZ,2.2800,2.3200,2.2700,2.2800,286336.0000,,Tencent_raw
2026-02-24,000826.SZ,2.3100,2.3300,2.2800,2.2900,258204.0000,,Tencent_raw
2026-02-25,000826.SZ,2.2900,2.5200,2.2900,2.5200,911615.0000,,Tencent_raw
2026-02-26,000826.SZ,2.5200,2.7700,2.4900,2.7700,1865880.0000,,Tencent_raw
2026-02-27,000826.SZ,2.9500,3.0500,2.7100,2.8100,4334203.0000,,Tencent_raw
2026-03-02,000826.SZ,2.5300,2.5300,2.5300,2.5300,416689.0000,,Tencent_raw
2026-03-03,000826.SZ,2.5000,2.6600,2.4200,2.4400,2967160.0000,,Tencent_raw
2026-03-04,000826.SZ,2.3500,2.5100,2.2000,2.3800,1784538.0000,,Tencent_raw
2026-03-05,000826.SZ,2.4800,2.5800,2.4200,2.4700,1488663.0000,,Tencent_raw
2026-03-06,000826.SZ,2.4800,2.5400,2.3900,2.5100,1124192.0000,,Tencent_raw
2026-03-09,000826.SZ,2.5200,2.5700,2.4600,2.5400,985829.0000,,Tencent_raw
2026-03-10,000826.SZ,2.5400,2.5600,2.4900,2.5000,634205.0000,,Tencent_raw
2026-03-11,000826.SZ,2.5000,2.5100,2.4100,2.4800,593044.0000,,Tencent_raw
2026-03-12,000826.SZ,2.4500,2.4700,2.3500,2.3800,869300.0000,,Tencent_raw
2026-03-13,000826.SZ,2.3900,2.4200,2.3300,2.3600,565304.0000,,Tencent_raw
2026-03-16,000826.SZ,2.3900,2.4000,2.2800,2.3200,649809.0000,,Tencent_raw
2026-03-17,000826.SZ,2.3400,2.3600,2.2900,2.3000,393666.0000,,Tencent_raw
2026-03-18,000826.SZ,2.3000,2.3500,2.2700,2.3500,397135.0000,,Tencent_raw
2026-03-19,000826.SZ,2.3300,2.3400,2.1700,2.1900,803480.0000,,Tencent_raw
2026-03-20,000826.SZ,2.2000,2.2600,2.1300,2.1900,611910.0000,,Tencent_raw
2026-03-23,000826.SZ,2.1500,2.2000,2.0600,2.0700,574877.0000,,Tencent_raw
2026-03-24,000826.SZ,2.0900,2.1600,2.0400,2.1600,604639.0000,,Tencent_raw
2026-03-25,000826.SZ,2.1600,2.2100,2.1300,2.1800,412685.0000,,Tencent_raw
2026-03-26,000826.SZ,2.2200,2.2300,2.1000,2.1000,392569.0000,,Tencent_raw
2026-03-27,000826.SZ,2.0700,2.1500,2.0700,2.1300,282261.0000,,Tencent_raw
2026-03-30,000826.SZ,2.0900,2.1500,2.0600,2.1100,288707.0000,,Tencent_raw
2026-03-31,000826.SZ,2.1200,2.1400,2.0200,2.0300,471643.0000,,Tencent_raw
2026-04-01,000826.SZ,2.0500,2.1000,2.0400,2.0800,404643.0000,,Tencent_raw
2026-04-02,000826.SZ,2.0800,2.0900,2.0200,2.0300,275948.0000,,Tencent_raw
2026-04-03,000826.SZ,2.0400,2.0400,1.9400,1.9600,387638.0000,,Tencent_raw
2026-04-07,000826.SZ,2.0000,2.0500,1.9700,2.0400,366195.0000,,Tencent_raw
2026-04-08,000826.SZ,2.0800,2.0900,2.0500,2.0800,338931.0000,,Tencent_raw
2026-04-09,000826.SZ,2.0900,2.0900,2.0400,2.0700,275136.0000,,Tencent_raw
2026-04-10,000826.SZ,2.0700,2.1000,2.0600,2.0800,273232.0000,,Tencent_raw
2026-04-13,000826.SZ,2.0500,2.0600,2.0200,2.0400,361506.0000,,Tencent_raw
2026-04-14,000826.SZ,2.0600,2.1000,2.0300,2.0500,379893.0000,,Tencent_raw
2026-04-15,000826.SZ,2.0700,2.0700,1.9700,1.9800,536196.0000,,Tencent_raw
2026-04-16,000826.SZ,1.9500,1.9800,1.9100,1.9600,568834.0000,,Tencent_raw
2026-04-17,000826.SZ,1.9500,1.9700,1.9100,1.9400,374878.0000,,Tencent_raw
2026-04-20,000826.SZ,1.9300,2.0800,1.9200,2.0200,747885.0000,,Tencent_raw
2026-04-21,000826.SZ,2.0200,2.0200,1.9600,1.9800,335708.0000,,Tencent_raw
2026-04-22,000826.SZ,1.9600,1.9800,1.9200,1.9300,447986.0000,,Tencent_raw
2026-04-23,000826.SZ,1.9300,1.9300,1.8600,1.8700,471058.0000,,Tencent_raw
2026-04-24,000826.SZ,1.8500,1.8700,1.8100,1.8600,404404.0000,,Tencent_raw
2026-04-27,000826.SZ,1.8500,1.9000,1.7700,1.8900,427240.0000,,Tencent_raw
2026-04-28,000826.SZ,1.8800,1.9700,1.8600,1.9300,689492.0000,,Tencent_raw
2026-04-30,000826.SZ,1.8300,2.0100,1.8300,1.9600,1522492.0000,,Tencent_raw
2026-05-06,000826.SZ,1.9200,1.9700,1.8600,1.8900,657014.0000,,Tencent_raw
2026-05-07,000826.SZ,1.9000,1.9800,1.8900,1.9800,288786.0000,,Tencent_raw
2026-05-08,000826.SZ,2.0000,2.0800,2.0000,2.0800,759997.0000,,Tencent_raw
2026-05-11,000826.SZ,2.1300,2.1400,2.0400,2.0500,716884.0000,,Tencent_raw
2026-05-12,000826.SZ,2.0600,2.1500,2.0200,2.1500,601306.0000,,Tencent_raw
2026-05-13,000826.SZ,2.1600,2.2500,2.1100,2.2100,643992.0000,,Tencent_raw
2026-05-14,000826.SZ,2.1700,2.3200,2.1500,2.3000,703837.0000,,Tencent_raw
2026-05-15,000826.SZ,2.2800,2.4200,2.2800,2.4200,832159.0000,,Tencent_raw
2026-05-18,000826.SZ,2.4500,2.4900,2.3000,2.3000,1050939.0000,,Tencent_raw
2026-05-19,000826.SZ,2.3100,2.3600,2.1900,2.2300,619921.0000,,Tencent_raw
2026-05-20,000826.SZ,2.2300,2.3200,2.2100,2.2400,429425.0000,,Tencent_raw
2026-05-21,000826.SZ,2.2400,2.2600,2.1500,2.1500,387718.0000,,Tencent_raw
2026-05-22,000826.SZ,2.1700,2.2600,2.1600,2.2600,389280.0000,,Tencent_raw
2026-05-25,000826.SZ,2.3500,2.3700,2.2900,2.3000,497587.0000,,Tencent_raw
2026-05-26,000826.SZ,2.3200,2.3800,2.2600,2.2800,404575.0000,,Tencent_raw
2026-05-27,000826.SZ,2.3000,2.3100,2.1900,2.2700,391066.0000,,Tencent_raw
2026-05-28,000826.SZ,2.2500,2.3000,2.2300,2.2700,258377.0000,,Tencent_raw
2026-05-29,000826.SZ,2.2700,2.2800,2.1900,2.2100,276334.0000,,Tencent_raw
2026-06-01,000826.SZ,2.2200,2.3000,2.1700,2.2800,313010.0000,,Tencent_raw
2026-06-02,000826.SZ,2.2900,2.3200,2.2600,2.3100,288244.0000,,Tencent_raw
2026-06-03,000826.SZ,2.3100,2.3300,2.2200,2.2400,328948.0000,,Tencent_raw
2026-06-04,000826.SZ,2.2500,2.3500,2.2000,2.3300,504585.0000,,Tencent_raw
2026-06-05,000826.SZ,2.3100,2.4100,2.2900,2.3000,370586.0000,,Tencent_raw
2026-06-08,000826.SZ,2.2500,2.3200,2.2300,2.2600,255625.0000,,Tencent_raw
2026-06-09,000826.SZ,2.2700,2.2700,2.2100,2.2400,204680.0000,,Tencent_raw
2026-06-10,000826.SZ,2.2300,2.2300,2.1300,2.1300,316359.0000,,Tencent_raw
2026-06-11,000826.SZ,2.0700,2.1300,2.0200,2.0600,298663.0000,,Tencent_raw
2026-06-12,000826.SZ,2.0700,2.1200,2.0700,2.1100,207921.0000,,Tencent_raw
2026-06-15,000826.SZ,2.1200,2.2100,2.1200,2.2100,250382.0000,,Tencent_raw
2026-06-16,000826.SZ,2.2200,2.2300,2.1500,2.1800,227553.0000,,Tencent_raw
2026-06-17,000826.SZ,2.1600,2.1900,2.1400,2.1700,156422.0000,,Tencent_raw
2026-06-18,000826.SZ,2.1700,2.1700,2.0900,2.1200,258659.0000,,Tencent_raw
2026-06-22,000826.SZ,2.0800,2.1200,2.0200,2.1000,283761.0000,,Tencent_raw
2026-06-23,000826.SZ,2.1200,2.1200,2.0200,2.0200,258961.0000,,Tencent_raw
2026-06-24,000826.SZ,1.9200,1.9600,1.9200,1.9200,275442.0000,,Tencent_raw
2026-06-25,000826.SZ,1.8200,1.8400,1.8200,1.8200,147945.0000,,Tencent_raw
2026-06-26,000826.SZ,1.7300,1.7300,1.7300,1.7300,163943.0000,,Tencent_raw
2026-06-29,000826.SZ,1.7200,1.8200,1.7200,1.8200,77871.0000,,Tencent_raw
2026-06-30,000826.SZ,1.9100,1.9100,1.9100,1.9100,72446.0000,,Tencent_raw
2026-07-01,000826.SZ,2.0100,2.0100,1.9300,1.9500,403031.0000,,Tencent_raw
2026-07-02,000826.SZ,1.9400,2.0000,1.8900,1.9300,234240.0000,,Tencent_raw
2026-07-03,000826.SZ,1.9500,1.9600,1.8300,1.8300,371949.0000,,Tencent_raw
2026-07-06,000826.SZ,1.8200,2.0000,1.7600,1.9700,427492.0000,,Tencent_raw
2026-07-07,000826.SZ,1.9700,2.0000,1.8800,1.9000,214614.0000,,Tencent_raw
2026-07-08,000826.SZ,1.9000,1.9800,1.8500,1.9300,194205.0000,,Tencent_raw
2026-07-09,000826.SZ,1.8800,1.9500,1.8800,1.8900,179492.0000,,Tencent_raw
2026-07-10,000826.SZ,1.8700,1.9000,1.8000,1.8800,206990.0000,,Tencent_raw
2026-07-13,000826.SZ,1.8600,1.8700,1.7700,1.7900,169484.0000,,Tencent_raw
2026-07-14,000826.SZ,1.8000,1.8300,1.7600,1.8200,134141.0000,,Tencent_raw
2026-07-15,000826.SZ,1.8000,1.8300,1.7600,1.7700,154056.0000,,Tencent_raw
2026-07-16,000826.SZ,1.7300,1.7700,1.6000,1.6300,468838.0000,,Tencent_raw
2026-07-17,000826.SZ,1.5900,1.6100,1.4700,1.4800,499210.0000,,Tencent_raw
2026-07-20,000826.SZ,1.4800,1.5300,1.4000,1.4300,287513.0000,,Tencent_raw
2026-07-21,000826.SZ,1.4200,1.4300,1.2900,1.3300,466428.0000,,Tencent_raw
2026-07-22,000826.SZ,1.3100,1.3800,1.3000,1.3500,234579.0000,,Tencent_raw
2026-07-23,000826.SZ,1.3600,1.4400,1.3400,1.4400,278886.0000,,Tencent_raw
2026-07-24,000826.SZ,1.4300,1.4400,1.3700,1.3800,186123.0000,,Tencent_raw
2026-07-27,000826.SZ,1.3700,1.4100,1.3600,1.4000,155660.0000,,Tencent_raw
2026-07-28,000826.SZ,1.3800,1.4100,1.3700,1.3900,166428.0000,,Tencent_raw
2026-07-29,000826.SZ,1.3900,1.5300,1.3900,1.5300,366116.0000,,Tencent_raw
2026-07-30,000826.SZ,1.5800,1.6500,1.4600,1.5700,600604.0000,,Tencent_raw
2026-07-31,000826.SZ,1.5900,1.7300,1.5700,1.7300,661801.0000,,Tencent_raw
2026-08-03,000826.SZ,1.8000,1.9000,1.7500,1.8300,826781.0000,,Tencent_raw
2026-08-04,000826.SZ,1.7800,1.8600,1.7200,1.8100,355568.0000,,Tencent_raw
2026-08-05,000826.SZ,1.8000,1.8400,1.7600,1.7900,260204.0000,,Tencent_raw
2026-08-06,000826.SZ,1.7800,1.7900,1.6800,1.7100,355190.0000,,Tencent_raw
2026-08-07,000826.SZ,1.7400,1.7900,1.7200,1.7600,228207.0000,,Tencent_raw
2026-08-10,000826.SZ,1.7800,1.8500,1.7300,1.8200,284506.0000,,Tencent_raw
2026-08-11,000826.SZ,1.8100,1.8100,1.7500,1.7700,181865.0000,,Tencent_raw
2026-08-12,000826.SZ,1.7700,1.7900,1.7200,1.7300,217659.0000,,Tencent_raw
2026-08-13,000826.SZ,1.7800,1.9000,1.7800,1.8800,606055.0000,,Tencent_raw
2026-08-14,000826.SZ,1.8400,1.8800,1.8100,1.8600,370462.0000,,Tencent_raw
2026-08-17,000826.SZ,1.9100,2.0200,1.8700,1.9600,529078.0000,,Tencent_raw
2026-08-18,000826.SZ,1.9400,1.9500,1.8900,1.8900,312241.0000,,Tencent_raw
2026-08-19,000826.SZ,1.8800,1.9800,1.8200,1.9100,355683.0000,,Tencent_raw
2026-08-20,000826.SZ,1.9100,1.9400,1.8700,1.9200,183162.0000,,Tencent_raw
2026-08-21,000826.SZ,1.9100,2.0100,1.9000,1.9600,260900.0000,,Tencent_raw
2026-08-24,000826.SZ,1.9700,1.9700,1.9000,1.9500,205188.0000,,Tencent_raw
2026-08-25,000826.SZ,2.0100,2.0400,1.9700,1.9700,239914.0000,,Tencent_raw
2026-08-26,000826.SZ,2.0100,2.0200,1.9600,1.9600,150730.0000,,Tencent_raw
2026-08-27,000826.SZ,1.9400,1.9500,1.9100,1.9100,159608.0000,,Tencent_raw
2026-08-28,000826.SZ,1.9100,1.9400,1.8700,1.9300,151252.0000,,Tencent_raw
2026-08-31,000826.SZ,1.9400,1.9500,1.9100,1.9200,107284.0000,,Tencent_raw
2026-09-01,000826.SZ,1.9100,1.9300,1.8900,1.9000,113457.0000,,Tencent_raw
2026-09-02,000826.SZ,1.9000,1.9000,1.8500,1.8700,122000.0000,,Tencent_raw
2026-09-03,000826.SZ,1.8700,1.8900,1.8500,1.8500,102190.0000,,Tencent_raw
2026-09-04,000826.SZ,1.8500,1.8700,1.8500,1.8600,72038.0000,,Tencent_raw
2026-09-07,000826.SZ,1.8500,1.8600,1.8300,1.8400,109396.0000,,Tencent_raw
2026-09-08,000826.SZ,1.8400,1.8800,1.8200,1.8800,146302.0000,,Tencent_raw
2026-09-09,000826.SZ,1.8700,1.8700,1.8500,1.8500,62751.0000,,Tencent_raw
2026-09-10,000826.SZ,1.8500,1.9300,1.8300,1.8900,196761.0000,,Tencent_raw
2026-09-11,000826.SZ,1.8900,1.9600,1.8700,1.9200,208770.0000,,Tencent_raw
2026-09-14,000826.SZ,1.9100,1.9200,1.8800,1.9000,110390.0000,,Tencent_raw
2026-09-15,000826.SZ,1.8800,1.8800,1.8400,1.8500,109169.0000,,Tencent_raw
2026-09-16,000826.SZ,1.8500,1.8700,1.8500,1.8600,60511.0000,,Tencent_raw
2026-09-17,000826.SZ,1.8500,1.9200,1.8500,1.9200,128187.0000,,Tencent_raw
2026-09-18,000826.SZ,1.9000,1.9200,1.8700,1.8700,129014.0000,,Tencent_raw
2026-09-21,000826.SZ,1.8800,1.9000,1.8600,1.8900,92119.0000,,Tencent_raw
2026-09-22,000826.SZ,1.8800,1.8900,1.8500,1.8600,147803.0000,,Tencent_raw
2026-09-23,000826.SZ,1.8500,1.8700,1.7200,1.8400,360148.0000,,Tencent_raw
2026-09-24,000826.SZ,1.7500,1.8300,1.7500,1.7800,196877.0000,,Tencent_raw
2026-09-28,000826.SZ,1.7800,1.8000,1.7400,1.7600,142614.0000,,Tencent_raw
2025-09-01,000838.SZ,2.6900,2.7500,2.6500,2.7300,215404.0000,,Tencent_raw
2025-09-02,000838.SZ,2.7300,2.7700,2.6800,2.7500,239692.0000,,Tencent_raw
2025-09-03,000838.SZ,2.7400,2.7600,2.6600,2.6700,183258.0000,,Tencent_raw
2025-09-04,000838.SZ,2.6700,2.7400,2.6500,2.6800,249518.0000,,Tencent_raw
2025-09-05,000838.SZ,2.6900,2.6900,2.6300,2.6900,160592.0000,,Tencent_raw
2025-09-08,000838.SZ,2.6900,2.7400,2.6800,2.7200,186179.0000,,Tencent_raw
2025-09-09,000838.SZ,2.7100,2.7800,2.7100,2.7500,290515.0000,,Tencent_raw
2025-09-10,000838.SZ,2.7400,2.7900,2.7100,2.7800,247885.0000,,Tencent_raw
2025-09-11,000838.SZ,2.7700,2.8000,2.7200,2.7900,268354.0000,,Tencent_raw
2025-09-12,000838.SZ,2.7900,2.9000,2.7800,2.8900,495657.0000,,Tencent_raw
2025-09-15,000838.SZ,2.8800,2.9300,2.8200,2.9300,369971.0000,,Tencent_raw
2025-09-16,000838.SZ,2.9200,2.9700,2.9000,2.9700,395592.0000,,Tencent_raw
2025-09-17,000838.SZ,2.9700,2.9800,2.8900,2.9600,320685.0000,,Tencent_raw
2025-09-18,000838.SZ,2.9600,2.9800,2.8600,2.9000,364770.0000,,Tencent_raw
2025-09-19,000838.SZ,2.9000,2.9100,2.7500,2.8100,367511.0000,,Tencent_raw
2025-09-22,000838.SZ,2.8100,2.8100,2.7200,2.7600,222024.0000,,Tencent_raw
2025-09-23,000838.SZ,2.7500,2.7600,2.5600,2.6000,420224.0000,,Tencent_raw
2025-09-24,000838.SZ,2.5900,2.6700,2.5500,2.6400,260132.0000,,Tencent_raw
2025-09-25,000838.SZ,2.6400,2.6500,2.5600,2.5700,258115.0000,,Tencent_raw
2025-09-26,000838.SZ,2.5800,2.6100,2.5000,2.5400,254802.0000,,Tencent_raw
2025-09-29,000838.SZ,2.5300,2.5800,2.4700,2.5800,220138.0000,,Tencent_raw
2025-09-30,000838.SZ,2.5900,2.6400,2.5800,2.6200,195070.0000,,Tencent_raw
2025-10-09,000838.SZ,2.6200,2.6600,2.5000,2.5500,260534.0000,,Tencent_raw
2025-10-10,000838.SZ,2.5700,2.6400,2.5300,2.6200,292831.0000,,Tencent_raw
2025-10-13,000838.SZ,2.5500,2.7700,2.4900,2.7000,412862.0000,,Tencent_raw
2025-10-14,000838.SZ,2.7500,2.9700,2.7100,2.8400,1064869.0000,,Tencent_raw
2025-10-15,000838.SZ,2.8200,3.0000,2.7900,2.9200,993076.0000,,Tencent_raw
2025-10-16,000838.SZ,2.9000,2.9800,2.8800,2.9200,494313.0000,,Tencent_raw
2025-10-17,000838.SZ,2.8600,2.9300,2.6600,2.7500,766815.0000,,Tencent_raw
2025-10-20,000838.SZ,2.7300,2.7500,2.6600,2.7200,407992.0000,,Tencent_raw
2025-10-21,000838.SZ,2.7200,2.9900,2.7000,2.9900,588737.0000,,Tencent_raw
2025-10-22,000838.SZ,3.0100,3.1300,2.9700,3.0100,1430031.0000,,Tencent_raw
2025-10-23,000838.SZ,3.0700,3.1000,2.9400,2.9900,699176.0000,,Tencent_raw
2025-10-24,000838.SZ,3.0300,3.0400,2.9000,2.9500,490656.0000,,Tencent_raw
2025-10-27,000838.SZ,2.9300,2.9400,2.8700,2.8900,372057.0000,,Tencent_raw
2025-10-28,000838.SZ,2.8900,2.9500,2.8600,2.9200,381813.0000,,Tencent_raw
2025-10-29,000838.SZ,2.9000,2.9000,2.7800,2.8600,339690.0000,,Tencent_raw
2025-10-30,000838.SZ,2.8500,2.8900,2.7900,2.7900,243846.0000,,Tencent_raw
2025-10-31,000838.SZ,2.7800,2.8300,2.7500,2.8000,230832.0000,,Tencent_raw
2025-11-03,000838.SZ,2.8000,3.0800,2.8000,3.0800,801238.0000,,Tencent_raw
2025-11-04,000838.SZ,3.2100,3.3300,3.0700,3.1200,1390095.0000,,Tencent_raw
2025-11-05,000838.SZ,3.0900,3.2300,3.0400,3.2000,941204.0000,,Tencent_raw
2025-11-06,000838.SZ,3.1900,3.5200,3.1000,3.5200,1487175.0000,,Tencent_raw
2025-11-07,000838.SZ,3.5400,3.7900,3.3200,3.3200,2006158.0000,,Tencent_raw
2025-11-10,000838.SZ,3.3100,3.3800,3.1800,3.3500,1159732.0000,,Tencent_raw
2025-11-11,000838.SZ,3.3300,3.3900,3.2500,3.3000,811215.0000,,Tencent_raw
2025-11-12,000838.SZ,3.3200,3.3700,3.2500,3.2700,512976.0000,,Tencent_raw
2025-11-13,000838.SZ,3.2700,3.3200,3.2000,3.2900,491062.0000,,Tencent_raw
2025-11-14,000838.SZ,3.3000,3.3900,3.2800,3.3300,518407.0000,,Tencent_raw
2025-11-17,000838.SZ,3.3200,3.4000,3.3200,3.3700,475490.0000,,Tencent_raw
2025-11-18,000838.SZ,3.3700,3.3800,3.1700,3.2100,512162.0000,,Tencent_raw
2025-11-19,000838.SZ,3.2200,3.2500,3.0700,3.0900,379988.0000,,Tencent_raw
2025-11-20,000838.SZ,3.1000,3.4000,3.0000,3.4000,451131.0000,,Tencent_raw
2025-11-21,000838.SZ,3.4000,3.7400,3.3500,3.7400,1825407.0000,,Tencent_raw
2025-11-24,000838.SZ,3.6900,4.1100,3.5200,3.8000,2170819.0000,,Tencent_raw
2025-11-25,000838.SZ,3.8000,3.9500,3.5200,3.6100,2183337.0000,,Tencent_raw
2025-11-26,000838.SZ,3.5100,3.6200,3.4100,3.4300,1325192.0000,,Tencent_raw
2025-11-27,000838.SZ,3.3800,3.5100,3.3000,3.4400,1009049.0000,,Tencent_raw
2025-11-28,000838.SZ,3.4500,3.7000,3.3600,3.5900,1363262.0000,,Tencent_raw
2025-12-01,000838.SZ,3.5700,3.6000,3.5000,3.5700,846889.0000,,Tencent_raw
2025-12-02,000838.SZ,3.5600,3.6400,3.5100,3.5400,666258.0000,,Tencent_raw
2025-12-03,000838.SZ,3.8900,3.8900,3.8900,3.8900,211645.0000,,Tencent_raw
2025-12-04,000838.SZ,4.2800,4.2800,3.9100,3.9200,2670767.0000,,Tencent_raw
2025-12-05,000838.SZ,3.7300,3.8500,3.5300,3.7900,1672985.0000,,Tencent_raw
2025-12-08,000838.SZ,3.8000,3.9900,3.7000,3.8200,1292295.0000,,Tencent_raw
2025-12-09,000838.SZ,3.7600,3.8000,3.5600,3.6200,917700.0000,,Tencent_raw
2025-12-10,000838.SZ,3.6200,3.9800,3.5800,3.9800,1106175.0000,,Tencent_raw
2025-12-11,000838.SZ,3.9400,3.9800,3.7500,3.8300,1347009.0000,,Tencent_raw
2025-12-12,000838.SZ,3.8900,3.9600,3.7600,3.8000,803553.0000,,Tencent_raw
2025-12-15,000838.SZ,3.7900,4.0400,3.6900,3.9000,945979.0000,,Tencent_raw
2025-12-16,000838.SZ,3.8400,3.9600,3.6900,3.7400,948546.0000,,Tencent_raw
2025-12-17,000838.SZ,3.5600,3.5600,3.3700,3.3700,436595.0000,,Tencent_raw
2025-12-18,000838.SZ,3.1600,3.2800,3.0700,3.1700,905438.0000,,Tencent_raw
2025-12-19,000838.SZ,3.1900,3.3200,3.1300,3.3000,715439.0000,,Tencent_raw
2025-12-22,000838.SZ,3.3000,3.3200,3.2400,3.2600,423110.0000,,Tencent_raw
2025-12-23,000838.SZ,3.2500,3.2600,3.0500,3.0900,634985.0000,,Tencent_raw
2025-12-24,000838.SZ,3.0900,3.1400,3.0500,3.1300,355359.0000,,Tencent_raw
2025-12-25,000838.SZ,3.1400,3.2200,3.1200,3.1600,432849.0000,,Tencent_raw
2025-12-26,000838.SZ,3.1300,3.1600,3.0900,3.1100,398080.0000,,Tencent_raw
2025-12-29,000838.SZ,3.1100,3.1800,3.0600,3.1100,314185.0000,,Tencent_raw
2025-12-30,000838.SZ,3.1000,3.1100,3.0500,3.0600,331758.0000,,Tencent_raw
2025-12-31,000838.SZ,3.1000,3.1200,3.0100,3.0900,291702.0000,,Tencent_raw
2026-01-05,000838.SZ,3.1000,3.2100,3.0900,3.1500,345866.0000,,Tencent_raw
2026-01-06,000838.SZ,3.1500,3.2300,3.1200,3.1900,401419.0000,,Tencent_raw
2026-01-07,000838.SZ,3.2000,3.2600,3.1200,3.1400,384284.0000,,Tencent_raw
2026-01-08,000838.SZ,3.1300,3.3500,3.1100,3.2400,628328.0000,,Tencent_raw
2026-01-09,000838.SZ,3.1400,3.2100,3.0800,3.1700,694305.0000,,Tencent_raw
2026-01-12,000838.SZ,3.1400,3.1500,3.0000,3.0200,1042209.0000,,Tencent_raw
2026-01-13,000838.SZ,3.0200,3.0300,2.9600,2.9600,570127.0000,,Tencent_raw
2026-01-14,000838.SZ,2.9500,2.9700,2.8600,2.8900,620195.0000,,Tencent_raw
2026-01-15,000838.SZ,2.8900,2.9300,2.8200,2.8400,402250.0000,,Tencent_raw
2026-01-16,000838.SZ,2.8600,2.8700,2.8000,2.8200,307685.0000,,Tencent_raw
2026-01-19,000838.SZ,2.8200,2.8600,2.7800,2.8500,313402.0000,,Tencent_raw
2026-01-20,000838.SZ,2.8400,2.9100,2.8400,2.8600,325211.0000,,Tencent_raw
2026-01-21,000838.SZ,2.8500,2.8600,2.8200,2.8600,264048.0000,,Tencent_raw
2026-01-22,000838.SZ,2.8600,2.9100,2.8300,2.9000,306853.0000,,Tencent_raw
2026-01-23,000838.SZ,2.8900,2.9500,2.8800,2.9500,303185.0000,,Tencent_raw
2026-01-26,000838.SZ,2.9500,2.9700,2.8500,2.8800,293742.0000,,Tencent_raw
2026-01-27,000838.SZ,2.8500,2.8800,2.7700,2.8200,321875.0000,,Tencent_raw
2026-01-28,000838.SZ,2.8300,2.8600,2.8100,2.8300,226133.0000,,Tencent_raw
2026-01-29,000838.SZ,2.8100,2.9300,2.7700,2.8900,412128.0000,,Tencent_raw
2026-01-30,000838.SZ,2.8700,2.9000,2.8000,2.8300,267443.0000,,Tencent_raw
2026-02-02,000838.SZ,2.5500,2.5500,2.5500,2.5500,127349.0000,,Tencent_raw
2026-02-03,000838.SZ,2.3300,2.4700,2.3300,2.4200,956409.0000,,Tencent_raw
2026-02-04,000838.SZ,2.5100,2.6600,2.4300,2.6600,589005.0000,,Tencent_raw
2026-02-05,000838.SZ,2.6700,2.7700,2.6400,2.6600,721217.0000,,Tencent_raw
2026-02-06,000838.SZ,2.7000,2.7800,2.6600,2.7300,593271.0000,,Tencent_raw
2026-02-09,000838.SZ,2.7500,2.8100,2.7100,2.7300,522450.0000,,Tencent_raw
2026-02-10,000838.SZ,2.7300,2.7500,2.6600,2.6900,351388.0000,,Tencent_raw
2026-02-11,000838.SZ,2.6900,2.7100,2.6400,2.6600,354377.0000,,Tencent_raw
2026-02-12,000838.SZ,2.6900,2.6900,2.5500,2.5600,341163.0000,,Tencent_raw
2026-02-13,000838.SZ,2.5800,2.6000,2.5400,2.5700,285441.0000,,Tencent_raw
2026-02-24,000838.SZ,2.5800,2.6700,2.5700,2.6500,302053.0000,,Tencent_raw
2026-02-25,000838.SZ,2.6800,2.8300,2.6700,2.7700,480026.0000,,Tencent_raw
2026-02-26,000838.SZ,2.7800,2.8000,2.6200,2.6300,388677.0000,,Tencent_raw
2026-02-27,000838.SZ,2.6100,2.6500,2.5900,2.6300,256694.0000,,Tencent_raw
2026-03-02,000838.SZ,2.6100,2.6300,2.5000,2.5200,344713.0000,,Tencent_raw
2026-03-03,000838.SZ,2.5500,2.5600,2.4500,2.4500,292457.0000,,Tencent_raw
2026-03-04,000838.SZ,2.4200,2.5000,2.3900,2.4800,242670.0000,,Tencent_raw
2026-03-05,000838.SZ,2.5100,2.5300,2.4600,2.4800,355940.0000,,Tencent_raw
2026-03-06,000838.SZ,2.5000,2.6000,2.4600,2.5700,354740.0000,,Tencent_raw
2026-03-09,000838.SZ,2.6000,2.6300,2.5100,2.5400,259457.0000,,Tencent_raw
2026-03-10,000838.SZ,2.5600,2.6000,2.5500,2.5700,170103.0000,,Tencent_raw
2026-03-11,000838.SZ,2.5500,2.5700,2.4200,2.4600,456033.0000,,Tencent_raw
2026-03-12,000838.SZ,2.4500,2.4600,2.3700,2.3800,321932.0000,,Tencent_raw
2026-03-13,000838.SZ,2.3800,2.4600,2.3500,2.3500,378321.0000,,Tencent_raw
2026-03-16,000838.SZ,2.3600,2.4700,2.3400,2.3600,394692.0000,,Tencent_raw
2026-03-17,000838.SZ,2.3700,2.5200,2.3600,2.3800,523427.0000,,Tencent_raw
2026-03-18,000838.SZ,2.3600,2.3900,2.2900,2.3100,435353.0000,,Tencent_raw
2026-03-19,000838.SZ,2.2900,2.3200,2.2100,2.2200,458400.0000,,Tencent_raw
2026-03-20,000838.SZ,2.2500,2.2700,2.1800,2.1900,364145.0000,,Tencent_raw
2026-03-23,000838.SZ,2.1500,2.1900,2.0700,2.1000,332253.0000,,Tencent_raw
2026-03-24,000838.SZ,2.1400,2.1900,2.0900,2.1900,314105.0000,,Tencent_raw
2026-03-25,000838.SZ,2.2300,2.2600,2.1900,2.2400,272472.0000,,Tencent_raw
2026-03-26,000838.SZ,2.2400,2.2800,2.1500,2.1600,209796.0000,,Tencent_raw
2026-03-27,000838.SZ,2.1300,2.2100,2.1200,2.2100,216044.0000,,Tencent_raw
2026-03-30,000838.SZ,2.2000,2.2200,2.1400,2.2000,205436.0000,,Tencent_raw
2026-03-31,000838.SZ,2.2100,2.2700,2.1400,2.1400,263842.0000,,Tencent_raw
2026-04-01,000838.SZ,2.2000,2.2000,2.1500,2.1900,206081.0000,,Tencent_raw
2026-04-02,000838.SZ,2.1900,2.1900,2.0800,2.0900,230076.0000,,Tencent_raw
2026-04-03,000838.SZ,2.0700,2.1000,2.0000,2.0500,281265.0000,,Tencent_raw
2026-04-07,000838.SZ,2.0400,2.1500,2.0200,2.1400,319675.0000,,Tencent_raw
2026-04-08,000838.SZ,2.1700,2.2100,2.1300,2.2000,273228.0000,,Tencent_raw
2026-04-09,000838.SZ,2.2000,2.3800,2.1500,2.1600,485853.0000,,Tencent_raw
2026-04-10,000838.SZ,2.1800,2.1900,2.1300,2.1400,231812.0000,,Tencent_raw
2026-04-13,000838.SZ,2.1300,2.1900,2.0800,2.1800,270106.0000,,Tencent_raw
2026-04-14,000838.SZ,2.2000,2.2200,2.0600,2.0900,476577.0000,,Tencent_raw
2026-04-15,000838.SZ,2.1200,2.1200,1.8800,1.8800,910391.0000,,Tencent_raw
2026-04-16,000838.SZ,1.8600,1.8700,1.7500,1.8500,818593.0000,,Tencent_raw
2026-04-17,000838.SZ,1.8500,1.8700,1.7600,1.8200,642865.0000,,Tencent_raw
2026-04-20,000838.SZ,1.8200,1.8600,1.7800,1.8500,450399.0000,,Tencent_raw
2026-04-21,000838.SZ,1.8500,1.9000,1.7900,1.8200,358356.0000,,Tencent_raw
2026-04-22,000838.SZ,1.8000,1.8200,1.7200,1.7400,421663.0000,,Tencent_raw
2026-04-23,000838.SZ,1.7600,1.7600,1.6100,1.7100,675427.0000,,Tencent_raw
2026-04-27,000838.SZ,1.7300,1.8000,1.6200,1.8000,1095654.0000,,Tencent_raw
2026-04-28,000838.SZ,1.8900,1.8900,1.8400,1.8900,581500.0000,,Tencent_raw
2026-04-29,000838.SZ,1.8000,1.9200,1.8000,1.8600,1058160.0000,,Tencent_raw
2026-04-30,000838.SZ,1.9200,1.9500,1.9200,1.9500,170087.0000,,Tencent_raw
2026-05-06,000838.SZ,2.0500,2.0500,1.8900,1.9400,853801.0000,,Tencent_raw
2026-05-07,000838.SZ,1.9200,2.0100,1.8500,1.8800,563761.0000,,Tencent_raw
2026-05-08,000838.SZ,1.8900,1.9700,1.8100,1.9200,645366.0000,,Tencent_raw
2026-05-11,000838.SZ,1.9000,2.0200,1.8900,2.0200,433215.0000,,Tencent_raw
2026-05-12,000838.SZ,2.0300,2.0400,1.9600,1.9800,546756.0000,,Tencent_raw
2026-05-13,000838.SZ,1.9800,2.0700,1.9300,2.0200,517122.0000,,Tencent_raw
2026-05-14,000838.SZ,2.0000,2.1200,2.0000,2.0600,619393.0000,,Tencent_raw
2026-05-15,000838.SZ,2.0400,2.1500,1.9600,1.9700,674382.0000,,Tencent_raw
2026-05-18,000838.SZ,1.9300,1.9300,1.8700,1.8700,345934.0000,,Tencent_raw
2026-05-19,000838.SZ,1.8500,1.9200,1.8500,1.8700,300976.0000,,Tencent_raw
2026-05-20,000838.SZ,1.8600,1.9200,1.8300,1.8900,269791.0000,,Tencent_raw
2026-05-21,000838.SZ,1.9100,1.9100,1.8000,1.8000,321997.0000,,Tencent_raw
2026-05-22,000838.SZ,1.7200,1.7900,1.7200,1.7400,250012.0000,,Tencent_raw
2026-05-25,000838.SZ,1.7700,1.8200,1.7300,1.7500,217025.0000,,Tencent_raw
2026-05-26,000838.SZ,1.7600,1.8400,1.6600,1.8200,484433.0000,,Tencent_raw
2026-05-27,000838.SZ,1.7900,1.8300,1.7700,1.8000,294715.0000,,Tencent_raw
2026-05-28,000838.SZ,1.8000,1.8800,1.7600,1.8600,278020.0000,,Tencent_raw
2026-05-29,000838.SZ,1.8900,1.9500,1.8700,1.8900,424091.0000,,Tencent_raw
2026-06-01,000838.SZ,1.8500,1.9300,1.8500,1.9100,259434.0000,,Tencent_raw
2026-06-02,000838.SZ,1.8800,1.9500,1.8800,1.9200,246372.0000,,Tencent_raw
2026-06-03,000838.SZ,1.9200,1.9300,1.8200,1.8200,262556.0000,,Tencent_raw
2026-06-04,000838.SZ,1.7800,1.8200,1.7300,1.7300,292170.0000,,Tencent_raw
2026-06-05,000838.SZ,1.7300,1.7600,1.6800,1.7200,242534.0000,,Tencent_raw
2026-06-08,000838.SZ,1.6600,1.7400,1.6500,1.7100,212205.0000,,Tencent_raw
2026-06-09,000838.SZ,1.7400,1.8000,1.7300,1.8000,312500.0000,,Tencent_raw
2026-06-10,000838.SZ,1.7900,1.7900,1.7100,1.7100,278826.0000,,Tencent_raw
2026-06-11,000838.SZ,1.6600,1.7300,1.6300,1.6700,212749.0000,,Tencent_raw
2026-06-12,000838.SZ,1.7000,1.7100,1.6600,1.6700,170531.0000,,Tencent_raw
2026-06-15,000838.SZ,1.6700,1.7300,1.6600,1.6800,162160.0000,,Tencent_raw
2026-06-16,000838.SZ,1.7100,1.7200,1.6100,1.6800,214941.0000,,Tencent_raw
2026-06-17,000838.SZ,1.6800,1.7000,1.6000,1.6000,264210.0000,,Tencent_raw
2026-06-18,000838.SZ,1.5600,1.5800,1.5200,1.5200,231657.0000,,Tencent_raw
2026-06-22,000838.SZ,1.4700,1.5200,1.4400,1.4400,306827.0000,,Tencent_raw
2026-06-23,000838.SZ,1.4400,1.5100,1.4200,1.5000,329136.0000,,Tencent_raw
2026-06-24,000838.SZ,1.4900,1.5800,1.4400,1.5800,286561.0000,,Tencent_raw
2026-06-25,000838.SZ,1.6400,1.6600,1.5600,1.5900,372740.0000,,Tencent_raw
2026-06-26,000838.SZ,1.5700,1.6700,1.5200,1.6700,328101.0000,,Tencent_raw
2026-06-29,000838.SZ,1.7100,1.7100,1.5900,1.5900,316961.0000,,Tencent_raw
2026-06-30,000838.SZ,1.5700,1.6100,1.5100,1.5700,217376.0000,,Tencent_raw
2026-07-01,000838.SZ,1.4900,1.6400,1.4900,1.6100,540139.0000,,Tencent_raw
2026-07-02,000838.SZ,1.6000,1.6900,1.5900,1.6900,368546.0000,,Tencent_raw
2026-07-03,000838.SZ,1.6900,1.7700,1.6900,1.7700,200349.0000,,Tencent_raw
2026-07-06,000838.SZ,1.8300,1.9400,1.8300,1.9000,550543.0000,,Tencent_raw
2026-07-07,000838.SZ,1.9900,1.9900,1.7100,1.7100,652157.0000,,Tencent_raw
2026-07-08,000838.SZ,1.6900,1.8800,1.6000,1.8800,517355.0000,,Tencent_raw
2026-07-09,000838.SZ,1.9600,2.0700,1.9400,2.0100,872072.0000,,Tencent_raw
2026-07-10,000838.SZ,1.9600,2.2100,1.9600,2.2100,677676.0000,,Tencent_raw
2026-07-13,000838.SZ,2.2400,2.3900,2.1600,2.3000,736688.0000,,Tencent_raw
2026-07-14,000838.SZ,2.2800,2.3500,2.1800,2.2200,509440.0000,,Tencent_raw
2026-07-15,000838.SZ,2.2300,2.3700,2.1600,2.3500,427254.0000,,Tencent_raw
2026-07-16,000838.SZ,2.3000,2.4600,2.1200,2.1200,682452.0000,,Tencent_raw
2026-07-17,000838.SZ,2.1700,2.2200,2.0200,2.1600,625400.0000,,Tencent_raw
2026-07-20,000838.SZ,2.1600,2.3700,2.1600,2.2700,540593.0000,,Tencent_raw
2026-07-21,000838.SZ,2.2200,2.2500,2.0400,2.1000,552669.0000,,Tencent_raw
2026-07-22,000838.SZ,2.1100,2.3100,2.1000,2.3100,483176.0000,,Tencent_raw
2026-07-23,000838.SZ,2.3800,2.4300,2.2900,2.3900,431554.0000,,Tencent_raw
2026-07-24,000838.SZ,2.3800,2.5200,2.3300,2.4100,293473.0000,,Tencent_raw
2026-07-27,000838.SZ,2.3800,2.4600,2.3000,2.4600,251884.0000,,Tencent_raw
2026-07-28,000838.SZ,2.4000,2.4800,2.3300,2.3900,242773.0000,,Tencent_raw
2026-07-29,000838.SZ,2.3800,2.4000,2.1600,2.2700,362223.0000,,Tencent_raw
2026-07-30,000838.SZ,2.2300,2.3500,2.2200,2.2700,240781.0000,,Tencent_raw
2026-07-31,000838.SZ,2.2600,2.5000,2.2600,2.5000,493680.0000,,Tencent_raw
2026-08-10,000838.SZ,2.7500,2.7500,2.4700,2.4700,1259655.0000,,Tencent_raw
2026-08-11,000838.SZ,2.6000,2.6500,2.4600,2.6200,764275.0000,,Tencent_raw
2026-08-12,000838.SZ,2.7000,2.8800,2.6800,2.8800,711794.0000,,Tencent_raw
2026-08-13,000838.SZ,3.0000,3.1700,2.8400,2.9300,1049323.0000,,Tencent_raw
2026-08-14,000838.SZ,2.8800,2.9900,2.6700,2.8100,1000528.0000,,Tencent_raw
2026-08-17,000838.SZ,2.7800,2.9300,2.7000,2.8200,569760.0000,,Tencent_raw
2026-08-18,000838.SZ,2.8000,2.8200,2.6500,2.6500,519998.0000,,Tencent_raw
2026-08-19,000838.SZ,2.6000,2.7300,2.5900,2.6200,428318.0000,,Tencent_raw
2026-08-20,000838.SZ,2.6200,2.7600,2.5500,2.7500,441835.0000,,Tencent_raw
2026-08-21,000838.SZ,2.7400,2.8700,2.7300,2.8100,445783.0000,,Tencent_raw
2026-08-24,000838.SZ,2.7900,3.0700,2.7500,2.9800,660998.0000,,Tencent_raw
2026-08-25,000838.SZ,3.0000,3.1100,2.8800,2.9400,549913.0000,,Tencent_raw
2026-08-26,000838.SZ,3.0000,3.1000,2.9500,3.0100,436444.0000,,Tencent_raw
2026-08-27,000838.SZ,2.9600,2.9600,2.8700,2.9500,409974.0000,,Tencent_raw
2026-08-28,000838.SZ,2.9500,3.0000,2.9100,2.9800,246328.0000,,Tencent_raw
2026-08-31,000838.SZ,2.9900,3.0400,2.8900,3.0200,390153.0000,,Tencent_raw
2026-09-01,000838.SZ,2.9800,3.0100,2.9200,2.9200,281859.0000,,Tencent_raw
2026-09-02,000838.SZ,2.8500,2.9200,2.7800,2.8000,357759.0000,,Tencent_raw
2026-09-03,000838.SZ,2.7900,2.8800,2.7500,2.8400,248864.0000,,Tencent_raw
2026-09-04,000838.SZ,2.8200,2.8700,2.7700,2.7900,268274.0000,,Tencent_raw
2026-09-07,000838.SZ,2.7100,2.7200,2.5800,2.6400,449036.0000,,Tencent_raw
2026-09-08,000838.SZ,2.6200,2.6300,2.3900,2.5600,704365.0000,,Tencent_raw
2026-09-09,000838.SZ,2.5000,2.5600,2.3500,2.3800,583286.0000,,Tencent_raw
2026-09-10,000838.SZ,2.4500,2.5000,2.3700,2.4400,448865.0000,,Tencent_raw
2026-09-11,000838.SZ,2.3500,2.4500,2.3100,2.4100,354354.0000,,Tencent_raw
2026-09-14,000838.SZ,2.3800,2.5200,2.3700,2.4500,353513.0000,,Tencent_raw
2026-09-15,000838.SZ,2.4400,2.4400,2.2400,2.2600,465452.0000,,Tencent_raw
2026-09-16,000838.SZ,2.2200,2.3000,2.2100,2.2400,279200.0000,,Tencent_raw
2026-09-17,000838.SZ,2.2300,2.2700,2.1500,2.2600,282572.0000,,Tencent_raw
2026-09-18,000838.SZ,2.2600,2.3800,2.2600,2.2700,323809.0000,,Tencent_raw
2026-09-21,000838.SZ,2.1600,2.3000,2.1500,2.2400,410688.0000,,Tencent_raw
2026-09-22,000838.SZ,2.2500,2.4100,2.2400,2.2700,447109.0000,,Tencent_raw
2026-09-23,000838.SZ,2.2800,2.4400,2.2500,2.3900,447860.0000,,Tencent_raw
2026-09-24,000838.SZ,2.3700,2.3900,2.2700,2.3100,390618.0000,,Tencent_raw
2026-09-28,000838.SZ,2.3000,2.3000,2.1300,2.1600,311162.0000,,Tencent_raw
2025-09-01,000972.SZ,4.4800,4.6700,4.4500,4.6700,229418.0000,,Tencent_raw
2025-09-02,000972.SZ,4.7400,4.9000,4.6200,4.9000,411584.0000,,Tencent_raw
2025-09-03,000972.SZ,4.9500,5.0300,4.6600,4.7000,343758.0000,,Tencent_raw
2025-09-04,000972.SZ,4.6500,4.7300,4.4700,4.4700,266580.0000,,Tencent_raw
2025-09-05,000972.SZ,4.4500,4.6900,4.4100,4.6900,189823.0000,,Tencent_raw
2025-09-08,000972.SZ,4.7900,4.9200,4.7900,4.9200,258749.0000,,Tencent_raw
2025-09-09,000972.SZ,4.9600,5.1400,4.8700,4.9200,290140.0000,,Tencent_raw
2025-09-10,000972.SZ,4.9500,5.1700,4.9300,5.1700,289713.0000,,Tencent_raw
2025-09-11,000972.SZ,5.1300,5.1500,4.9100,5.0000,351902.0000,,Tencent_raw
2025-09-12,000972.SZ,4.7500,4.7500,4.7500,4.7500,64129.0000,,Tencent_raw
2025-09-15,000972.SZ,4.5100,4.5100,4.5100,4.5100,14150.0000,,Tencent_raw
2025-09-16,000972.SZ,4.2800,4.2800,4.2800,4.2800,21827.0000,,Tencent_raw
2025-09-17,000972.SZ,4.0700,4.2500,4.0700,4.0700,488999.0000,,Tencent_raw
2025-09-18,000972.SZ,3.9500,4.0500,3.8700,3.9200,616735.0000,,Tencent_raw
2025-09-19,000972.SZ,3.9700,4.0100,3.8400,3.8800,292077.0000,,Tencent_raw
2025-09-22,000972.SZ,3.7800,3.8200,3.6900,3.7000,251218.0000,,Tencent_raw
2025-09-23,000972.SZ,3.7500,3.8900,3.7500,3.8900,236812.0000,,Tencent_raw
2025-09-24,000972.SZ,3.8900,4.0400,3.8300,3.9200,301318.0000,,Tencent_raw
2025-09-25,000972.SZ,3.8700,3.9000,3.7300,3.7400,200512.0000,,Tencent_raw
2025-09-26,000972.SZ,3.8000,3.8600,3.7100,3.7500,104023.0000,,Tencent_raw
2025-09-29,000972.SZ,3.7600,3.7600,3.6000,3.6400,128582.0000,,Tencent_raw
2025-09-30,000972.SZ,3.6600,3.7200,3.6100,3.6300,130542.0000,,Tencent_raw
2025-10-09,000972.SZ,3.6300,3.6300,3.4500,3.4800,179383.0000,,Tencent_raw
2025-10-10,000972.SZ,3.4900,3.6500,3.4900,3.6500,95682.0000,,Tencent_raw
2025-10-13,000972.SZ,3.6700,3.8300,3.5900,3.8300,195969.0000,,Tencent_raw
2025-10-14,000972.SZ,3.9000,3.9400,3.8100,3.8400,215229.0000,,Tencent_raw
2025-10-15,000972.SZ,3.8100,3.8600,3.7000,3.7700,150200.0000,,Tencent_raw
2025-10-16,000972.SZ,3.7700,3.9600,3.7400,3.9100,226311.0000,,Tencent_raw
2025-10-17,000972.SZ,3.8400,3.8800,3.7200,3.7900,154612.0000,,Tencent_raw
2025-10-20,000972.SZ,3.8200,3.8800,3.7200,3.8400,110444.0000,,Tencent_raw
2025-10-21,000972.SZ,3.8400,3.9700,3.8100,3.8700,102133.0000,,Tencent_raw
2025-10-22,000972.SZ,3.8500,3.9100,3.8200,3.8700,111240.0000,,Tencent_raw
2025-10-23,000972.SZ,3.8900,3.8900,3.8200,3.8900,100606.0000,,Tencent_raw
2025-10-24,000972.SZ,3.8800,4.0100,3.8300,3.9600,166263.0000,,Tencent_raw
2025-10-27,000972.SZ,3.9500,3.9900,3.9000,3.9100,111980.0000,,Tencent_raw
2025-10-28,000972.SZ,3.8800,3.9000,3.8200,3.8700,91005.0000,,Tencent_raw
2025-10-29,000972.SZ,3.7100,3.7800,3.6800,3.6800,201344.0000,,Tencent_raw
2025-10-30,000972.SZ,3.6700,3.7200,3.6400,3.6700,144514.0000,,Tencent_raw
2025-10-31,000972.SZ,3.6500,3.7600,3.6300,3.7200,129612.0000,,Tencent_raw
2025-11-03,000972.SZ,3.7400,3.8000,3.7200,3.7900,130366.0000,,Tencent_raw
2025-11-04,000972.SZ,3.8000,3.9200,3.7900,3.8500,118669.0000,,Tencent_raw
2025-11-05,000972.SZ,3.8300,3.8600,3.7900,3.8400,74302.0000,,Tencent_raw
2025-11-06,000972.SZ,3.8400,3.8600,3.7500,3.7800,92247.0000,,Tencent_raw
2025-11-07,000972.SZ,3.7700,3.7900,3.7500,3.7600,61824.0000,,Tencent_raw
2025-11-10,000972.SZ,3.7800,3.7900,3.7300,3.7500,88471.0000,,Tencent_raw
2025-11-11,000972.SZ,3.7700,3.7700,3.7300,3.7600,99726.0000,,Tencent_raw
2025-11-12,000972.SZ,3.7600,3.9500,3.7500,3.9500,187058.0000,,Tencent_raw
2025-11-13,000972.SZ,4.0600,4.1500,4.0600,4.1500,235196.0000,,Tencent_raw
2025-11-14,000972.SZ,4.2500,4.3600,4.1500,4.2500,477422.0000,,Tencent_raw
2025-11-17,000972.SZ,4.2500,4.3900,4.0700,4.1200,282725.0000,,Tencent_raw
2025-11-18,000972.SZ,4.1300,4.3100,4.0700,4.1900,213810.0000,,Tencent_raw
2025-11-19,000972.SZ,4.1800,4.2000,3.9800,4.0300,199363.0000,,Tencent_raw
2025-11-20,000972.SZ,4.0500,4.0800,3.9700,4.0400,143642.0000,,Tencent_raw
2025-11-21,000972.SZ,4.0100,4.0100,3.8400,3.8500,179313.0000,,Tencent_raw
2025-11-24,000972.SZ,3.8200,3.8900,3.7400,3.8600,120316.0000,,Tencent_raw
2025-11-25,000972.SZ,3.8700,3.9200,3.8200,3.8600,102417.0000,,Tencent_raw
2025-11-26,000972.SZ,3.8400,3.9000,3.8300,3.8700,81032.0000,,Tencent_raw
2025-11-27,000972.SZ,3.8600,3.8600,3.7600,3.7900,83971.0000,,Tencent_raw
2025-11-28,000972.SZ,3.7800,3.9800,3.7700,3.9800,145366.0000,,Tencent_raw
2025-12-01,000972.SZ,3.8900,3.9500,3.8300,3.8900,146529.0000,,Tencent_raw
2025-12-02,000972.SZ,3.9000,4.0500,3.8300,3.9300,147531.0000,,Tencent_raw
2025-12-03,000972.SZ,3.9100,3.9800,3.8900,3.9100,103629.0000,,Tencent_raw
2025-12-04,000972.SZ,3.9200,3.9200,3.8300,3.8400,68021.0000,,Tencent_raw
2025-12-05,000972.SZ,3.8300,3.8900,3.8200,3.8700,58759.0000,,Tencent_raw
2025-12-08,000972.SZ,4.0200,4.0200,3.8400,3.8600,116851.0000,,Tencent_raw
2025-12-09,000972.SZ,3.9000,3.9500,3.8600,3.8700,94159.0000,,Tencent_raw
2025-12-10,000972.SZ,3.8800,3.8900,3.7900,3.8200,88979.0000,,Tencent_raw
2025-12-11,000972.SZ,3.8200,3.8200,3.7400,3.7400,74662.0000,,Tencent_raw
2025-12-12,000972.SZ,3.7300,3.7600,3.7100,3.7500,47079.0000,,Tencent_raw
2025-12-15,000972.SZ,3.7200,3.7500,3.7000,3.7200,50367.0000,,Tencent_raw
2025-12-16,000972.SZ,3.7200,3.7400,3.6400,3.6400,62537.0000,,Tencent_raw
2025-12-17,000972.SZ,3.6400,3.6700,3.5400,3.6700,68633.0000,,Tencent_raw
2025-12-18,000972.SZ,3.6400,3.7400,3.6400,3.6700,36221.0000,,Tencent_raw
2025-12-19,000972.SZ,3.6800,3.7200,3.6600,3.7200,36619.0000,,Tencent_raw
2025-12-22,000972.SZ,3.7000,3.7400,3.6900,3.7100,55396.0000,,Tencent_raw
2025-12-23,000972.SZ,3.7300,3.8600,3.7200,3.7800,96770.0000,,Tencent_raw
2025-12-24,000972.SZ,3.7800,3.8200,3.7000,3.8200,74840.0000,,Tencent_raw
2025-12-25,000972.SZ,3.8100,3.8300,3.7800,3.8000,77205.0000,,Tencent_raw
2025-12-26,000972.SZ,3.8100,3.9200,3.7900,3.8600,81516.0000,,Tencent_raw
2025-12-29,000972.SZ,3.8500,3.8500,3.7800,3.8000,53354.0000,,Tencent_raw
2025-12-30,000972.SZ,3.7900,3.8000,3.7500,3.7800,42989.0000,,Tencent_raw
2025-12-31,000972.SZ,3.8100,3.9500,3.7900,3.9200,151930.0000,,Tencent_raw
2026-01-05,000972.SZ,4.0900,4.1200,4.0100,4.0300,258945.0000,,Tencent_raw
2026-01-06,000972.SZ,3.9700,4.1300,3.9500,4.0800,190951.0000,,Tencent_raw
2026-01-07,000972.SZ,4.0900,4.1600,4.0400,4.0600,144157.0000,,Tencent_raw
2026-01-08,000972.SZ,4.0300,4.1100,4.0300,4.0400,96528.0000,,Tencent_raw
2026-01-09,000972.SZ,4.0400,4.0500,3.9500,4.0400,134346.0000,,Tencent_raw
2026-01-12,000972.SZ,3.9900,4.0300,3.9600,3.9900,97948.0000,,Tencent_raw
2026-01-13,000972.SZ,3.9900,4.0200,3.9000,3.9100,93774.0000,,Tencent_raw
2026-01-14,000972.SZ,3.8900,4.0000,3.8900,4.0000,117233.0000,,Tencent_raw
2026-01-15,000972.SZ,3.9800,4.0300,3.9200,3.9400,73126.0000,,Tencent_raw
2026-01-16,000972.SZ,3.9500,3.9700,3.9000,3.9400,76743.0000,,Tencent_raw
2026-01-19,000972.SZ,3.9500,4.0700,3.9400,4.0500,114858.0000,,Tencent_raw
2026-01-20,000972.SZ,4.0500,4.0600,3.9600,3.9800,101061.0000,,Tencent_raw
2026-01-21,000972.SZ,3.9600,4.0700,3.9600,4.0600,92159.0000,,Tencent_raw
2026-01-22,000972.SZ,4.1000,4.1100,4.0000,4.0200,139207.0000,,Tencent_raw
2026-01-23,000972.SZ,3.9900,4.0500,3.9900,4.0500,134664.0000,,Tencent_raw
2026-01-26,000972.SZ,3.9900,4.0100,3.8900,3.9200,166500.0000,,Tencent_raw
2026-01-27,000972.SZ,3.9400,3.9400,3.7200,3.7800,280865.0000,,Tencent_raw
2026-01-28,000972.SZ,3.6500,3.7100,3.5900,3.5900,251992.0000,,Tencent_raw
2026-01-29,000972.SZ,3.5600,3.6500,3.5000,3.5500,184603.0000,,Tencent_raw
2026-01-30,000972.SZ,3.5300,3.5800,3.5000,3.5800,110902.0000,,Tencent_raw
2026-02-02,000972.SZ,3.5500,3.5600,3.5200,3.5400,73108.0000,,Tencent_raw
2026-02-03,000972.SZ,3.5300,3.5600,3.5000,3.5200,72410.0000,,Tencent_raw
2026-02-04,000972.SZ,3.5300,3.5400,3.4500,3.5000,98604.0000,,Tencent_raw
2026-02-05,000972.SZ,3.4900,3.5400,3.4800,3.5000,84076.0000,,Tencent_raw
2026-02-06,000972.SZ,3.4800,3.5200,3.4300,3.5000,72328.0000,,Tencent_raw
2026-02-09,000972.SZ,3.4900,3.6100,3.4900,3.5500,92030.0000,,Tencent_raw
2026-02-10,000972.SZ,3.5400,3.5500,3.5100,3.5400,67201.0000,,Tencent_raw
2026-02-11,000972.SZ,3.5400,3.5800,3.5100,3.5500,64784.0000,,Tencent_raw
2026-02-12,000972.SZ,3.5400,3.5500,3.5100,3.5100,66405.0000,,Tencent_raw
2026-02-13,000972.SZ,3.5000,3.5900,3.5000,3.5700,65577.0000,,Tencent_raw
2026-02-24,000972.SZ,3.5800,3.6200,3.5700,3.5900,57389.0000,,Tencent_raw
2026-02-25,000972.SZ,3.6000,3.6300,3.5800,3.6300,65777.0000,,Tencent_raw
2026-02-26,000972.SZ,3.6400,3.6900,3.6000,3.6200,69511.0000,,Tencent_raw
2026-02-27,000972.SZ,3.6200,3.8000,3.6000,3.8000,146817.0000,,Tencent_raw
2026-03-02,000972.SZ,3.8100,3.8500,3.7100,3.7900,157310.0000,,Tencent_raw
2026-03-03,000972.SZ,3.8000,3.9100,3.7000,3.7100,130778.0000,,Tencent_raw
2026-03-04,000972.SZ,3.6400,3.7800,3.6000,3.7400,67704.0000,,Tencent_raw
2026-03-05,000972.SZ,3.7400,3.7700,3.6700,3.7200,67485.0000,,Tencent_raw
2026-03-06,000972.SZ,3.7000,3.8300,3.6900,3.8000,88455.0000,,Tencent_raw
2026-03-09,000972.SZ,3.7900,3.8400,3.7500,3.7900,81772.0000,,Tencent_raw
2026-03-10,000972.SZ,3.7800,3.8100,3.7300,3.7400,62155.0000,,Tencent_raw
2026-03-11,000972.SZ,3.7300,3.7900,3.7000,3.7600,81740.0000,,Tencent_raw
2026-03-12,000972.SZ,3.7600,3.7600,3.6800,3.7000,65898.0000,,Tencent_raw
2026-03-13,000972.SZ,3.6900,3.7100,3.6600,3.6800,57472.0000,,Tencent_raw
2026-03-16,000972.SZ,3.6600,3.7200,3.6500,3.6700,49670.0000,,Tencent_raw
2026-03-17,000972.SZ,3.6800,3.7200,3.6500,3.6500,85518.0000,,Tencent_raw
2026-03-18,000972.SZ,3.6500,3.6600,3.5900,3.6200,66985.0000,,Tencent_raw
2026-03-19,000972.SZ,3.6100,3.6200,3.5500,3.5700,59335.0000,,Tencent_raw
2026-03-20,000972.SZ,3.5800,3.6300,3.5400,3.5900,70053.0000,,Tencent_raw
2026-03-23,000972.SZ,3.5500,3.7700,3.4700,3.6400,187948.0000,,Tencent_raw
2026-03-24,000972.SZ,3.6500,3.7000,3.6000,3.6500,85807.0000,,Tencent_raw
2026-03-25,000972.SZ,3.6300,3.7600,3.6300,3.7400,103413.0000,,Tencent_raw
2026-03-26,000972.SZ,3.7500,3.7900,3.7000,3.7300,59504.0000,,Tencent_raw
2026-03-27,000972.SZ,3.7100,3.8600,3.7000,3.8000,115580.0000,,Tencent_raw
2026-03-30,000972.SZ,3.8000,3.9900,3.8000,3.9900,193255.0000,,Tencent_raw
2026-03-31,000972.SZ,3.9900,4.0700,3.8700,3.9200,185578.0000,,Tencent_raw
2026-04-01,000972.SZ,3.9400,3.9500,3.8600,3.8900,125835.0000,,Tencent_raw
2026-04-02,000972.SZ,3.8800,3.9400,3.8000,3.8500,98448.0000,,Tencent_raw
2026-04-03,000972.SZ,3.8600,3.8600,3.7000,3.7300,89383.0000,,Tencent_raw
2026-04-07,000972.SZ,3.7400,3.8300,3.7000,3.7900,61218.0000,,Tencent_raw
2026-04-08,000972.SZ,3.8300,3.8900,3.7800,3.8800,69933.0000,,Tencent_raw
2026-04-09,000972.SZ,3.8700,3.8800,3.8300,3.8600,51095.0000,,Tencent_raw
2026-04-10,000972.SZ,3.8800,3.9400,3.8600,3.8900,73886.0000,,Tencent_raw
2026-04-13,000972.SZ,3.9000,3.9900,3.8900,3.9600,70115.0000,,Tencent_raw
2026-04-14,000972.SZ,3.9500,3.9900,3.9300,3.9900,81782.0000,,Tencent_raw
2026-04-15,000972.SZ,3.9600,3.9900,3.7900,3.9000,234803.0000,,Tencent_raw
2026-04-16,000972.SZ,3.8700,3.9400,3.8100,3.9300,109314.0000,,Tencent_raw
2026-04-17,000972.SZ,3.9900,4.0800,3.8400,3.9100,232567.0000,,Tencent_raw
2026-04-20,000972.SZ,3.9200,4.0100,3.8800,3.9900,123804.0000,,Tencent_raw
2026-04-21,000972.SZ,3.9900,4.0100,3.9400,3.9800,84758.0000,,Tencent_raw
2026-04-22,000972.SZ,3.9800,4.0000,3.9200,3.9400,70085.0000,,Tencent_raw
2026-04-23,000972.SZ,3.9400,4.0000,3.9100,3.9400,91083.0000,,Tencent_raw
2026-04-24,000972.SZ,3.9400,3.9600,3.8100,3.9100,122867.0000,,Tencent_raw
2026-04-27,000972.SZ,3.8200,3.9800,3.8100,3.9600,120787.0000,,Tencent_raw
2026-04-28,000972.SZ,3.7700,3.8300,3.7600,3.7600,198369.0000,,Tencent_raw
2026-04-29,000972.SZ,3.7300,3.8100,3.7200,3.7500,84976.0000,,Tencent_raw
2026-04-30,000972.SZ,3.7500,3.8700,3.7100,3.8600,121835.0000,,Tencent_raw
2026-05-06,000972.SZ,3.8600,3.9800,3.8600,3.9000,120001.0000,,Tencent_raw
2026-05-07,000972.SZ,3.9000,3.9200,3.8400,3.8700,62127.0000,,Tencent_raw
2026-05-08,000972.SZ,3.8700,3.8800,3.8100,3.8800,77220.0000,,Tencent_raw
2026-05-11,000972.SZ,3.8800,3.9300,3.8200,3.8600,114060.0000,,Tencent_raw
2026-05-12,000972.SZ,3.8600,3.8600,3.8100,3.8100,63413.0000,,Tencent_raw
2026-05-13,000972.SZ,3.8100,3.8500,3.7700,3.8400,72551.0000,,Tencent_raw
2026-05-14,000972.SZ,3.8700,3.9200,3.8000,3.8100,69378.0000,,Tencent_raw
2026-05-15,000972.SZ,3.8000,3.8600,3.7700,3.8400,67290.0000,,Tencent_raw
2026-05-18,000972.SZ,3.8200,3.8300,3.7500,3.8200,68704.0000,,Tencent_raw
2026-05-19,000972.SZ,3.7800,3.8200,3.7600,3.8200,39971.0000,,Tencent_raw
2026-05-20,000972.SZ,3.8200,3.8300,3.7700,3.7900,46025.0000,,Tencent_raw
2026-05-21,000972.SZ,3.7800,3.8100,3.7300,3.7800,92945.0000,,Tencent_raw
2026-05-22,000972.SZ,3.7600,3.7700,3.7200,3.7600,62831.0000,,Tencent_raw
2026-05-25,000972.SZ,3.7700,3.7800,3.6600,3.6800,83964.0000,,Tencent_raw
2026-05-26,000972.SZ,3.6600,3.6600,3.5000,3.5800,155321.0000,,Tencent_raw
2026-05-27,000972.SZ,3.5800,3.6000,3.4800,3.5300,78746.0000,,Tencent_raw
2026-05-28,000972.SZ,3.5300,3.6000,3.5100,3.5400,60547.0000,,Tencent_raw
2026-05-29,000972.SZ,3.5700,3.6700,3.5400,3.5600,114627.0000,,Tencent_raw
2026-06-01,000972.SZ,3.5700,3.7300,3.5500,3.7300,124162.0000,,Tencent_raw
2026-06-02,000972.SZ,3.7800,3.8500,3.7300,3.7600,119345.0000,,Tencent_raw
2026-06-03,000972.SZ,3.7300,3.7500,3.5700,3.6300,151465.0000,,Tencent_raw
2026-06-04,000972.SZ,3.6200,3.6200,3.5200,3.5300,78419.0000,,Tencent_raw
2026-06-05,000972.SZ,3.5200,3.5600,3.4800,3.5500,59366.0000,,Tencent_raw
2026-06-08,000972.SZ,3.4800,3.5400,3.3800,3.4500,73773.0000,,Tencent_raw
2026-06-09,000972.SZ,3.4700,3.5300,3.4500,3.5300,46462.0000,,Tencent_raw
2026-06-10,000972.SZ,3.5000,3.5300,3.4400,3.5100,52257.0000,,Tencent_raw
2026-06-11,000972.SZ,3.5100,3.5100,3.4300,3.4900,46555.0000,,Tencent_raw
2026-06-12,000972.SZ,3.4800,3.6300,3.4700,3.6000,63778.0000,,Tencent_raw
2026-06-15,000972.SZ,3.6000,3.6000,3.5300,3.5800,49465.0000,,Tencent_raw
2026-06-16,000972.SZ,3.5800,3.5800,3.4800,3.5500,57858.0000,,Tencent_raw
2026-06-17,000972.SZ,3.5200,3.5500,3.4800,3.4900,36473.0000,,Tencent_raw
2026-06-18,000972.SZ,3.4800,3.4900,3.4200,3.4400,48689.0000,,Tencent_raw
2026-06-22,000972.SZ,3.4000,3.4300,3.2700,3.3400,73796.0000,,Tencent_raw
2026-06-23,000972.SZ,3.3400,3.4300,3.3300,3.4100,40589.0000,,Tencent_raw
2026-06-24,000972.SZ,3.3800,3.4500,3.3600,3.3800,37066.0000,,Tencent_raw
2026-06-25,000972.SZ,3.3300,3.3600,3.2100,3.2200,70638.0000,,Tencent_raw
2026-06-29,000972.SZ,3.4000,3.4300,3.2400,3.2900,211335.0000,,Tencent_raw
2026-06-30,000972.SZ,3.2800,3.2900,3.0500,3.1300,177221.0000,,Tencent_raw
2026-07-01,000972.SZ,3.1300,3.4200,3.0900,3.3500,128825.0000,,Tencent_raw
2026-07-02,000972.SZ,3.3500,3.6900,3.3500,3.6900,138322.0000,,Tencent_raw
2026-07-03,000972.SZ,3.6900,3.7500,3.5700,3.6400,170761.0000,,Tencent_raw
2026-07-06,000972.SZ,3.6100,3.7600,3.5900,3.6100,111876.0000,,Tencent_raw
2026-07-07,000972.SZ,3.6400,3.6500,3.5400,3.5500,73471.0000,,Tencent_raw
2026-07-08,000972.SZ,3.5900,3.6000,3.5100,3.5800,58681.0000,,Tencent_raw
2026-07-09,000972.SZ,3.5800,3.6000,3.4900,3.5600,71120.0000,,Tencent_raw
2026-07-10,000972.SZ,3.5600,3.6200,3.5000,3.5800,82628.0000,,Tencent_raw
2026-07-13,000972.SZ,3.5800,3.6200,3.4800,3.5100,90138.0000,,Tencent_raw
2026-07-14,000972.SZ,3.4800,3.5300,3.3100,3.5100,83028.0000,,Tencent_raw
2026-07-15,000972.SZ,3.4900,3.5500,3.4600,3.5000,47562.0000,,Tencent_raw
2026-07-16,000972.SZ,3.4800,3.5800,3.4700,3.5400,63255.0000,,Tencent_raw
2026-07-17,000972.SZ,3.5300,3.6300,3.4700,3.5000,96254.0000,,Tencent_raw
2026-07-20,000972.SZ,3.5000,3.6400,3.4000,3.4800,133744.0000,,Tencent_raw
2026-07-21,000972.SZ,3.4800,3.4800,3.2500,3.3800,98588.0000,,Tencent_raw
2026-07-22,000972.SZ,3.3800,3.4000,3.2800,3.3300,66168.0000,,Tencent_raw
2026-07-23,000972.SZ,3.3200,3.3700,3.2900,3.3600,67534.0000,,Tencent_raw
2026-07-24,000972.SZ,3.3500,3.4600,3.3200,3.3600,90119.0000,,Tencent_raw
2026-07-27,000972.SZ,3.3600,3.4500,3.2700,3.3200,104963.0000,,Tencent_raw
2026-07-28,000972.SZ,3.2400,3.3800,3.2200,3.3300,150720.0000,,Tencent_raw
2026-07-29,000972.SZ,3.3100,3.4300,3.3100,3.3200,89540.0000,,Tencent_raw
2026-07-30,000972.SZ,3.3300,3.3700,3.2300,3.2400,90662.0000,,Tencent_raw
2026-07-31,000972.SZ,3.2400,3.3000,3.2200,3.2700,61079.0000,,Tencent_raw
2026-08-03,000972.SZ,3.2600,3.3800,3.2600,3.3700,86292.0000,,Tencent_raw
2026-08-04,000972.SZ,3.3900,3.4400,3.3600,3.4100,74801.0000,,Tencent_raw
2026-08-05,000972.SZ,3.4100,3.5100,3.3700,3.3700,94302.0000,,Tencent_raw
2026-08-06,000972.SZ,3.3700,3.4500,3.3100,3.4300,106237.0000,,Tencent_raw
2026-08-07,000972.SZ,3.4300,3.4600,3.3400,3.4400,113932.0000,,Tencent_raw
2026-08-10,000972.SZ,3.4200,3.4800,3.3900,3.4700,84339.0000,,Tencent_raw
2026-08-11,000972.SZ,3.4600,3.4600,3.4000,3.4100,69881.0000,,Tencent_raw
2026-08-12,000972.SZ,3.4100,3.5200,3.4000,3.4700,96697.0000,,Tencent_raw
2026-08-13,000972.SZ,3.4700,3.8200,3.4500,3.8200,160984.0000,,Tencent_raw
2026-08-14,000972.SZ,3.7400,3.7800,3.5300,3.6000,339349.0000,,Tencent_raw
2026-08-17,000972.SZ,3.5900,3.6500,3.4700,3.6400,260564.0000,,Tencent_raw
2026-08-18,000972.SZ,3.6300,4.0000,3.5900,3.9100,661358.0000,,Tencent_raw
2026-08-19,000972.SZ,3.8000,3.8100,3.6100,3.6100,467775.0000,,Tencent_raw
2026-08-20,000972.SZ,3.6500,3.6700,3.5500,3.6000,178955.0000,,Tencent_raw
2026-08-21,000972.SZ,3.5700,3.6600,3.5000,3.6400,138718.0000,,Tencent_raw
2026-08-24,000972.SZ,3.6700,3.6700,3.5400,3.5500,112128.0000,,Tencent_raw
2026-08-25,000972.SZ,3.5200,3.6700,3.5100,3.6400,138203.0000,,Tencent_raw
2026-08-26,000972.SZ,3.6500,3.7000,3.6400,3.6400,106277.0000,,Tencent_raw
2026-08-27,000972.SZ,3.6400,3.7900,3.6400,3.7200,142519.0000,,Tencent_raw
2026-08-28,000972.SZ,3.7200,3.8800,3.7000,3.8300,202427.0000,,Tencent_raw
2026-08-31,000972.SZ,3.7800,3.8400,3.7600,3.8300,137336.0000,,Tencent_raw
2026-09-01,000972.SZ,3.8200,4.0000,3.8100,3.9300,229572.0000,,Tencent_raw
2026-09-02,000972.SZ,3.9300,3.9300,3.7800,3.8000,154356.0000,,Tencent_raw
2026-09-03,000972.SZ,3.8100,3.8600,3.7600,3.8100,112060.0000,,Tencent_raw
2026-09-04,000972.SZ,3.8400,3.9000,3.7900,3.8200,108222.0000,,Tencent_raw
2026-09-07,000972.SZ,3.8300,3.9000,3.8200,3.8600,98576.0000,,Tencent_raw
2026-09-08,000972.SZ,3.8900,4.0000,3.8700,3.9700,197351.0000,,Tencent_raw
2026-09-09,000972.SZ,3.9400,4.3700,3.9200,4.3700,466862.0000,,Tencent_raw
2026-09-10,000972.SZ,4.7100,4.8100,4.2100,4.2400,1238658.0000,,Tencent_raw
2026-09-11,000972.SZ,4.2200,4.2800,3.8200,3.9800,883750.0000,,Tencent_raw
2026-09-14,000972.SZ,3.9600,4.0400,3.8200,3.9500,563151.0000,,Tencent_raw
2026-09-15,000972.SZ,3.9600,3.9800,3.7800,3.8100,356290.0000,,Tencent_raw
2026-09-16,000972.SZ,3.7900,3.8400,3.7400,3.8000,197180.0000,,Tencent_raw
2026-09-17,000972.SZ,3.8100,3.8600,3.7600,3.8400,176091.0000,,Tencent_raw
2026-09-18,000972.SZ,3.8300,3.9100,3.7800,3.9000,162677.0000,,Tencent_raw
2026-09-21,000972.SZ,3.9000,4.1500,3.9000,4.0800,239323.0000,,Tencent_raw
2026-09-22,000972.SZ,4.0800,4.1300,4.0300,4.1000,165251.0000,,Tencent_raw
2026-09-23,000972.SZ,4.1300,4.1800,4.0700,4.0700,147847.0000,,Tencent_raw
2026-09-24,000972.SZ,4.0500,4.0900,3.9500,3.9600,131085.0000,,Tencent_raw
2026-09-28,000972.SZ,4.0000,4.0100,3.8200,3.8500,149023.0000,,Tencent_raw
2025-09-01,002168.SZ,5.0400,5.0500,4.8800,5.0500,265699.0000,,Tencent_raw
2025-09-02,002168.SZ,5.0500,5.0600,4.8000,4.8000,327258.0000,,Tencent_raw
2025-09-03,002168.SZ,4.6600,4.9000,4.5600,4.5700,250444.0000,,Tencent_raw
2025-09-04,002168.SZ,4.6200,4.7500,4.5700,4.6400,119138.0000,,Tencent_raw
2025-09-05,002168.SZ,4.6500,4.6700,4.4600,4.6700,110099.0000,,Tencent_raw
2025-09-08,002168.SZ,4.7000,4.8800,4.5800,4.6500,150139.0000,,Tencent_raw
2025-09-09,002168.SZ,4.6900,4.7300,4.5800,4.7200,105504.0000,,Tencent_raw
2025-09-10,002168.SZ,4.7000,4.7400,4.6300,4.7000,87189.0000,,Tencent_raw
2025-09-11,002168.SZ,4.6700,4.6700,4.4700,4.4700,216697.0000,,Tencent_raw
2025-09-12,002168.SZ,4.3700,4.4600,4.2500,4.4400,176872.0000,,Tencent_raw
2025-09-15,002168.SZ,4.4400,4.4400,4.2200,4.2200,203693.0000,,Tencent_raw
2025-09-16,002168.SZ,4.2900,4.3400,4.2000,4.2500,92781.0000,,Tencent_raw
2025-09-17,002168.SZ,4.2300,4.2900,4.2100,4.2300,55005.0000,,Tencent_raw
2025-09-18,002168.SZ,4.2800,4.2800,4.0200,4.0200,181312.0000,,Tencent_raw
2025-09-19,002168.SZ,4.0400,4.1000,3.9200,4.0800,111608.0000,,Tencent_raw
2025-09-22,002168.SZ,4.1500,4.2800,4.0900,4.2800,115419.0000,,Tencent_raw
2025-09-23,002168.SZ,4.3200,4.4400,4.2100,4.2900,164231.0000,,Tencent_raw
2025-09-24,002168.SZ,4.3900,4.4700,4.2600,4.3500,120085.0000,,Tencent_raw
2025-09-25,002168.SZ,4.3600,4.3700,4.1800,4.1900,111060.0000,,Tencent_raw
2025-09-26,002168.SZ,4.2500,4.2600,4.0700,4.1900,97944.0000,,Tencent_raw
2025-09-29,002168.SZ,4.2000,4.2100,4.0800,4.0800,73900.0000,,Tencent_raw
2025-09-30,002168.SZ,4.2500,4.2500,4.1400,4.1800,75809.0000,,Tencent_raw
2025-10-09,002168.SZ,4.1700,4.1800,4.0200,4.0600,105847.0000,,Tencent_raw
2025-10-10,002168.SZ,4.0800,4.1200,4.0400,4.0500,39415.0000,,Tencent_raw
2025-10-13,002168.SZ,4.0000,4.0000,3.8600,3.9700,86114.0000,,Tencent_raw
2025-10-14,002168.SZ,4.0200,4.0500,3.9200,3.9300,52016.0000,,Tencent_raw
2025-10-15,002168.SZ,3.9300,4.0000,3.9100,3.9900,52022.0000,,Tencent_raw
2025-10-16,002168.SZ,4.0000,4.1800,3.9500,4.1000,88267.0000,,Tencent_raw
2025-10-17,002168.SZ,4.1100,4.1100,3.9800,4.0000,58149.0000,,Tencent_raw
2025-10-20,002168.SZ,3.9800,4.0400,3.9800,3.9900,37740.0000,,Tencent_raw
2025-10-21,002168.SZ,4.0300,4.0700,3.9900,4.0300,37908.0000,,Tencent_raw
2025-10-22,002168.SZ,4.0600,4.0600,4.0000,4.0100,28890.0000,,Tencent_raw
2025-10-23,002168.SZ,4.0300,4.2100,3.9900,4.1900,134567.0000,,Tencent_raw
2025-10-24,002168.SZ,4.1900,4.2000,4.0800,4.1100,79829.0000,,Tencent_raw
2025-10-27,002168.SZ,4.1500,4.1600,4.0500,4.0900,52304.0000,,Tencent_raw
2025-10-28,002168.SZ,4.0700,4.0900,4.0300,4.0600,47253.0000,,Tencent_raw
2025-10-29,002168.SZ,4.0400,4.0700,4.0200,4.0600,40545.0000,,Tencent_raw
2025-10-30,002168.SZ,4.0700,4.0800,4.0100,4.0100,51286.0000,,Tencent_raw
2025-10-31,002168.SZ,4.0800,4.1400,4.0400,4.0800,57296.0000,,Tencent_raw
2025-11-03,002168.SZ,4.1000,4.1300,4.0200,4.1200,62033.0000,,Tencent_raw
2025-11-04,002168.SZ,4.1700,4.1700,4.0500,4.0600,45726.0000,,Tencent_raw
2025-11-05,002168.SZ,4.0600,4.0900,4.0300,4.0900,38164.0000,,Tencent_raw
2025-11-06,002168.SZ,4.0900,4.0900,4.0500,4.0700,37102.0000,,Tencent_raw
2025-11-07,002168.SZ,4.0700,4.0700,4.0300,4.0300,40850.0000,,Tencent_raw
2025-11-10,002168.SZ,4.0300,4.0600,3.9900,3.9900,52087.0000,,Tencent_raw
2025-11-11,002168.SZ,4.0000,4.0400,3.9800,4.0100,42171.0000,,Tencent_raw
2025-11-12,002168.SZ,4.0400,4.0500,3.9800,4.0000,37689.0000,,Tencent_raw
2025-11-13,002168.SZ,4.0000,4.0900,3.9800,4.0700,63763.0000,,Tencent_raw
2025-11-14,002168.SZ,4.0500,4.0900,4.0200,4.0500,58025.0000,,Tencent_raw
2025-11-17,002168.SZ,4.0700,4.1700,4.0200,4.1600,96894.0000,,Tencent_raw
2025-11-18,002168.SZ,4.1500,4.1700,4.0300,4.0600,67620.0000,,Tencent_raw
2025-11-19,002168.SZ,4.0900,4.0900,4.0000,4.0100,53812.0000,,Tencent_raw
2025-11-20,002168.SZ,4.0300,4.0300,3.9800,3.9800,33346.0000,,Tencent_raw
2025-11-21,002168.SZ,3.9600,3.9600,3.8500,3.8700,66677.0000,,Tencent_raw
2025-11-24,002168.SZ,3.8500,3.9000,3.8400,3.8600,41585.0000,,Tencent_raw
2025-11-25,002168.SZ,3.8800,4.0300,3.8600,3.9900,52391.0000,,Tencent_raw
2025-11-26,002168.SZ,3.9800,3.9900,3.9300,3.9500,34611.0000,,Tencent_raw
2025-11-27,002168.SZ,3.9700,3.9700,3.8900,3.9000,27022.0000,,Tencent_raw
2025-11-28,002168.SZ,3.9600,3.9600,3.8800,3.9300,30248.0000,,Tencent_raw
2025-12-01,002168.SZ,3.9500,3.9500,3.9000,3.9000,23613.0000,,Tencent_raw
2025-12-02,002168.SZ,3.9100,3.9300,3.8200,3.8300,48424.0000,,Tencent_raw
2025-12-03,002168.SZ,3.8000,3.8300,3.6500,3.6700,103613.0000,,Tencent_raw
2025-12-04,002168.SZ,3.7300,3.7900,3.6700,3.6800,50575.0000,,Tencent_raw
2025-12-05,002168.SZ,3.7000,3.7300,3.6700,3.6900,47883.0000,,Tencent_raw
2025-12-08,002168.SZ,3.7000,3.7800,3.6800,3.7300,44216.0000,,Tencent_raw
2025-12-09,002168.SZ,3.7400,3.7600,3.6800,3.6900,33670.0000,,Tencent_raw
2025-12-10,002168.SZ,3.7000,3.7300,3.6400,3.6700,35733.0000,,Tencent_raw
2025-12-11,002168.SZ,3.6500,3.6700,3.5500,3.6200,62067.0000,,Tencent_raw
2025-12-12,002168.SZ,3.6200,3.6600,3.5600,3.6400,32158.0000,,Tencent_raw
2025-12-15,002168.SZ,3.6300,3.6800,3.5900,3.6100,34048.0000,,Tencent_raw
2025-12-16,002168.SZ,3.6300,3.6300,3.5200,3.5200,35818.0000,,Tencent_raw
2025-12-17,002168.SZ,3.5400,3.5400,3.4000,3.4900,68519.0000,,Tencent_raw
2025-12-18,002168.SZ,3.5100,3.5800,3.4800,3.4900,35315.0000,,Tencent_raw
2025-12-19,002168.SZ,3.5100,3.5200,3.4600,3.5100,24138.0000,,Tencent_raw
2025-12-22,002168.SZ,3.5200,3.6900,3.5200,3.6900,80080.0000,,Tencent_raw
2025-12-23,002168.SZ,3.7900,3.8700,3.7300,3.8700,49837.0000,,Tencent_raw
2025-12-24,002168.SZ,4.0500,4.0600,3.7300,3.8200,178834.0000,,Tencent_raw
2025-12-25,002168.SZ,3.7800,3.9300,3.7500,3.8000,61539.0000,,Tencent_raw
2025-12-26,002168.SZ,3.8000,3.9900,3.7700,3.9900,130565.0000,,Tencent_raw
2025-12-29,002168.SZ,4.0300,4.1300,3.9600,4.0500,131173.0000,,Tencent_raw
2025-12-30,002168.SZ,4.1000,4.2500,4.0500,4.2500,88883.0000,,Tencent_raw
2025-12-31,002168.SZ,4.3200,4.3600,4.1400,4.2000,200377.0000,,Tencent_raw
2026-01-05,002168.SZ,4.2900,4.3200,4.1400,4.1700,83510.0000,,Tencent_raw
2026-01-06,002168.SZ,4.1700,4.1800,4.0800,4.1100,107037.0000,,Tencent_raw
2026-01-07,002168.SZ,4.1400,4.2000,4.0700,4.1200,73558.0000,,Tencent_raw
2026-01-08,002168.SZ,4.1200,4.1700,4.0500,4.0700,73034.0000,,Tencent_raw
2026-01-09,002168.SZ,4.0700,4.1100,4.0600,4.1000,49208.0000,,Tencent_raw
2026-01-12,002168.SZ,4.1200,4.1200,4.0400,4.0700,71218.0000,,Tencent_raw
2026-01-13,002168.SZ,4.0800,4.1100,4.0200,4.0900,78082.0000,,Tencent_raw
2026-01-14,002168.SZ,4.0900,4.1200,4.0400,4.0500,54115.0000,,Tencent_raw
2026-01-15,002168.SZ,4.0600,4.0800,4.0300,4.0500,33451.0000,,Tencent_raw
2026-01-16,002168.SZ,4.0900,4.0900,4.0000,4.0200,57104.0000,,Tencent_raw
2026-01-19,002168.SZ,3.9700,4.2200,3.9700,4.2200,162331.0000,,Tencent_raw
2026-01-20,002168.SZ,4.2600,4.3900,4.1800,4.2600,156050.0000,,Tencent_raw
2026-01-21,002168.SZ,4.2600,4.3900,4.1800,4.1900,124813.0000,,Tencent_raw
2026-01-22,002168.SZ,4.2400,4.3400,4.2000,4.3200,90041.0000,,Tencent_raw
2026-01-23,002168.SZ,4.3500,4.5300,4.3100,4.4700,143464.0000,,Tencent_raw
2026-01-26,002168.SZ,4.4800,4.5100,4.3700,4.3900,114209.0000,,Tencent_raw
2026-01-27,002168.SZ,4.4000,4.4200,4.3000,4.3900,74532.0000,,Tencent_raw
2026-01-28,002168.SZ,4.4000,4.4100,4.2800,4.2900,77407.0000,,Tencent_raw
2026-01-29,002168.SZ,4.3000,4.3300,4.2000,4.2200,93808.0000,,Tencent_raw
2026-01-30,002168.SZ,4.2200,4.3500,4.1500,4.2800,103899.0000,,Tencent_raw
2026-02-02,002168.SZ,4.2100,4.2900,4.0700,4.0700,147822.0000,,Tencent_raw
2026-02-03,002168.SZ,4.0900,4.1500,4.0400,4.1100,80905.0000,,Tencent_raw
2026-02-04,002168.SZ,4.1600,4.2700,4.1000,4.2100,69770.0000,,Tencent_raw
2026-02-05,002168.SZ,4.2500,4.2800,4.1700,4.2000,45848.0000,,Tencent_raw
2026-02-06,002168.SZ,4.1700,4.2100,4.1300,4.1400,58368.0000,,Tencent_raw
2026-02-09,002168.SZ,4.1600,4.1800,4.0400,4.0700,103300.0000,,Tencent_raw
2026-02-10,002168.SZ,4.0800,4.1000,4.0600,4.0700,38470.0000,,Tencent_raw
2026-02-11,002168.SZ,4.0800,4.0900,4.0300,4.0500,47347.0000,,Tencent_raw
2026-02-12,002168.SZ,4.0700,4.0700,4.0100,4.0100,49527.0000,,Tencent_raw
2026-02-13,002168.SZ,4.0200,4.0900,4.0100,4.0600,38855.0000,,Tencent_raw
2026-02-24,002168.SZ,4.0500,4.0500,3.9000,3.9400,95120.0000,,Tencent_raw
2026-02-25,002168.SZ,3.9700,4.1400,3.9600,4.1200,94594.0000,,Tencent_raw
2026-02-26,002168.SZ,4.1100,4.1400,4.0300,4.0500,63959.0000,,Tencent_raw
2026-02-27,002168.SZ,4.0300,4.0700,4.0000,4.0200,54531.0000,,Tencent_raw
2026-03-02,002168.SZ,3.9900,4.0200,3.9100,3.9700,84067.0000,,Tencent_raw
2026-03-03,002168.SZ,3.9900,3.9900,3.8300,3.8400,112846.0000,,Tencent_raw
2026-03-04,002168.SZ,3.8800,4.0200,3.8800,3.9100,103675.0000,,Tencent_raw
2026-03-05,002168.SZ,3.9500,4.0200,3.9100,4.0200,55102.0000,,Tencent_raw
2026-03-06,002168.SZ,3.9900,4.1300,3.9500,4.0700,68467.0000,,Tencent_raw
2026-03-09,002168.SZ,4.0200,4.0900,4.0000,4.0800,47773.0000,,Tencent_raw
2026-03-10,002168.SZ,4.0800,4.1100,4.0500,4.0900,46672.0000,,Tencent_raw
2026-03-11,002168.SZ,4.0800,4.1800,3.9800,4.0400,82209.0000,,Tencent_raw
2026-03-12,002168.SZ,4.0300,4.0400,3.9900,4.0200,39814.0000,,Tencent_raw
2026-03-13,002168.SZ,4.0100,4.0300,3.9800,3.9800,35742.0000,,Tencent_raw
2026-03-16,002168.SZ,4.0200,4.1500,3.9900,4.1500,105026.0000,,Tencent_raw
2026-03-17,002168.SZ,4.1700,4.2900,4.1600,4.2000,107450.0000,,Tencent_raw
2026-03-18,002168.SZ,4.2000,4.4100,4.2000,4.3800,170630.0000,,Tencent_raw
2026-03-19,002168.SZ,4.3000,4.3500,4.2100,4.2100,121266.0000,,Tencent_raw
2026-03-20,002168.SZ,4.1800,4.1800,4.0000,4.0100,163408.0000,,Tencent_raw
2026-03-23,002168.SZ,3.9300,4.0700,3.9000,3.9200,128438.0000,,Tencent_raw
2026-03-24,002168.SZ,3.9600,4.0000,3.9200,3.9900,62483.0000,,Tencent_raw
2026-03-25,002168.SZ,4.0000,4.0800,3.9700,4.0700,59739.0000,,Tencent_raw
2026-03-26,002168.SZ,4.1000,4.1100,3.9000,3.9900,130511.0000,,Tencent_raw
2026-03-27,002168.SZ,3.8000,3.9300,3.7900,3.7900,286891.0000,,Tencent_raw
2026-03-30,002168.SZ,3.7900,3.9800,3.7800,3.9800,212506.0000,,Tencent_raw
2026-03-31,002168.SZ,4.1700,4.1800,4.1700,4.1800,145276.0000,,Tencent_raw
2026-04-01,002168.SZ,4.1600,4.1600,3.9700,3.9800,263695.0000,,Tencent_raw
2026-04-02,002168.SZ,3.9800,4.1400,3.9800,4.0200,148910.0000,,Tencent_raw
2026-04-03,002168.SZ,3.9900,4.0100,3.8700,3.9200,104419.0000,,Tencent_raw
2026-04-07,002168.SZ,3.9800,4.0600,3.9700,4.0500,92580.0000,,Tencent_raw
2026-04-08,002168.SZ,4.0700,4.1100,4.0300,4.0800,87360.0000,,Tencent_raw
2026-04-09,002168.SZ,4.0500,4.1400,4.0200,4.0400,71253.0000,,Tencent_raw
2026-04-10,002168.SZ,4.0700,4.0700,4.0100,4.0600,55416.0000,,Tencent_raw
2026-04-13,002168.SZ,4.0300,4.2000,4.0300,4.1000,105629.0000,,Tencent_raw
2026-04-14,002168.SZ,4.1200,4.1700,4.0900,4.1600,78486.0000,,Tencent_raw
2026-04-15,002168.SZ,4.1600,4.2300,4.1600,4.2000,67850.0000,,Tencent_raw
2026-04-16,002168.SZ,4.2000,4.3300,4.1900,4.2700,111086.0000,,Tencent_raw
2026-04-17,002168.SZ,4.2700,4.3000,4.1700,4.2000,84803.0000,,Tencent_raw
2026-04-20,002168.SZ,4.2500,4.2500,4.1500,4.1900,53408.0000,,Tencent_raw
2026-04-21,002168.SZ,4.1800,4.4000,4.1400,4.3700,195760.0000,,Tencent_raw
2026-04-22,002168.SZ,4.2900,4.5200,4.2800,4.4100,166832.0000,,Tencent_raw
2026-04-23,002168.SZ,4.3600,4.4800,4.3400,4.3600,101974.0000,,Tencent_raw
2026-04-24,002168.SZ,4.3500,4.4700,4.2900,4.3200,106606.0000,,Tencent_raw
2026-04-27,002168.SZ,4.2900,4.3600,4.1900,4.2600,83597.0000,,Tencent_raw
2026-04-28,002168.SZ,4.2200,4.2700,4.1700,4.2100,79915.0000,,Tencent_raw
2026-04-29,002168.SZ,4.1800,4.2600,4.1800,4.2000,62977.0000,,Tencent_raw
2026-04-30,002168.SZ,4.2300,4.3200,4.2100,4.2700,88764.0000,,Tencent_raw
2026-05-06,002168.SZ,4.2100,4.2700,4.1300,4.1800,96881.0000,,Tencent_raw
2026-05-07,002168.SZ,4.2300,4.2300,4.0800,4.0900,106506.0000,,Tencent_raw
2026-05-11,002168.SZ,4.2700,4.2900,4.2100,4.2900,49762.0000,,Tencent_raw
2026-05-12,002168.SZ,4.4200,4.4200,4.0900,4.0900,203226.0000,,Tencent_raw
2026-05-13,002168.SZ,4.0500,4.1500,4.0500,4.1000,105933.0000,,Tencent_raw
2026-05-14,002168.SZ,4.1000,4.1200,3.9700,3.9900,118084.0000,,Tencent_raw
2026-05-15,002168.SZ,4.0000,4.0600,3.9100,4.0200,83230.0000,,Tencent_raw
2026-05-18,002168.SZ,4.0000,4.0300,3.9200,3.9900,76396.0000,,Tencent_raw
2026-05-19,002168.SZ,3.9800,4.0500,3.9700,3.9800,54976.0000,,Tencent_raw
2026-05-20,002168.SZ,3.9700,4.0100,3.9300,3.9400,56996.0000,,Tencent_raw
2026-05-21,002168.SZ,3.9400,4.0000,3.9000,3.9200,64532.0000,,Tencent_raw
2026-05-22,002168.SZ,3.9300,3.9600,3.9000,3.9500,37476.0000,,Tencent_raw
2026-05-25,002168.SZ,3.9600,3.9600,3.9000,3.9200,47910.0000,,Tencent_raw
2026-05-26,002168.SZ,3.9300,3.9400,3.8100,3.8700,68765.0000,,Tencent_raw
2026-05-27,002168.SZ,3.8800,3.8900,3.7800,3.8000,58004.0000,,Tencent_raw
2026-05-28,002168.SZ,3.8100,3.8700,3.8000,3.8600,41583.0000,,Tencent_raw
2026-05-29,002168.SZ,3.8900,3.8900,3.7600,3.7600,55435.0000,,Tencent_raw
2026-06-01,002168.SZ,3.7700,3.7800,3.6800,3.7400,60847.0000,,Tencent_raw
2026-06-02,002168.SZ,3.7200,3.7500,3.5500,3.5700,189962.0000,,Tencent_raw
2026-06-03,002168.SZ,3.5600,3.7500,3.5000,3.7500,130265.0000,,Tencent_raw
2026-06-04,002168.SZ,3.7300,3.7300,3.5900,3.6000,87810.0000,,Tencent_raw
2026-06-05,002168.SZ,3.6300,3.7000,3.5500,3.6500,55798.0000,,Tencent_raw
2026-06-08,002168.SZ,3.5900,3.6600,3.5500,3.5600,49094.0000,,Tencent_raw
2026-06-09,002168.SZ,3.5700,3.6200,3.5600,3.5900,34770.0000,,Tencent_raw
2026-06-10,002168.SZ,3.5800,3.7500,3.5800,3.6500,60515.0000,,Tencent_raw
2026-06-11,002168.SZ,3.6600,3.8300,3.6200,3.7400,133824.0000,,Tencent_raw
2026-06-12,002168.SZ,3.7500,3.8100,3.7000,3.7700,71635.0000,,Tencent_raw
2026-06-15,002168.SZ,3.8100,3.9600,3.7200,3.9500,132869.0000,,Tencent_raw
2026-06-16,002168.SZ,3.9500,4.0000,3.8300,3.8400,105564.0000,,Tencent_raw
2026-06-17,002168.SZ,3.8200,3.8600,3.7300,3.7900,58856.0000,,Tencent_raw
2026-06-18,002168.SZ,3.7800,3.7800,3.6600,3.6900,44122.0000,,Tencent_raw
2026-06-22,002168.SZ,3.6900,3.7600,3.5600,3.6900,73856.0000,,Tencent_raw
2026-06-23,002168.SZ,3.6800,3.7000,3.5800,3.5900,58471.0000,,Tencent_raw
2026-06-24,002168.SZ,3.5900,3.6400,3.5700,3.6000,43713.0000,,Tencent_raw
2026-06-25,002168.SZ,3.5800,3.6100,3.5200,3.6000,42785.0000,,Tencent_raw
2026-06-26,002168.SZ,3.6100,3.7200,3.5400,3.6400,59865.0000,,Tencent_raw
2026-06-29,002168.SZ,3.6000,3.6100,3.5300,3.5500,56709.0000,,Tencent_raw
2026-06-30,002168.SZ,3.5500,3.5800,3.5200,3.5300,43279.0000,,Tencent_raw
2026-07-01,002168.SZ,3.5300,3.6200,3.5100,3.5600,50795.0000,,Tencent_raw
2026-07-02,002168.SZ,3.5600,3.6700,3.5500,3.6400,57306.0000,,Tencent_raw
2026-07-03,002168.SZ,3.6300,3.8200,3.6200,3.8200,114773.0000,,Tencent_raw
2026-07-06,002168.SZ,3.8000,3.8600,3.7300,3.7500,82833.0000,,Tencent_raw
2026-07-07,002168.SZ,3.7500,3.7900,3.6000,3.6400,66511.0000,,Tencent_raw
2026-07-08,002168.SZ,3.6400,3.6400,3.5800,3.6100,35858.0000,,Tencent_raw
2026-07-09,002168.SZ,3.6600,3.7700,3.5900,3.5900,56721.0000,,Tencent_raw
2026-07-10,002168.SZ,3.6100,3.6200,3.5500,3.5800,44562.0000,,Tencent_raw
2026-07-13,002168.SZ,3.6200,3.6200,3.5500,3.5800,40599.0000,,Tencent_raw
2026-07-14,002168.SZ,3.5800,3.5900,3.5200,3.5600,52686.0000,,Tencent_raw
2026-07-15,002168.SZ,3.6500,3.9100,3.5900,3.7100,94118.0000,,Tencent_raw
2026-07-16,002168.SZ,3.6400,3.7300,3.6200,3.6700,49325.0000,,Tencent_raw
2026-07-17,002168.SZ,3.6500,3.7100,3.5600,3.5900,57014.0000,,Tencent_raw
2026-07-20,002168.SZ,3.5600,3.6200,3.5000,3.5200,74810.0000,,Tencent_raw
2026-07-21,002168.SZ,3.4800,3.5400,3.4200,3.5000,79310.0000,,Tencent_raw
2026-07-22,002168.SZ,3.5200,3.5200,3.4100,3.4400,54843.0000,,Tencent_raw
2026-07-23,002168.SZ,3.4400,3.4800,3.4100,3.4700,30635.0000,,Tencent_raw
2026-07-24,002168.SZ,3.4700,3.6400,3.4500,3.5300,59162.0000,,Tencent_raw
2026-07-27,002168.SZ,3.5300,3.5800,3.4900,3.5400,36053.0000,,Tencent_raw
2026-07-28,002168.SZ,3.5400,3.6600,3.5100,3.6100,43058.0000,,Tencent_raw
2026-07-29,002168.SZ,3.5600,3.7200,3.5600,3.6700,59463.0000,,Tencent_raw
2026-07-30,002168.SZ,3.6700,3.6700,3.5700,3.6000,44671.0000,,Tencent_raw
2026-07-31,002168.SZ,3.5900,3.6100,3.5100,3.5200,69388.0000,,Tencent_raw
2026-08-03,002168.SZ,3.5200,3.5600,3.5000,3.5500,31471.0000,,Tencent_raw
2026-08-04,002168.SZ,3.5500,3.5800,3.5400,3.5600,25536.0000,,Tencent_raw
2026-08-05,002168.SZ,3.5600,3.8600,3.5500,3.8000,122399.0000,,Tencent_raw
2026-08-06,002168.SZ,3.6800,3.7400,3.6300,3.7100,106086.0000,,Tencent_raw
2026-08-07,002168.SZ,3.6800,3.7700,3.6700,3.7000,66470.0000,,Tencent_raw
2026-08-10,002168.SZ,3.7100,3.8100,3.6900,3.7900,86408.0000,,Tencent_raw
2026-08-11,002168.SZ,3.8800,3.8800,3.7800,3.8100,64663.0000,,Tencent_raw
2026-08-12,002168.SZ,3.8100,3.9000,3.7900,3.8700,56253.0000,,Tencent_raw
2026-08-13,002168.SZ,3.8600,4.0300,3.8600,3.9300,81904.0000,,Tencent_raw
2026-08-14,002168.SZ,3.9400,3.9800,3.8900,3.9100,63796.0000,,Tencent_raw
2026-08-17,002168.SZ,3.9100,3.9100,3.8400,3.8800,54124.0000,,Tencent_raw
2026-08-18,002168.SZ,3.8800,3.9600,3.8700,3.9200,39486.0000,,Tencent_raw
2026-08-19,002168.SZ,3.9200,3.9200,3.7600,3.7600,55761.0000,,Tencent_raw
2026-08-20,002168.SZ,3.8000,3.8700,3.7900,3.8200,40381.0000,,Tencent_raw
2026-08-21,002168.SZ,3.7700,3.8700,3.7500,3.8400,33076.0000,,Tencent_raw
2026-08-24,002168.SZ,3.8700,3.9800,3.8500,3.9700,110148.0000,,Tencent_raw
2026-08-25,002168.SZ,3.9600,4.0500,3.9500,3.9800,67104.0000,,Tencent_raw
2026-08-26,002168.SZ,3.9800,4.0200,3.9600,3.9700,35584.0000,,Tencent_raw
2026-08-27,002168.SZ,3.9600,3.9700,3.7800,3.8700,78960.0000,,Tencent_raw
2026-08-28,002168.SZ,3.8600,3.8900,3.8000,3.8700,59513.0000,,Tencent_raw
2026-08-31,002168.SZ,3.8700,3.8800,3.8200,3.8400,39914.0000,,Tencent_raw
2026-09-01,002168.SZ,3.8500,3.8600,3.7900,3.8000,39744.0000,,Tencent_raw
2026-09-02,002168.SZ,3.8200,3.8200,3.7400,3.7600,31062.0000,,Tencent_raw
2026-09-03,002168.SZ,3.7600,3.8500,3.7600,3.7700,33285.0000,,Tencent_raw
2026-09-04,002168.SZ,3.8300,3.8500,3.7600,3.7800,45604.0000,,Tencent_raw
2026-09-07,002168.SZ,3.8000,3.8200,3.7200,3.7700,32706.0000,,Tencent_raw
2026-09-08,002168.SZ,3.7700,3.8500,3.7500,3.8300,38850.0000,,Tencent_raw
2026-09-09,002168.SZ,3.8400,3.8400,3.7500,3.7800,43046.0000,,Tencent_raw
2026-09-10,002168.SZ,3.7700,3.7700,3.7200,3.7200,33712.0000,,Tencent_raw
2026-09-11,002168.SZ,3.6500,3.7100,3.6500,3.6700,31848.0000,,Tencent_raw
2026-09-14,002168.SZ,3.6700,3.6800,3.6200,3.6400,33332.0000,,Tencent_raw
2026-09-15,002168.SZ,3.6400,3.7000,3.6200,3.6600,26862.0000,,Tencent_raw
2026-09-16,002168.SZ,3.6600,3.6700,3.6200,3.6600,31223.0000,,Tencent_raw
2026-09-17,002168.SZ,3.6500,3.6700,3.6200,3.6700,23342.0000,,Tencent_raw
2026-09-18,002168.SZ,3.6600,3.7000,3.6400,3.6400,51484.0000,,Tencent_raw
2026-09-21,002168.SZ,3.6400,3.6700,3.6100,3.6600,40646.0000,,Tencent_raw
2026-09-22,002168.SZ,3.6600,3.7200,3.6200,3.6900,57082.0000,,Tencent_raw
2026-09-23,002168.SZ,3.6900,3.7000,3.5800,3.5800,58965.0000,,Tencent_raw
2026-09-24,002168.SZ,3.5800,3.6100,3.5800,3.5900,16063.0000,,Tencent_raw
2026-09-28,002168.SZ,3.5900,3.6300,3.5400,3.5500,26018.0000,,Tencent_raw
2025-09-01,002360.SZ,5.1200,5.2200,5.1200,5.2000,84486.0000,,Tencent_raw
2025-09-02,002360.SZ,5.1900,5.2000,5.0100,5.1600,133026.0000,,Tencent_raw
2025-09-03,002360.SZ,5.1600,5.1700,5.0300,5.0700,73365.0000,,Tencent_raw
2025-09-04,002360.SZ,5.0900,5.1900,5.0500,5.1300,89085.0000,,Tencent_raw
2025-09-05,002360.SZ,5.1500,5.2000,5.0800,5.1900,59293.0000,,Tencent_raw
2025-09-08,002360.SZ,5.1900,5.2600,5.1400,5.2600,72150.0000,,Tencent_raw
2025-09-09,002360.SZ,5.2500,5.3000,5.2100,5.2700,80596.0000,,Tencent_raw
2025-09-10,002360.SZ,5.2700,5.3000,5.2300,5.2800,55039.0000,,Tencent_raw
2025-09-11,002360.SZ,5.2700,5.2800,5.1900,5.2800,59784.0000,,Tencent_raw
2025-09-12,002360.SZ,5.2800,5.2900,5.2000,5.2500,57542.0000,,Tencent_raw
2025-09-15,002360.SZ,5.2600,5.2700,5.2000,5.2400,45265.0000,,Tencent_raw
2025-09-16,002360.SZ,5.2400,5.2700,5.2000,5.2700,68698.0000,,Tencent_raw
2025-09-17,002360.SZ,5.2700,5.2700,5.2100,5.2300,73899.0000,,Tencent_raw
2025-09-18,002360.SZ,5.2400,5.2400,5.0800,5.1100,81270.0000,,Tencent_raw
2025-09-19,002360.SZ,5.1200,5.1500,5.0300,5.0600,76999.0000,,Tencent_raw
2025-09-22,002360.SZ,5.0500,5.0800,4.9200,4.9400,85607.0000,,Tencent_raw
2025-09-23,002360.SZ,4.9300,4.9400,4.7000,4.8700,104423.0000,,Tencent_raw
2025-09-24,002360.SZ,4.8400,5.0100,4.8100,4.9900,79232.0000,,Tencent_raw
2025-09-25,002360.SZ,5.0000,5.0300,4.9300,4.9500,65600.0000,,Tencent_raw
2025-09-26,002360.SZ,4.9500,5.0200,4.9000,4.9600,63049.0000,,Tencent_raw
2025-09-29,002360.SZ,4.9700,5.0700,4.8700,5.0700,72935.0000,,Tencent_raw
2025-09-30,002360.SZ,5.0600,5.1200,5.0200,5.0400,49939.0000,,Tencent_raw
2025-10-09,002360.SZ,5.0600,5.1200,5.0000,5.0700,62870.0000,,Tencent_raw
2025-10-10,002360.SZ,5.0500,5.1500,5.0200,5.1200,82417.0000,,Tencent_raw
2025-10-13,002360.SZ,4.9800,5.1200,4.8800,5.1100,76752.0000,,Tencent_raw
2025-10-14,002360.SZ,5.1300,5.1700,5.0900,5.1100,69366.0000,,Tencent_raw
2025-10-15,002360.SZ,5.1300,5.2000,5.1200,5.1400,63728.0000,,Tencent_raw
2025-10-16,002360.SZ,5.1500,5.1600,5.0500,5.1100,52741.0000,,Tencent_raw
2025-10-17,002360.SZ,5.0900,5.1700,5.0600,5.0700,59814.0000,,Tencent_raw
2025-10-20,002360.SZ,5.1200,5.1400,5.0700,5.1400,53119.0000,,Tencent_raw
2025-10-21,002360.SZ,5.1500,5.2500,5.1200,5.2400,73513.0000,,Tencent_raw
2025-10-22,002360.SZ,5.2400,5.2700,5.2200,5.2600,57608.0000,,Tencent_raw
2025-10-23,002360.SZ,5.2400,5.2900,5.2000,5.2600,62431.0000,,Tencent_raw
2025-10-24,002360.SZ,5.2700,5.3000,5.2000,5.2100,63531.0000,,Tencent_raw
2025-10-27,002360.SZ,5.2400,5.2800,5.2000,5.2500,68705.0000,,Tencent_raw
2025-10-28,002360.SZ,5.2300,5.2900,5.1800,5.2600,64688.0000,,Tencent_raw
2025-10-29,002360.SZ,5.2600,5.2900,5.2000,5.2300,68403.0000,,Tencent_raw
2025-10-30,002360.SZ,5.2200,5.2500,5.1300,5.1500,63237.0000,,Tencent_raw
2025-10-31,002360.SZ,5.1500,5.2500,5.1300,5.2100,60155.0000,,Tencent_raw
2025-11-03,002360.SZ,5.2200,5.2900,5.1900,5.2600,84375.0000,,Tencent_raw
2025-11-04,002360.SZ,5.3000,5.3400,5.2400,5.3200,92149.0000,,Tencent_raw
2025-11-05,002360.SZ,5.3000,5.4000,5.2800,5.3700,74907.0000,,Tencent_raw
2025-11-06,002360.SZ,5.3800,5.4100,5.3200,5.3800,81511.0000,,Tencent_raw
2025-11-07,002360.SZ,5.3900,5.4300,5.3500,5.4100,82173.0000,,Tencent_raw
2025-11-10,002360.SZ,5.4200,5.9500,5.4200,5.5800,377306.0000,,Tencent_raw
2025-11-11,002360.SZ,5.5800,5.6300,5.5000,5.5800,289004.0000,,Tencent_raw
2025-11-12,002360.SZ,5.5800,5.6000,5.4500,5.4700,153154.0000,,Tencent_raw
2025-11-13,002360.SZ,5.4800,5.5700,5.4700,5.5400,131449.0000,,Tencent_raw
2025-11-14,002360.SZ,5.5100,5.6400,5.5100,5.5800,148760.0000,,Tencent_raw
2025-11-17,002360.SZ,5.6000,5.6600,5.5100,5.6300,122393.0000,,Tencent_raw
2025-11-18,002360.SZ,5.6400,5.6500,5.4700,5.5400,115434.0000,,Tencent_raw
2025-11-19,002360.SZ,5.5300,5.5600,5.3700,5.4500,117871.0000,,Tencent_raw
2025-11-20,002360.SZ,5.4500,5.5100,5.3600,5.3900,101341.0000,,Tencent_raw
2025-11-21,002360.SZ,5.3500,5.4200,5.0100,5.0300,156489.0000,,Tencent_raw
2025-11-24,002360.SZ,5.1000,5.1300,5.0000,5.1000,142341.0000,,Tencent_raw
2025-11-25,002360.SZ,5.1200,5.2700,5.0800,5.2100,113841.0000,,Tencent_raw
2025-11-26,002360.SZ,5.2100,5.3000,5.1200,5.1400,77772.0000,,Tencent_raw
2025-11-27,002360.SZ,5.1200,5.2400,5.0500,5.2200,93781.0000,,Tencent_raw
2025-11-28,002360.SZ,5.2000,5.3100,5.1500,5.3000,68260.0000,,Tencent_raw
2025-12-01,002360.SZ,5.2900,5.3900,5.2200,5.2700,83922.0000,,Tencent_raw
2025-12-02,002360.SZ,5.2700,5.2800,5.1500,5.2600,84710.0000,,Tencent_raw
2025-12-03,002360.SZ,5.2400,5.2600,5.1500,5.2000,73321.0000,,Tencent_raw
2025-12-04,002360.SZ,5.2100,5.2200,5.0300,5.0500,81853.0000,,Tencent_raw
2025-12-05,002360.SZ,5.0500,5.2000,4.9800,5.1700,88305.0000,,Tencent_raw
2025-12-08,002360.SZ,5.1700,5.2600,5.1400,5.2000,92821.0000,,Tencent_raw
2025-12-09,002360.SZ,5.2300,5.2300,5.0800,5.1100,73891.0000,,Tencent_raw
2025-12-10,002360.SZ,5.1100,5.1400,4.9900,5.0000,103102.0000,,Tencent_raw
2025-12-11,002360.SZ,5.0200,5.0300,4.7900,4.8100,135852.0000,,Tencent_raw
2025-12-12,002360.SZ,4.8200,4.8700,4.6800,4.6900,120906.0000,,Tencent_raw
2025-12-15,002360.SZ,4.6800,4.8900,4.6100,4.7900,124415.0000,,Tencent_raw
2025-12-16,002360.SZ,4.7900,4.8200,4.6600,4.6900,93880.0000,,Tencent_raw
2025-12-17,002360.SZ,4.7000,4.7400,4.5400,4.7200,96243.0000,,Tencent_raw
2025-12-18,002360.SZ,4.7200,4.8900,4.6900,4.8200,95933.0000,,Tencent_raw
2025-12-19,002360.SZ,4.8200,5.0300,4.8000,4.9900,110882.0000,,Tencent_raw
2025-12-22,002360.SZ,5.1100,5.2200,5.0100,5.0500,190056.0000,,Tencent_raw
2025-12-23,002360.SZ,5.0100,5.0500,4.7900,4.8900,169045.0000,,Tencent_raw
2025-12-24,002360.SZ,4.8900,4.9800,4.8200,4.9300,93240.0000,,Tencent_raw
2025-12-25,002360.SZ,4.9400,4.9800,4.9000,4.9400,80913.0000,,Tencent_raw
2025-12-26,002360.SZ,4.9300,5.0200,4.9000,4.9100,98728.0000,,Tencent_raw
2025-12-29,002360.SZ,4.9200,4.9700,4.8500,4.9400,122345.0000,,Tencent_raw
2025-12-30,002360.SZ,4.9400,4.9500,4.7800,4.8800,107486.0000,,Tencent_raw
2025-12-31,002360.SZ,4.8800,4.9100,4.7300,4.8400,82580.0000,,Tencent_raw
2026-01-05,002360.SZ,4.8400,4.8700,4.7800,4.7900,128858.0000,,Tencent_raw
2026-01-06,002360.SZ,4.8000,4.9300,4.7800,4.8900,148729.0000,,Tencent_raw
2026-01-07,002360.SZ,4.8900,4.9300,4.8000,4.8200,105896.0000,,Tencent_raw
2026-01-08,002360.SZ,4.8300,5.0100,4.7800,5.0000,137045.0000,,Tencent_raw
2026-01-09,002360.SZ,5.0000,5.0400,4.9300,4.9600,119262.0000,,Tencent_raw
2026-01-12,002360.SZ,4.9700,5.0300,4.9300,4.9700,91751.0000,,Tencent_raw
2026-01-13,002360.SZ,4.9800,5.0300,4.9200,4.9800,123772.0000,,Tencent_raw
2026-01-14,002360.SZ,4.9800,5.0000,4.8600,4.9200,120534.0000,,Tencent_raw
2026-01-15,002360.SZ,4.8900,5.3500,4.8900,5.0300,173640.0000,,Tencent_raw
2026-01-16,002360.SZ,5.1000,5.1200,4.9300,4.9600,117705.0000,,Tencent_raw
2026-01-19,002360.SZ,4.9300,5.1000,4.9200,5.0900,125568.0000,,Tencent_raw
2026-01-20,002360.SZ,5.0900,5.1400,5.0500,5.1100,96723.0000,,Tencent_raw
2026-01-21,002360.SZ,5.1200,5.2400,5.0700,5.2000,128709.0000,,Tencent_raw
2026-01-22,002360.SZ,5.2000,5.3500,5.1700,5.3500,130112.0000,,Tencent_raw
2026-01-23,002360.SZ,5.3300,5.3900,5.2800,5.3500,99568.0000,,Tencent_raw
2026-01-26,002360.SZ,5.3500,5.4400,5.2100,5.3000,143724.0000,,Tencent_raw
2026-01-27,002360.SZ,5.2800,5.2800,5.0900,5.2300,150733.0000,,Tencent_raw
2026-01-28,002360.SZ,5.2000,5.2800,5.1700,5.2000,115850.0000,,Tencent_raw
2026-01-29,002360.SZ,5.1600,5.2500,5.0700,5.1500,120611.0000,,Tencent_raw
2026-01-30,002360.SZ,5.1500,5.2500,5.0800,5.2500,130096.0000,,Tencent_raw
2026-02-02,002360.SZ,4.9900,5.2100,4.9800,5.0500,217740.0000,,Tencent_raw
2026-02-03,002360.SZ,5.1400,5.2600,5.0900,5.2200,214257.0000,,Tencent_raw
2026-02-04,002360.SZ,5.2400,5.3400,5.1700,5.3200,135829.0000,,Tencent_raw
2026-02-05,002360.SZ,5.3000,5.3900,5.2600,5.3000,97247.0000,,Tencent_raw
2026-02-06,002360.SZ,5.2900,5.4200,5.2400,5.3400,133385.0000,,Tencent_raw
2026-02-09,002360.SZ,5.4000,5.4500,5.3500,5.3800,116251.0000,,Tencent_raw
2026-02-10,002360.SZ,5.4100,5.4500,5.3500,5.4100,115998.0000,,Tencent_raw
2026-02-11,002360.SZ,5.4900,5.8400,5.4900,5.6000,406366.0000,,Tencent_raw
2026-02-12,002360.SZ,5.8400,5.9500,5.6200,5.7400,414393.0000,,Tencent_raw
2026-02-13,002360.SZ,5.8000,6.0000,5.6500,5.8200,304514.0000,,Tencent_raw
2026-02-24,002360.SZ,5.8200,5.8700,5.5900,5.6800,249003.0000,,Tencent_raw
2026-02-25,002360.SZ,5.8000,5.9000,5.7400,5.8500,245926.0000,,Tencent_raw
2026-02-26,002360.SZ,5.9000,5.9800,5.7900,5.8000,190040.0000,,Tencent_raw
2026-02-27,002360.SZ,5.8100,5.9800,5.7200,5.8500,164330.0000,,Tencent_raw
2026-03-02,002360.SZ,5.8000,5.8000,5.5600,5.6400,224029.0000,,Tencent_raw
2026-03-03,002360.SZ,5.6400,5.6600,5.4600,5.4800,185107.0000,,Tencent_raw
2026-03-04,002360.SZ,5.4100,5.5700,5.3300,5.4800,174279.0000,,Tencent_raw
2026-03-05,002360.SZ,5.5600,5.6300,5.3700,5.5300,164098.0000,,Tencent_raw
2026-03-06,002360.SZ,5.5200,5.8100,5.4900,5.8000,170816.0000,,Tencent_raw
2026-03-09,002360.SZ,5.7300,5.9700,5.7300,5.7900,173317.0000,,Tencent_raw
2026-03-10,002360.SZ,5.8400,5.9700,5.7800,5.9200,175520.0000,,Tencent_raw
2026-03-11,002360.SZ,5.9300,6.0500,5.8700,6.0100,189520.0000,,Tencent_raw
2026-03-12,002360.SZ,6.0600,6.6100,6.0100,6.4300,548471.0000,,Tencent_raw
2026-03-13,002360.SZ,6.6000,6.8400,6.4000,6.6900,565075.0000,,Tencent_raw
2026-03-16,002360.SZ,6.5600,6.7000,6.4700,6.6300,401517.0000,,Tencent_raw
2026-03-17,002360.SZ,6.6400,6.8900,6.5200,6.5400,328816.0000,,Tencent_raw
2026-03-18,002360.SZ,6.5000,6.6000,6.3600,6.4800,253233.0000,,Tencent_raw
2026-03-19,002360.SZ,6.5000,6.5200,5.9500,6.0100,266531.0000,,Tencent_raw
2026-03-20,002360.SZ,6.1200,6.2600,5.9600,6.1300,236669.0000,,Tencent_raw
2026-03-23,002360.SZ,6.0200,6.2900,5.8500,5.9700,355498.0000,,Tencent_raw
2026-03-24,002360.SZ,6.0900,6.4500,5.9500,6.4400,260315.0000,,Tencent_raw
2026-03-25,002360.SZ,6.4400,6.7000,6.4000,6.5600,236387.0000,,Tencent_raw
2026-03-26,002360.SZ,6.5300,6.6500,6.4400,6.5500,172341.0000,,Tencent_raw
2026-03-27,002360.SZ,6.4800,6.6500,6.4000,6.5700,135217.0000,,Tencent_raw
2026-03-30,002360.SZ,6.4800,6.5700,6.2400,6.4300,183053.0000,,Tencent_raw
2026-03-31,002360.SZ,6.4800,6.5000,6.3200,6.3700,131205.0000,,Tencent_raw
2026-04-01,002360.SZ,6.4900,6.4900,6.3100,6.3900,102270.0000,,Tencent_raw
2026-04-02,002360.SZ,6.3900,6.4400,6.2500,6.3100,102308.0000,,Tencent_raw
2026-04-03,002360.SZ,6.3200,6.4200,6.1600,6.1600,124763.0000,,Tencent_raw
2026-04-07,002360.SZ,6.2100,6.7000,6.1500,6.6600,277752.0000,,Tencent_raw
2026-04-08,002360.SZ,6.6800,6.6800,6.4100,6.5500,219075.0000,,Tencent_raw
2026-04-09,002360.SZ,6.5200,6.7400,6.5000,6.5400,186696.0000,,Tencent_raw
2026-04-10,002360.SZ,6.5500,6.6000,6.4300,6.4800,134169.0000,,Tencent_raw
2026-04-13,002360.SZ,6.4900,6.6500,6.4100,6.4900,139210.0000,,Tencent_raw
2026-04-14,002360.SZ,6.5500,6.7800,6.4300,6.7500,231800.0000,,Tencent_raw
2026-04-15,002360.SZ,6.8700,6.9000,6.6600,6.7500,173905.0000,,Tencent_raw
2026-04-16,002360.SZ,6.6800,6.7000,6.1500,6.5500,378985.0000,,Tencent_raw
2026-04-17,002360.SZ,6.5800,6.6500,6.2500,6.3500,209525.0000,,Tencent_raw
2026-04-20,002360.SZ,6.5600,6.5600,6.2300,6.4000,142880.0000,,Tencent_raw
2026-04-21,002360.SZ,6.3500,6.4800,6.2100,6.2900,116543.0000,,Tencent_raw
2026-04-22,002360.SZ,6.8000,6.9200,6.4000,6.9200,354660.0000,,Tencent_raw
2026-04-23,002360.SZ,6.9200,6.9900,6.2800,6.4000,641381.0000,,Tencent_raw
2026-04-24,002360.SZ,6.2000,6.2200,5.8400,6.0200,402255.0000,,Tencent_raw
2026-04-27,002360.SZ,5.9600,6.4900,5.7900,6.2900,393136.0000,,Tencent_raw
2026-04-29,002360.SZ,5.9800,6.0900,5.9800,5.9800,530412.0000,,Tencent_raw
2026-04-30,002360.SZ,6.0000,6.2800,5.7300,6.2200,424144.0000,,Tencent_raw
2026-05-06,002360.SZ,6.2900,6.4500,6.0000,6.1600,252898.0000,,Tencent_raw
2026-05-07,002360.SZ,6.1000,6.2500,6.0100,6.0400,142221.0000,,Tencent_raw
2026-05-08,002360.SZ,6.1700,6.3400,6.0700,6.2200,221021.0000,,Tencent_raw
2026-05-11,002360.SZ,6.1200,6.3800,6.1200,6.2900,188333.0000,,Tencent_raw
2026-05-12,002360.SZ,6.2500,6.3900,6.0900,6.3000,182850.0000,,Tencent_raw
2026-05-13,002360.SZ,6.1800,6.3100,6.1400,6.2200,174572.0000,,Tencent_raw
2026-05-14,002360.SZ,6.1300,6.2400,6.0400,6.0900,137263.0000,,Tencent_raw
2026-05-15,002360.SZ,6.1000,6.1400,6.0000,6.0400,108231.0000,,Tencent_raw
2026-05-18,002360.SZ,6.3300,6.3400,6.1600,6.3400,339189.0000,,Tencent_raw
2026-05-19,002360.SZ,6.3500,6.4900,6.1200,6.2600,307050.0000,,Tencent_raw
2026-05-20,002360.SZ,6.2600,6.4600,6.2000,6.2700,204328.0000,,Tencent_raw
2026-05-21,002360.SZ,6.2700,6.3600,6.0500,6.0700,146792.0000,,Tencent_raw
2026-05-22,002360.SZ,6.0900,6.1800,6.0700,6.1500,76877.0000,,Tencent_raw
2026-05-25,002360.SZ,6.1500,6.2000,5.9200,5.9700,109235.0000,,Tencent_raw
2026-05-26,002360.SZ,5.9400,5.9700,5.6700,5.8900,126282.0000,,Tencent_raw
2026-05-27,002360.SZ,5.9000,6.1200,5.8000,5.8400,92269.0000,,Tencent_raw
2026-05-28,002360.SZ,5.8300,6.0700,5.8200,6.0400,82148.0000,,Tencent_raw
2026-05-29,002360.SZ,6.0800,6.1500,5.9700,6.0600,86165.0000,,Tencent_raw
2026-06-01,002360.SZ,6.0600,6.1100,6.0300,6.0900,56918.0000,,Tencent_raw
2026-06-02,002360.SZ,6.0800,6.3900,6.0800,6.2800,122356.0000,,Tencent_raw
2026-06-03,002360.SZ,6.2800,6.3900,6.0900,6.1400,94207.0000,,Tencent_raw
2026-06-04,002360.SZ,6.0100,6.1700,6.0000,6.0300,69084.0000,,Tencent_raw
2026-06-05,002360.SZ,6.0600,6.0600,5.8600,5.9000,100074.0000,,Tencent_raw
2026-06-08,002360.SZ,5.7300,5.8800,5.7000,5.7600,78701.0000,,Tencent_raw
2026-06-09,002360.SZ,5.7700,5.9100,5.5500,5.8300,65408.0000,,Tencent_raw
2026-06-10,002360.SZ,5.8000,5.8200,5.5400,5.5700,77132.0000,,Tencent_raw
2026-06-11,002360.SZ,5.4200,5.5800,5.2900,5.3900,75855.0000,,Tencent_raw
2026-06-12,002360.SZ,5.4000,5.5800,5.2800,5.4800,82318.0000,,Tencent_raw
2026-06-15,002360.SZ,5.5000,5.6400,5.4500,5.5000,65389.0000,,Tencent_raw
2026-06-16,002360.SZ,5.4600,5.5100,5.3100,5.4700,50381.0000,,Tencent_raw
2026-06-17,002360.SZ,5.4600,5.5000,5.2100,5.3100,91012.0000,,Tencent_raw
2026-06-18,002360.SZ,5.2800,5.4100,5.2100,5.3300,74845.0000,,Tencent_raw
2026-06-22,002360.SZ,5.2200,5.2300,5.0600,5.1100,119613.0000,,Tencent_raw
2026-06-23,002360.SZ,5.1500,5.2500,5.1000,5.1100,74063.0000,,Tencent_raw
2026-06-24,002360.SZ,5.1200,5.2900,5.0200,5.2300,66663.0000,,Tencent_raw
2026-06-25,002360.SZ,5.1500,5.1900,4.9700,4.9700,80697.0000,,Tencent_raw
2026-06-26,002360.SZ,4.9300,4.9300,4.7200,4.7200,43846.0000,,Tencent_raw
2026-06-29,002360.SZ,4.6200,4.6700,4.4800,4.4800,80824.0000,,Tencent_raw
2026-06-30,002360.SZ,4.3000,4.7000,4.3000,4.7000,58465.0000,,Tencent_raw
2026-07-01,002360.SZ,4.8900,4.9400,4.8400,4.9400,19444.0000,,Tencent_raw
2026-07-02,002360.SZ,5.1900,5.1900,5.0100,5.1900,70080.0000,,Tencent_raw
2026-07-03,002360.SZ,5.4400,5.4500,5.3600,5.4500,39812.0000,,Tencent_raw
2026-07-06,002360.SZ,5.6300,5.7200,5.2900,5.3100,123547.0000,,Tencent_raw
2026-07-07,002360.SZ,5.3100,5.3600,4.9700,5.0300,69231.0000,,Tencent_raw
2026-07-08,002360.SZ,4.9900,5.2100,4.9200,5.1800,62403.0000,,Tencent_raw
2026-07-09,002360.SZ,5.1400,5.2900,5.0900,5.1300,51440.0000,,Tencent_raw
2026-07-10,002360.SZ,5.1100,5.2300,5.0800,5.1900,33096.0000,,Tencent_raw
2026-07-13,002360.SZ,5.1600,5.5100,5.1500,5.2500,62170.0000,,Tencent_raw
2026-07-14,002360.SZ,5.3000,5.6000,5.1300,5.6000,70192.0000,,Tencent_raw
2026-07-15,002360.SZ,5.5500,6.0400,5.4600,5.8900,123065.0000,,Tencent_raw
2026-07-16,002360.SZ,5.9000,5.9800,5.6100,5.6900,70251.0000,,Tencent_raw
2026-07-17,002360.SZ,5.6000,5.8000,5.4000,5.6300,73400.0000,,Tencent_raw
2026-07-20,002360.SZ,5.5000,5.5000,5.0700,5.0700,87644.0000,,Tencent_raw
2026-07-21,002360.SZ,5.0000,5.0000,4.5600,4.7000,85612.0000,,Tencent_raw
2026-07-22,002360.SZ,4.6500,5.0800,4.6500,4.9800,60242.0000,,Tencent_raw
2026-07-23,002360.SZ,5.0000,5.1000,4.9000,4.9900,47721.0000,,Tencent_raw
2026-07-24,002360.SZ,4.9600,5.0200,4.8800,4.8800,31613.0000,,Tencent_raw
2026-07-27,002360.SZ,4.8400,4.9500,4.7600,4.8600,35774.0000,,Tencent_raw
2026-07-28,002360.SZ,4.8200,5.1000,4.8100,4.8600,58010.0000,,Tencent_raw
2026-07-29,002360.SZ,4.8600,4.8800,4.7500,4.8600,44550.0000,,Tencent_raw
2026-07-30,002360.SZ,4.8200,4.8800,4.6800,4.7500,44315.0000,,Tencent_raw
2026-07-31,002360.SZ,4.7400,4.8700,4.7400,4.8400,50208.0000,,Tencent_raw
2026-08-03,002360.SZ,4.8400,5.1100,4.8400,5.0800,66739.0000,,Tencent_raw
2026-08-04,002360.SZ,5.0800,5.2600,5.0800,5.1900,50518.0000,,Tencent_raw
2026-08-05,002360.SZ,5.1800,5.3400,5.1400,5.1700,53271.0000,,Tencent_raw
2026-08-06,002360.SZ,5.1500,5.2100,5.1300,5.1900,31897.0000,,Tencent_raw
2026-08-07,002360.SZ,5.2100,5.3800,5.1000,5.2700,45831.0000,,Tencent_raw
2026-08-10,002360.SZ,5.3600,5.5300,5.2200,5.4600,60474.0000,,Tencent_raw
2026-08-11,002360.SZ,5.5600,5.5600,5.2800,5.3100,47167.0000,,Tencent_raw
2026-08-12,002360.SZ,5.3200,5.5300,5.3200,5.4800,52125.0000,,Tencent_raw
2026-08-13,002360.SZ,5.5000,5.5800,5.4100,5.4100,48011.0000,,Tencent_raw
2026-08-14,002360.SZ,5.4900,5.4900,5.3700,5.4400,31323.0000,,Tencent_raw
2026-08-17,002360.SZ,5.4400,5.5800,5.4300,5.5100,45928.0000,,Tencent_raw
2026-08-18,002360.SZ,5.5100,5.5800,5.4500,5.5000,34972.0000,,Tencent_raw
2026-08-19,002360.SZ,5.4500,5.4900,5.3000,5.3100,37888.0000,,Tencent_raw
2026-08-20,002360.SZ,5.3100,5.4900,5.3100,5.4100,25761.0000,,Tencent_raw
2026-08-21,002360.SZ,5.4300,5.8200,5.3400,5.7700,46048.0000,,Tencent_raw
2026-08-24,002360.SZ,5.7700,5.8800,5.6100,5.7100,61609.0000,,Tencent_raw
2026-08-25,002360.SZ,5.6600,5.7300,5.5800,5.7100,33937.0000,,Tencent_raw
2026-08-26,002360.SZ,5.7100,5.8800,5.6800,5.8200,38231.0000,,Tencent_raw
2026-08-27,002360.SZ,5.8200,5.8600,5.7800,5.7900,29179.0000,,Tencent_raw
2026-08-28,002360.SZ,5.7800,5.8700,5.6400,5.8200,36808.0000,,Tencent_raw
2026-08-31,002360.SZ,5.7900,5.7900,5.6800,5.6800,35211.0000,,Tencent_raw
2026-09-01,002360.SZ,5.7400,5.9800,5.6700,5.8700,57397.0000,,Tencent_raw
2026-09-02,002360.SZ,5.8700,5.9100,5.7600,5.8500,31434.0000,,Tencent_raw
2026-09-03,002360.SZ,5.8000,5.8700,5.7400,5.7800,27848.0000,,Tencent_raw
2026-09-04,002360.SZ,5.8100,5.8200,5.7000,5.7200,28314.0000,,Tencent_raw
2026-09-07,002360.SZ,5.6900,5.6900,5.6000,5.6200,42812.0000,,Tencent_raw
2026-09-08,002360.SZ,5.5800,5.6200,5.5100,5.5500,34589.0000,,Tencent_raw
2026-09-09,002360.SZ,5.5500,5.7200,5.5400,5.6100,42708.0000,,Tencent_raw
2026-09-10,002360.SZ,5.6700,5.7400,5.6000,5.7000,38842.0000,,Tencent_raw
2026-09-11,002360.SZ,5.6700,5.6800,5.5400,5.6100,45226.0000,,Tencent_raw
2026-09-14,002360.SZ,5.5800,5.6000,5.5100,5.5100,30800.0000,,Tencent_raw
2026-09-15,002360.SZ,5.5100,5.5100,5.3600,5.4100,33349.0000,,Tencent_raw
2026-09-16,002360.SZ,5.4100,5.6900,5.3700,5.6700,40071.0000,,Tencent_raw
2026-09-17,002360.SZ,5.7200,5.9500,5.6000,5.8300,78431.0000,,Tencent_raw
2026-09-18,002360.SZ,5.2500,5.7000,5.2500,5.3300,188620.0000,,Tencent_raw
2026-09-21,002360.SZ,5.2700,5.6900,5.0400,5.5100,145140.0000,,Tencent_raw
2026-09-22,002360.SZ,5.4800,5.5700,5.3400,5.3900,73935.0000,,Tencent_raw
2026-09-23,002360.SZ,5.3000,5.4700,5.3000,5.3400,42865.0000,,Tencent_raw
2026-09-24,002360.SZ,5.7200,5.8300,5.4300,5.5000,111992.0000,,Tencent_raw
2026-09-28,002360.SZ,5.6000,5.7800,5.5200,5.5800,87757.0000,,Tencent_raw
2025-09-01,002528.SZ,2.9400,2.9600,2.9200,2.9400,133270.0000,,Tencent_raw
2025-09-02,002528.SZ,2.9400,2.9400,2.8500,2.8700,157776.0000,,Tencent_raw
2025-09-03,002528.SZ,2.8900,2.9300,2.8600,2.8700,98760.0000,,Tencent_raw
2025-09-04,002528.SZ,2.8700,2.8800,2.8200,2.8600,113969.0000,,Tencent_raw
2025-09-05,002528.SZ,2.8600,2.8900,2.8400,2.8900,90561.0000,,Tencent_raw
2025-09-08,002528.SZ,2.8800,2.9200,2.8700,2.9200,103392.0000,,Tencent_raw
2025-09-09,002528.SZ,2.9500,2.9500,2.8900,2.9000,89573.0000,,Tencent_raw
2025-09-10,002528.SZ,2.8900,2.9000,2.8700,2.8800,78181.0000,,Tencent_raw
2025-09-11,002528.SZ,2.8600,2.8900,2.8500,2.8900,83279.0000,,Tencent_raw
2025-09-12,002528.SZ,2.8900,2.9400,2.8800,2.9400,151811.0000,,Tencent_raw
2025-09-15,002528.SZ,2.9200,2.9200,2.8800,2.8800,131288.0000,,Tencent_raw
2025-09-16,002528.SZ,2.8800,2.9000,2.8700,2.9000,78972.0000,,Tencent_raw
2025-09-17,002528.SZ,2.9000,2.9200,2.8800,2.9000,99377.0000,,Tencent_raw
2025-09-18,002528.SZ,2.9000,2.9000,2.8400,2.8500,117358.0000,,Tencent_raw
2025-09-19,002528.SZ,2.8500,2.8700,2.8400,2.8500,65875.0000,,Tencent_raw
2025-09-22,002528.SZ,2.8500,2.8500,2.7100,2.7500,159287.0000,,Tencent_raw
2025-09-23,002528.SZ,2.7400,2.7500,2.6100,2.6500,150184.0000,,Tencent_raw
2025-09-24,002528.SZ,2.6400,2.7400,2.6200,2.7200,93816.0000,,Tencent_raw
2025-09-25,002528.SZ,2.7300,2.7400,2.6900,2.6900,69564.0000,,Tencent_raw
2025-09-26,002528.SZ,2.7000,2.8200,2.6800,2.8200,197362.0000,,Tencent_raw
2025-09-29,002528.SZ,2.8000,2.8600,2.7400,2.8300,175666.0000,,Tencent_raw
2025-09-30,002528.SZ,2.8300,2.8600,2.8000,2.8300,117823.0000,,Tencent_raw
2025-10-09,002528.SZ,2.8300,2.8500,2.7900,2.8100,92820.0000,,Tencent_raw
2025-10-10,002528.SZ,2.8100,2.8700,2.7800,2.8200,81982.0000,,Tencent_raw
2025-10-13,002528.SZ,2.7400,2.8000,2.7100,2.8000,86164.0000,,Tencent_raw
2025-10-14,002528.SZ,2.8100,2.8300,2.7700,2.7800,92283.0000,,Tencent_raw
2025-10-15,002528.SZ,2.7800,2.8000,2.7600,2.8000,70688.0000,,Tencent_raw
2025-10-16,002528.SZ,2.8200,2.9400,2.8000,2.9400,225135.0000,,Tencent_raw
2025-10-17,002528.SZ,2.9300,3.0900,2.9000,2.9300,413110.0000,,Tencent_raw
2025-10-20,002528.SZ,2.9400,3.0000,2.8600,2.9600,197049.0000,,Tencent_raw
2025-10-21,002528.SZ,2.9500,3.0900,2.9300,3.0200,219701.0000,,Tencent_raw
2025-10-22,002528.SZ,3.0200,3.0900,2.9900,3.0000,142233.0000,,Tencent_raw
2025-10-23,002528.SZ,3.1500,3.1500,3.1500,3.1500,68847.0000,,Tencent_raw
2025-10-24,002528.SZ,3.3100,3.3100,3.1700,3.2100,540517.0000,,Tencent_raw
2025-10-27,002528.SZ,3.1600,3.2300,3.0500,3.0500,404349.0000,,Tencent_raw
2025-10-28,002528.SZ,3.1200,3.2000,3.0700,3.2000,141595.0000,,Tencent_raw
2025-10-29,002528.SZ,3.1200,3.1700,3.0500,3.0700,334026.0000,,Tencent_raw
2025-10-30,002528.SZ,3.0300,3.1200,3.0200,3.0300,184610.0000,,Tencent_raw
2025-10-31,002528.SZ,3.0500,3.1000,2.9900,3.0600,131162.0000,,Tencent_raw
2025-11-03,002528.SZ,3.0700,3.2000,3.0400,3.1500,205903.0000,,Tencent_raw
2025-11-04,002528.SZ,3.1400,3.3100,3.1300,3.2300,510094.0000,,Tencent_raw
2025-11-05,002528.SZ,3.2000,3.2200,3.1100,3.1600,330419.0000,,Tencent_raw
2025-11-06,002528.SZ,3.1600,3.1800,3.0900,3.1300,214347.0000,,Tencent_raw
2025-11-07,002528.SZ,3.1200,3.1600,3.0900,3.1100,141807.0000,,Tencent_raw
2025-11-10,002528.SZ,3.0900,3.1800,3.0900,3.1400,134445.0000,,Tencent_raw
2025-11-11,002528.SZ,3.1500,3.1700,3.1200,3.1500,122044.0000,,Tencent_raw
2025-11-12,002528.SZ,3.1500,3.2400,3.1400,3.1600,170986.0000,,Tencent_raw
2025-11-13,002528.SZ,3.1500,3.2100,3.0400,3.2000,171219.0000,,Tencent_raw
2025-11-14,002528.SZ,3.1800,3.3600,3.1800,3.3000,339116.0000,,Tencent_raw
2025-11-17,002528.SZ,3.2800,3.4600,3.2500,3.2700,246352.0000,,Tencent_raw
2025-11-18,002528.SZ,3.2500,3.4300,3.2500,3.3800,442376.0000,,Tencent_raw
2025-11-19,002528.SZ,3.3900,3.4200,3.2100,3.2300,378851.0000,,Tencent_raw
2025-11-20,002528.SZ,3.2100,3.2400,3.1100,3.1600,232478.0000,,Tencent_raw
2025-11-21,002528.SZ,3.1200,3.1800,3.0200,3.0300,200451.0000,,Tencent_raw
2025-11-24,002528.SZ,3.0500,3.1100,3.0000,3.0800,132126.0000,,Tencent_raw
2025-11-25,002528.SZ,3.0800,3.1300,3.0800,3.1100,94928.0000,,Tencent_raw
2025-11-26,002528.SZ,3.1000,3.2700,3.0900,3.1800,192361.0000,,Tencent_raw
2025-11-27,002528.SZ,3.1500,3.1800,3.0900,3.1000,124599.0000,,Tencent_raw
2025-11-28,002528.SZ,3.1100,3.1200,3.0700,3.0900,99587.0000,,Tencent_raw
2025-12-01,002528.SZ,3.0700,3.1000,3.0700,3.0900,91753.0000,,Tencent_raw
2025-12-02,002528.SZ,3.0800,3.0900,3.0300,3.0400,87303.0000,,Tencent_raw
2025-12-03,002528.SZ,3.0300,3.0800,3.0100,3.0200,78156.0000,,Tencent_raw
2025-12-04,002528.SZ,3.0300,3.0400,2.8800,2.9200,139110.0000,,Tencent_raw
2025-12-05,002528.SZ,2.9300,2.9800,2.8700,2.9300,115968.0000,,Tencent_raw
2025-12-08,002528.SZ,2.9400,2.9500,2.9100,2.9300,81839.0000,,Tencent_raw
2025-12-09,002528.SZ,2.9000,2.9300,2.8300,2.8600,118913.0000,,Tencent_raw
2025-12-10,002528.SZ,2.9200,3.0000,2.8800,2.9500,130682.0000,,Tencent_raw
2025-12-11,002528.SZ,2.9300,2.9500,2.8700,2.8900,83901.0000,,Tencent_raw
2025-12-12,002528.SZ,2.8800,2.9100,2.8700,2.8900,46540.0000,,Tencent_raw
2025-12-15,002528.SZ,2.8800,2.9000,2.8500,2.8800,44862.0000,,Tencent_raw
2025-12-16,002528.SZ,2.8600,2.8900,2.8000,2.8200,66782.0000,,Tencent_raw
2025-12-17,002528.SZ,2.8300,2.8500,2.7400,2.8300,77386.0000,,Tencent_raw
2025-12-18,002528.SZ,2.8100,2.8600,2.8100,2.8400,39945.0000,,Tencent_raw
2025-12-19,002528.SZ,2.8500,2.8900,2.8300,2.8500,85614.0000,,Tencent_raw
2025-12-22,002528.SZ,2.8500,2.9200,2.8400,2.9000,71228.0000,,Tencent_raw
2025-12-23,002528.SZ,2.9200,2.9300,2.8700,2.8800,62766.0000,,Tencent_raw
2025-12-24,002528.SZ,2.8500,2.8900,2.8500,2.8800,52670.0000,,Tencent_raw
2025-12-25,002528.SZ,2.8700,2.9000,2.8700,2.8900,55799.0000,,Tencent_raw
2025-12-26,002528.SZ,2.8700,2.8900,2.8500,2.8600,62964.0000,,Tencent_raw
2025-12-29,002528.SZ,2.8600,2.8600,2.7700,2.7800,98993.0000,,Tencent_raw
2025-12-30,002528.SZ,2.7600,2.7600,2.7000,2.7500,95687.0000,,Tencent_raw
2025-12-31,002528.SZ,2.7300,2.7700,2.6500,2.6800,141320.0000,,Tencent_raw
2026-01-05,002528.SZ,2.6700,2.7000,2.6600,2.6900,62209.0000,,Tencent_raw
2026-01-06,002528.SZ,2.6800,2.7700,2.6800,2.7600,102648.0000,,Tencent_raw
2026-01-07,002528.SZ,2.7700,2.8300,2.7600,2.7700,84999.0000,,Tencent_raw
2026-01-08,002528.SZ,2.7600,2.7600,2.7300,2.7500,86961.0000,,Tencent_raw
2026-01-09,002528.SZ,2.7500,2.8200,2.7200,2.8000,131946.0000,,Tencent_raw
2026-01-12,002528.SZ,2.7900,2.9000,2.7800,2.8600,135252.0000,,Tencent_raw
2026-01-13,002528.SZ,2.8600,2.8700,2.8000,2.8100,102223.0000,,Tencent_raw
2026-01-14,002528.SZ,2.8000,2.8400,2.7900,2.8300,82770.0000,,Tencent_raw
2026-01-15,002528.SZ,2.8100,2.8600,2.8000,2.8100,68462.0000,,Tencent_raw
2026-01-16,002528.SZ,2.8300,2.8300,2.6700,2.7200,148235.0000,,Tencent_raw
2026-01-19,002528.SZ,2.7400,2.7400,2.6800,2.7200,73621.0000,,Tencent_raw
2026-01-20,002528.SZ,2.7200,2.7500,2.7000,2.7100,70733.0000,,Tencent_raw
2026-01-21,002528.SZ,2.7100,2.7300,2.6800,2.7100,70422.0000,,Tencent_raw
2026-01-22,002528.SZ,2.7200,2.7600,2.6900,2.7500,97029.0000,,Tencent_raw
2026-01-23,002528.SZ,2.7600,2.7600,2.7200,2.7400,71996.0000,,Tencent_raw
2026-01-26,002528.SZ,2.7400,2.7400,2.6700,2.6900,118164.0000,,Tencent_raw
2026-01-27,002528.SZ,2.5600,2.5600,2.5600,2.5600,37113.0000,,Tencent_raw
2026-01-28,002528.SZ,2.4300,2.4300,2.4300,2.4300,14695.0000,,Tencent_raw
2026-01-29,002528.SZ,2.3100,2.3100,2.3100,2.3100,11465.0000,,Tencent_raw
2026-01-30,002528.SZ,2.1900,2.4300,2.1900,2.3700,598622.0000,,Tencent_raw
2026-02-02,002528.SZ,2.2700,2.4300,2.2500,2.3400,447265.0000,,Tencent_raw
2026-02-03,002528.SZ,2.3400,2.4600,2.3300,2.4500,422348.0000,,Tencent_raw
2026-02-04,002528.SZ,2.4000,2.5400,2.4000,2.4700,297922.0000,,Tencent_raw
2026-02-05,002528.SZ,2.4800,2.5900,2.4700,2.5900,171385.0000,,Tencent_raw
2026-02-06,002528.SZ,2.6600,2.7200,2.5200,2.6500,509509.0000,,Tencent_raw
2026-02-09,002528.SZ,2.5900,2.7200,2.5800,2.6100,352917.0000,,Tencent_raw
2026-02-10,002528.SZ,2.6600,2.7000,2.5900,2.5900,287047.0000,,Tencent_raw
2026-02-11,002528.SZ,2.5800,2.6600,2.5200,2.6300,174777.0000,,Tencent_raw
2026-02-12,002528.SZ,2.6300,2.6900,2.5600,2.6200,133192.0000,,Tencent_raw
2026-02-13,002528.SZ,2.6100,2.7400,2.5900,2.6500,171032.0000,,Tencent_raw
2026-02-24,002528.SZ,2.6700,2.7800,2.6200,2.7800,221330.0000,,Tencent_raw
2026-02-25,002528.SZ,2.8700,2.9200,2.8600,2.9200,72322.0000,,Tencent_raw
2026-02-26,002528.SZ,3.0500,3.0700,2.9400,3.0200,570309.0000,,Tencent_raw
2026-02-27,002528.SZ,3.0800,3.1200,2.8900,2.9100,346860.0000,,Tencent_raw
2026-03-02,002528.SZ,2.9500,2.9500,2.8200,2.8300,303870.0000,,Tencent_raw
2026-03-03,002528.SZ,2.9100,2.9700,2.8700,2.9300,432757.0000,,Tencent_raw
2026-03-04,002528.SZ,2.9000,3.0500,2.7800,3.0100,344241.0000,,Tencent_raw
2026-03-05,002528.SZ,3.0500,3.0700,2.9900,3.0400,215478.0000,,Tencent_raw
2026-03-06,002528.SZ,3.0500,3.1900,3.0500,3.1900,263148.0000,,Tencent_raw
2026-03-09,002528.SZ,3.2400,3.3500,3.1900,3.3500,225143.0000,,Tencent_raw
2026-03-10,002528.SZ,3.4200,3.5200,3.2500,3.3600,701719.0000,,Tencent_raw
2026-03-11,002528.SZ,3.3800,3.5300,3.3700,3.5300,276838.0000,,Tencent_raw
2026-03-12,002528.SZ,3.6000,3.7100,3.5100,3.7100,763830.0000,,Tencent_raw
2026-03-13,002528.SZ,3.7100,3.8400,3.6100,3.7100,563295.0000,,Tencent_raw
2026-03-16,002528.SZ,3.7000,3.7900,3.5200,3.5600,411187.0000,,Tencent_raw
2026-03-17,002528.SZ,3.6000,3.7300,3.5200,3.5900,304978.0000,,Tencent_raw
2026-03-18,002528.SZ,3.5100,3.5400,3.4100,3.4200,287353.0000,,Tencent_raw
2026-03-19,002528.SZ,3.4300,3.4700,3.3200,3.3500,238675.0000,,Tencent_raw
2026-03-20,002528.SZ,3.3400,3.4100,3.1800,3.1800,301835.0000,,Tencent_raw
2026-03-23,002528.SZ,3.1800,3.3200,3.1000,3.1900,382429.0000,,Tencent_raw
2026-03-24,002528.SZ,3.2400,3.3500,3.1800,3.3500,259134.0000,,Tencent_raw
2026-03-25,002528.SZ,3.4700,3.5200,3.4300,3.5200,82159.0000,,Tencent_raw
2026-03-26,002528.SZ,3.7000,3.7000,3.5200,3.6900,485331.0000,,Tencent_raw
2026-03-27,002528.SZ,3.6500,3.6500,3.5300,3.6200,266840.0000,,Tencent_raw
2026-03-30,002528.SZ,3.5400,3.6900,3.4600,3.6100,244986.0000,,Tencent_raw
2026-03-31,002528.SZ,3.7900,3.7900,3.7900,3.7900,61303.0000,,Tencent_raw
2026-04-01,002528.SZ,3.9800,3.9800,3.9800,3.9800,10683.0000,,Tencent_raw
2026-04-02,002528.SZ,4.1700,4.1800,3.8500,4.1500,770169.0000,,Tencent_raw
2026-04-03,002528.SZ,4.1200,4.1600,3.9500,3.9900,397465.0000,,Tencent_raw
2026-04-07,002528.SZ,4.0800,4.1900,4.0300,4.1900,111002.0000,,Tencent_raw
2026-04-08,002528.SZ,4.4000,4.4000,4.4000,4.4000,21940.0000,,Tencent_raw
2026-04-09,002528.SZ,4.6200,4.6200,4.6200,4.6200,17439.0000,,Tencent_raw
2026-04-10,002528.SZ,4.7500,4.8500,4.6200,4.8500,777140.0000,,Tencent_raw
2026-04-13,002528.SZ,5.0300,5.0900,4.9300,5.0900,122131.0000,,Tencent_raw
2026-04-14,002528.SZ,5.3400,5.3400,4.8400,4.9700,1072000.0000,,Tencent_raw
2026-04-15,002528.SZ,4.9000,4.9500,4.7200,4.8800,463173.0000,,Tencent_raw
2026-04-16,002528.SZ,4.7600,5.1200,4.6400,5.1200,626989.0000,,Tencent_raw
2026-04-17,002528.SZ,5.3700,5.3800,5.1000,5.3800,391421.0000,,Tencent_raw
2026-04-20,002528.SZ,5.6200,5.6500,5.3100,5.5100,760071.0000,,Tencent_raw
2026-04-21,002528.SZ,5.2300,5.4300,5.2300,5.2300,499083.0000,,Tencent_raw
2026-04-22,002528.SZ,5.0800,5.3600,4.9900,5.0500,404311.0000,,Tencent_raw
2026-04-23,002528.SZ,5.0900,5.1600,4.8000,4.8700,339403.0000,,Tencent_raw
2026-04-24,002528.SZ,5.0200,5.1100,4.9400,5.1100,403568.0000,,Tencent_raw
2026-04-27,002528.SZ,4.9800,5.0600,4.8500,4.8500,327785.0000,,Tencent_raw
2026-04-28,002528.SZ,4.6700,4.7300,4.6100,4.6100,277360.0000,,Tencent_raw
2026-04-30,002528.SZ,4.4000,4.8400,4.3900,4.8100,397957.0000,,Tencent_raw
2026-05-06,002528.SZ,4.7600,4.9600,4.7100,4.7600,283285.0000,,Tencent_raw
2026-05-07,002528.SZ,4.8400,4.8400,4.5200,4.5500,304065.0000,,Tencent_raw
2026-05-08,002528.SZ,4.5300,4.7400,4.4600,4.6200,216324.0000,,Tencent_raw
2026-05-11,002528.SZ,4.6400,4.6900,4.4300,4.6300,188605.0000,,Tencent_raw
2026-05-12,002528.SZ,4.6100,4.8600,4.6000,4.8600,166577.0000,,Tencent_raw
2026-05-13,002528.SZ,5.0000,5.1000,5.0000,5.1000,120022.0000,,Tencent_raw
2026-05-14,002528.SZ,5.3300,5.3500,5.0500,5.1900,312615.0000,,Tencent_raw
2026-05-15,002528.SZ,5.1100,5.4200,4.9600,5.2500,274425.0000,,Tencent_raw
2026-05-18,002528.SZ,5.1600,5.2400,4.9900,5.0000,215612.0000,,Tencent_raw
2026-05-19,002528.SZ,4.8500,5.0000,4.8300,4.9000,115126.0000,,Tencent_raw
2026-05-20,002528.SZ,4.8900,4.9600,4.6600,4.6800,177519.0000,,Tencent_raw
2026-05-21,002528.SZ,4.7300,4.8500,4.5000,4.5600,139041.0000,,Tencent_raw
2026-05-22,002528.SZ,4.5500,4.6100,4.4300,4.5600,116338.0000,,Tencent_raw
2026-05-25,002528.SZ,4.5500,4.6500,4.4200,4.5800,117773.0000,,Tencent_raw
2026-05-26,002528.SZ,4.6100,4.7500,4.3500,4.3600,170170.0000,,Tencent_raw
2026-05-27,002528.SZ,4.2900,4.5800,4.1800,4.5800,210683.0000,,Tencent_raw
2026-05-28,002528.SZ,4.5400,4.5700,4.3500,4.3600,187988.0000,,Tencent_raw
2026-05-29,002528.SZ,4.3300,4.3300,4.1400,4.1400,159107.0000,,Tencent_raw
2026-06-01,002528.SZ,4.1600,4.3500,4.0400,4.3500,123728.0000,,Tencent_raw
2026-06-02,002528.SZ,4.4200,4.5700,4.4200,4.5700,59705.0000,,Tencent_raw
2026-06-03,002528.SZ,4.8000,4.8000,4.8000,4.8000,11139.0000,,Tencent_raw
2026-06-04,002528.SZ,4.8800,4.9900,4.6800,4.8000,310290.0000,,Tencent_raw
2026-06-05,002528.SZ,4.8000,5.0400,4.7200,4.8300,202886.0000,,Tencent_raw
2026-06-08,002528.SZ,4.7500,4.9600,4.6300,4.8500,160005.0000,,Tencent_raw
2026-06-09,002528.SZ,4.8600,4.9500,4.8000,4.8700,122155.0000,,Tencent_raw
2026-06-10,002528.SZ,4.8400,4.8800,4.6500,4.8300,118355.0000,,Tencent_raw
2026-06-11,002528.SZ,4.8300,4.8400,4.6900,4.7800,65325.0000,,Tencent_raw
2026-06-12,002528.SZ,4.7800,4.9400,4.7000,4.8800,109121.0000,,Tencent_raw
2026-06-15,002528.SZ,4.9200,5.1000,4.9200,4.9600,106303.0000,,Tencent_raw
2026-06-16,002528.SZ,4.9000,4.9700,4.7100,4.7600,130371.0000,,Tencent_raw
2026-06-17,002528.SZ,4.7600,4.8900,4.6500,4.6700,108796.0000,,Tencent_raw
2026-06-18,002528.SZ,4.5900,4.8000,4.5100,4.7100,126667.0000,,Tencent_raw
2026-06-22,002528.SZ,4.6600,4.6600,4.4700,4.5400,123176.0000,,Tencent_raw
2026-06-23,002528.SZ,4.5100,4.5500,4.4000,4.4500,68912.0000,,Tencent_raw
2026-06-24,002528.SZ,4.4500,4.5500,4.3200,4.5000,80654.0000,,Tencent_raw
2026-06-25,002528.SZ,4.5100,4.5200,4.2800,4.3100,96759.0000,,Tencent_raw
2026-06-26,002528.SZ,4.3100,4.3100,4.1200,4.2500,79624.0000,,Tencent_raw
2026-06-29,002528.SZ,4.1900,4.4600,4.1200,4.3900,124052.0000,,Tencent_raw
2026-06-30,002528.SZ,4.3000,4.3300,4.1700,4.1700,131470.0000,,Tencent_raw
2026-07-01,002528.SZ,4.1700,4.2200,3.9600,4.1600,219290.0000,,Tencent_raw
2026-07-02,002528.SZ,4.0600,4.3600,4.0400,4.2700,126241.0000,,Tencent_raw
2026-07-03,002528.SZ,4.2200,4.4800,4.1600,4.4800,152632.0000,,Tencent_raw
2026-07-06,002528.SZ,4.5000,4.7000,4.4000,4.5400,120566.0000,,Tencent_raw
2026-07-07,002528.SZ,4.4600,4.6000,4.2500,4.3000,95400.0000,,Tencent_raw
2026-07-08,002528.SZ,4.3000,4.5000,4.2600,4.4300,77145.0000,,Tencent_raw
2026-07-09,002528.SZ,4.3700,4.5300,4.3700,4.4400,69730.0000,,Tencent_raw
2026-07-10,002528.SZ,4.4600,4.4800,4.3900,4.4300,48520.0000,,Tencent_raw
2026-07-13,002528.SZ,4.5100,4.6400,4.4000,4.4800,100517.0000,,Tencent_raw
2026-07-14,002528.SZ,4.4800,4.5100,4.3000,4.5100,70980.0000,,Tencent_raw
2026-07-15,002528.SZ,4.3800,4.5200,4.3800,4.4600,61961.0000,,Tencent_raw
2026-07-16,002528.SZ,4.4000,4.4900,4.3100,4.4600,58334.0000,,Tencent_raw
2026-07-17,002528.SZ,4.4600,4.5000,4.3700,4.4400,62386.0000,,Tencent_raw
2026-07-20,002528.SZ,4.4500,4.6600,4.3600,4.4500,93008.0000,,Tencent_raw
2026-07-21,002528.SZ,4.3900,4.4400,4.1800,4.3200,98976.0000,,Tencent_raw
2026-07-22,002528.SZ,4.2800,4.2800,4.1600,4.1700,56723.0000,,Tencent_raw
2026-07-23,002528.SZ,4.1300,4.2300,4.1100,4.1600,56896.0000,,Tencent_raw
2026-07-24,002528.SZ,4.1800,4.1800,4.0300,4.0800,52872.0000,,Tencent_raw
2026-07-27,002528.SZ,4.1200,4.4900,4.0800,4.4900,116224.0000,,Tencent_raw
2026-07-28,002528.SZ,4.6900,4.8900,4.5000,4.5600,168628.0000,,Tencent_raw
2026-07-29,002528.SZ,4.7400,4.7500,4.5600,4.6600,99035.0000,,Tencent_raw
2026-07-30,002528.SZ,4.6000,4.7100,4.5300,4.6300,73371.0000,,Tencent_raw
2026-07-31,002528.SZ,4.6000,4.6900,4.5800,4.6600,58095.0000,,Tencent_raw
2026-08-03,002528.SZ,4.6100,4.7100,4.6100,4.6700,57736.0000,,Tencent_raw
2026-08-04,002528.SZ,4.6700,4.7300,4.6000,4.7000,61588.0000,,Tencent_raw
2026-08-05,002528.SZ,4.7000,4.7300,4.6200,4.6300,71535.0000,,Tencent_raw
2026-08-06,002528.SZ,4.6600,4.6800,4.5300,4.5300,58150.0000,,Tencent_raw
2026-08-07,002528.SZ,4.5500,4.7200,4.4500,4.6200,80785.0000,,Tencent_raw
2026-08-10,002528.SZ,4.6200,4.7500,4.5600,4.6200,74555.0000,,Tencent_raw
2026-08-11,002528.SZ,4.5600,4.6300,4.5400,4.6300,60613.0000,,Tencent_raw
2026-08-12,002528.SZ,4.6300,4.7500,4.6200,4.6800,81262.0000,,Tencent_raw
2026-08-13,002528.SZ,4.6800,4.8900,4.6400,4.7900,152781.0000,,Tencent_raw
2026-08-14,002528.SZ,4.8900,4.9100,4.7200,4.8600,120301.0000,,Tencent_raw
2026-08-17,002528.SZ,4.9100,4.9600,4.7700,4.8600,106016.0000,,Tencent_raw
2026-08-18,002528.SZ,4.8400,5.2200,4.8100,5.0800,250295.0000,,Tencent_raw
2026-08-19,002528.SZ,5.0100,5.2700,4.9000,5.0500,210729.0000,,Tencent_raw
2026-08-20,002528.SZ,5.0500,5.1800,4.8200,5.1200,128428.0000,,Tencent_raw
2026-08-21,002528.SZ,5.1000,5.6300,5.0600,5.6300,299325.0000,,Tencent_raw
2026-08-24,002528.SZ,5.8300,6.1000,5.6800,6.0300,419871.0000,,Tencent_raw
2026-08-25,002528.SZ,6.0000,6.5400,5.7100,5.7500,492611.0000,,Tencent_raw
2026-08-26,002528.SZ,5.8000,5.9700,5.6600,5.7600,248744.0000,,Tencent_raw
2026-08-27,002528.SZ,5.7500,6.1000,5.7200,6.1000,270907.0000,,Tencent_raw
2026-08-28,002528.SZ,6.1800,6.7100,6.1500,6.6500,476919.0000,,Tencent_raw
2026-08-31,002528.SZ,6.7300,7.3100,6.5100,7.2600,489099.0000,,Tencent_raw
2026-09-01,002528.SZ,7.2500,7.4900,6.8800,7.3000,438294.0000,,Tencent_raw
2026-09-02,002528.SZ,7.3000,7.6700,7.1900,7.6000,346261.0000,,Tencent_raw
2026-09-03,002528.SZ,7.5300,7.7000,7.1000,7.2200,399839.0000,,Tencent_raw
2026-09-04,002528.SZ,7.1500,7.3000,6.5000,6.8100,483467.0000,,Tencent_raw
2026-09-07,002528.SZ,6.7600,7.4900,6.7000,7.4900,381839.0000,,Tencent_raw
2026-09-08,002528.SZ,7.7100,7.8100,7.2800,7.4200,329564.0000,,Tencent_raw
2026-09-09,002528.SZ,7.4700,7.7300,7.2500,7.5100,237966.0000,,Tencent_raw
2026-09-10,002528.SZ,7.3500,7.7300,7.3000,7.5800,211140.0000,,Tencent_raw
2026-09-11,002528.SZ,7.5400,7.7500,7.3500,7.5300,222286.0000,,Tencent_raw
2026-09-14,002528.SZ,7.6000,7.6400,6.9000,7.1000,258697.0000,,Tencent_raw
2026-09-15,002528.SZ,6.9800,6.9800,6.3900,6.3900,382597.0000,,Tencent_raw
2026-09-16,002528.SZ,6.3200,6.6100,6.3000,6.5300,267480.0000,,Tencent_raw
2026-09-17,002528.SZ,6.5300,7.1800,6.4100,7.1800,313162.0000,,Tencent_raw
2026-09-18,002528.SZ,6.4600,7.0800,6.4600,6.4600,680818.0000,,Tencent_raw
2026-09-21,002528.SZ,6.2200,6.2200,5.8100,5.8100,536147.0000,,Tencent_raw
2026-09-22,002528.SZ,5.8100,6.0500,5.7700,6.0200,358487.0000,,Tencent_raw
2026-09-23,002528.SZ,6.0500,6.0900,5.7600,5.8000,214426.0000,,Tencent_raw
2026-09-24,002528.SZ,5.7500,5.8500,5.5100,5.7300,228379.0000,,Tencent_raw
2026-09-28,002528.SZ,5.7700,6.0500,5.7500,5.9200,189571.0000,,Tencent_raw
