date,ticker,open,high,low,close,volume_raw,amount_raw,source
2025-09-01,000056.SZ,2.7800,2.7900,2.6700,2.7300,611753.0000,,Tencent_raw
2025-09-02,000056.SZ,2.7400,2.8200,2.7100,2.7600,730286.0000,,Tencent_raw
2025-09-03,000056.SZ,2.7500,2.8600,2.7100,2.7900,679997.0000,,Tencent_raw
2025-09-04,000056.SZ,2.7700,2.8500,2.7000,2.7700,794116.0000,,Tencent_raw
2025-09-05,000056.SZ,2.8000,2.9000,2.8000,2.8900,849976.0000,,Tencent_raw
2025-09-08,000056.SZ,2.8700,2.8900,2.7600,2.7900,757063.0000,,Tencent_raw
2025-09-09,000056.SZ,2.7700,2.8200,2.7400,2.7800,494740.0000,,Tencent_raw
2025-09-10,000056.SZ,2.7700,3.0600,2.6400,3.0100,2441559.0000,,Tencent_raw
2025-09-11,000056.SZ,2.9200,2.9500,2.8100,2.9100,1673344.0000,,Tencent_raw
2025-09-12,000056.SZ,2.8800,2.9900,2.8800,2.9000,1180991.0000,,Tencent_raw
2025-09-15,000056.SZ,2.9800,3.0500,2.8500,2.9200,1089974.0000,,Tencent_raw
2025-09-16,000056.SZ,2.9500,3.1600,2.9300,3.0100,1538259.0000,,Tencent_raw
2025-09-17,000056.SZ,3.0100,3.3100,2.9100,3.1600,2851855.0000,,Tencent_raw
2025-09-18,000056.SZ,3.1000,3.1800,3.0100,3.0200,2031137.0000,,Tencent_raw
2025-09-19,000056.SZ,3.1000,3.1200,2.8700,2.8800,1204375.0000,,Tencent_raw
2025-09-22,000056.SZ,2.8500,2.8600,2.7500,2.7700,818640.0000,,Tencent_raw
2025-09-23,000056.SZ,2.7400,2.7500,2.5900,2.6800,860466.0000,,Tencent_raw
2025-09-24,000056.SZ,2.6600,2.8400,2.6300,2.7600,787741.0000,,Tencent_raw
2025-09-25,000056.SZ,2.7500,2.7600,2.6700,2.6800,548836.0000,,Tencent_raw
2025-09-26,000056.SZ,2.6700,2.7400,2.6500,2.6500,392738.0000,,Tencent_raw
2025-09-29,000056.SZ,2.6700,2.6800,2.6100,2.6600,344477.0000,,Tencent_raw
2025-09-30,000056.SZ,2.6700,2.6700,2.6100,2.6200,450808.0000,,Tencent_raw
2025-10-09,000056.SZ,2.3600,2.3600,2.3600,2.3600,300924.0000,,Tencent_raw
2025-10-10,000056.SZ,2.1200,2.5700,2.1200,2.4900,1728922.0000,,Tencent_raw
2025-10-13,000056.SZ,2.4000,2.6500,2.4000,2.4700,1139306.0000,,Tencent_raw
2025-10-14,000056.SZ,2.5200,2.5400,2.4100,2.4200,836255.0000,,Tencent_raw
2025-10-15,000056.SZ,2.4400,2.4600,2.3700,2.4300,568924.0000,,Tencent_raw
2025-10-16,000056.SZ,2.4700,2.4800,2.3900,2.4100,430064.0000,,Tencent_raw
2025-10-17,000056.SZ,2.4100,2.4300,2.3100,2.3100,403819.0000,,Tencent_raw
2025-10-20,000056.SZ,2.3400,2.3800,2.3000,2.3400,467303.0000,,Tencent_raw
2025-10-21,000056.SZ,2.3500,2.4400,2.3200,2.4300,506383.0000,,Tencent_raw
2025-10-22,000056.SZ,2.4500,2.4600,2.4000,2.4400,350114.0000,,Tencent_raw
2025-10-23,000056.SZ,2.5300,2.5700,2.3900,2.4400,509813.0000,,Tencent_raw
2025-10-24,000056.SZ,2.4400,2.4700,2.3600,2.3700,433805.0000,,Tencent_raw
2025-10-27,000056.SZ,2.4000,2.4100,2.3100,2.3300,455809.0000,,Tencent_raw
2025-10-28,000056.SZ,2.3300,2.3500,2.2900,2.3500,355744.0000,,Tencent_raw
2025-10-29,000056.SZ,2.3300,2.3300,2.2600,2.3100,422024.0000,,Tencent_raw
2025-10-30,000056.SZ,2.3700,2.3800,2.2800,2.2900,349885.0000,,Tencent_raw
2025-10-31,000056.SZ,2.2900,2.3500,2.2700,2.3300,384443.0000,,Tencent_raw
2025-11-03,000056.SZ,2.3600,2.4100,2.3500,2.4100,491194.0000,,Tencent_raw
2025-11-04,000056.SZ,2.4200,2.4300,2.3800,2.4000,337984.0000,,Tencent_raw
2025-11-05,000056.SZ,2.4000,2.4600,2.3800,2.4400,403189.0000,,Tencent_raw
2025-11-06,000056.SZ,2.4600,2.4600,2.3400,2.3500,521047.0000,,Tencent_raw
2025-11-07,000056.SZ,2.3500,2.3600,2.3100,2.3200,384523.0000,,Tencent_raw
2025-11-10,000056.SZ,2.3200,2.4000,2.2900,2.4000,474868.0000,,Tencent_raw
2025-11-11,000056.SZ,2.4000,2.4500,2.3700,2.4400,437752.0000,,Tencent_raw
2025-11-12,000056.SZ,2.4500,2.4900,2.4200,2.4500,390107.0000,,Tencent_raw
2025-11-13,000056.SZ,2.4600,2.4800,2.3800,2.4800,458271.0000,,Tencent_raw
2025-11-14,000056.SZ,2.4900,2.5300,2.4600,2.5000,448500.0000,,Tencent_raw
2025-11-17,000056.SZ,2.5100,2.5500,2.4900,2.5400,394974.0000,,Tencent_raw
2025-11-18,000056.SZ,2.5500,2.5600,2.4100,2.4600,472857.0000,,Tencent_raw
2025-11-19,000056.SZ,2.4500,2.4700,2.3700,2.3800,375035.0000,,Tencent_raw
2025-11-20,000056.SZ,2.3700,2.4200,2.3100,2.3800,376813.0000,,Tencent_raw
2025-11-21,000056.SZ,2.3400,2.4000,2.2600,2.2600,399359.0000,,Tencent_raw
2025-11-24,000056.SZ,2.3000,2.3300,2.2600,2.3100,384398.0000,,Tencent_raw
2025-11-25,000056.SZ,2.3400,2.3800,2.3000,2.3700,302663.0000,,Tencent_raw
2025-11-26,000056.SZ,2.3600,2.4400,2.3500,2.3700,362754.0000,,Tencent_raw
2025-11-27,000056.SZ,2.3900,2.3900,2.3100,2.3600,261724.0000,,Tencent_raw
2025-11-28,000056.SZ,2.3500,2.4000,2.3200,2.3900,301623.0000,,Tencent_raw
2025-12-01,000056.SZ,2.4200,2.4300,2.3700,2.4000,304289.0000,,Tencent_raw
2025-12-02,000056.SZ,2.3800,2.4100,2.3300,2.4000,255992.0000,,Tencent_raw
2025-12-03,000056.SZ,2.4100,2.4400,2.3500,2.3700,349817.0000,,Tencent_raw
2025-12-04,000056.SZ,2.3700,2.3800,2.2700,2.2800,389273.0000,,Tencent_raw
2025-12-05,000056.SZ,2.2800,2.2900,2.2100,2.2800,322852.0000,,Tencent_raw
2025-12-08,000056.SZ,2.2900,2.3200,2.2700,2.2900,303869.0000,,Tencent_raw
2025-12-09,000056.SZ,2.2900,2.3000,2.2200,2.2800,327559.0000,,Tencent_raw
2025-12-10,000056.SZ,2.2600,2.5100,2.2600,2.3700,1147458.0000,,Tencent_raw
2025-12-11,000056.SZ,2.3300,2.3300,2.1600,2.1800,1033779.0000,,Tencent_raw
2025-12-12,000056.SZ,2.1600,2.1700,2.1000,2.1100,445190.0000,,Tencent_raw
2025-12-15,000056.SZ,2.0800,2.1300,2.0500,2.1000,349634.0000,,Tencent_raw
2025-12-16,000056.SZ,2.0900,2.1200,2.0500,2.0500,325128.0000,,Tencent_raw
2025-12-17,000056.SZ,2.0600,2.0700,1.9800,2.0200,434270.0000,,Tencent_raw
2025-12-18,000056.SZ,2.0000,2.1700,1.9800,2.0800,636698.0000,,Tencent_raw
2025-12-19,000056.SZ,2.0800,2.1400,2.0500,2.1300,512696.0000,,Tencent_raw
2025-12-22,000056.SZ,2.1300,2.1500,2.1000,2.1100,307038.0000,,Tencent_raw
2025-12-23,000056.SZ,2.1100,2.1200,2.0300,2.0400,386438.0000,,Tencent_raw
2025-12-24,000056.SZ,2.0400,2.0700,2.0300,2.0600,221710.0000,,Tencent_raw
2025-12-25,000056.SZ,2.0700,2.0800,2.0400,2.0600,215922.0000,,Tencent_raw
2025-12-26,000056.SZ,2.0600,2.0800,2.0400,2.0400,294260.0000,,Tencent_raw
2025-12-29,000056.SZ,2.0500,2.0600,2.0200,2.0200,286291.0000,,Tencent_raw
2025-12-30,000056.SZ,2.0200,2.0300,1.9900,2.0100,212059.0000,,Tencent_raw
2025-12-31,000056.SZ,2.0100,2.0300,1.9800,2.0100,304651.0000,,Tencent_raw
2026-01-05,000056.SZ,2.0100,2.0200,1.9900,2.0100,251183.0000,,Tencent_raw
2026-01-06,000056.SZ,2.0100,2.1200,1.9800,2.1000,609608.0000,,Tencent_raw
2026-01-07,000056.SZ,2.1000,2.1000,2.0400,2.0500,376112.0000,,Tencent_raw
2026-01-08,000056.SZ,2.0400,2.0900,2.0200,2.0600,324691.0000,,Tencent_raw
2026-01-09,000056.SZ,2.0700,2.1000,2.0600,2.0900,331195.0000,,Tencent_raw
2026-01-12,000056.SZ,2.0900,2.1200,2.0700,2.1100,387332.0000,,Tencent_raw
2026-01-13,000056.SZ,2.1200,2.2000,2.0800,2.1200,553961.0000,,Tencent_raw
2026-01-14,000056.SZ,2.1000,2.1500,2.0600,2.0900,469492.0000,,Tencent_raw
2026-01-15,000056.SZ,2.0700,2.0900,2.0300,2.0500,451943.0000,,Tencent_raw
2026-01-16,000056.SZ,2.0600,2.0800,2.0100,2.0100,322657.0000,,Tencent_raw
2026-01-19,000056.SZ,2.0100,2.0500,2.0000,2.0400,246119.0000,,Tencent_raw
2026-01-20,000056.SZ,2.0500,2.0800,2.0400,2.0700,392700.0000,,Tencent_raw
2026-01-21,000056.SZ,2.0500,2.0700,2.0300,2.0600,220971.0000,,Tencent_raw
2026-01-22,000056.SZ,2.0600,2.1000,2.0400,2.1000,400548.0000,,Tencent_raw
2026-01-23,000056.SZ,2.1000,2.1100,2.0700,2.1000,289164.0000,,Tencent_raw
2026-01-26,000056.SZ,2.1100,2.1100,2.0400,2.0600,340847.0000,,Tencent_raw
2026-01-27,000056.SZ,2.0700,2.0700,2.0100,2.0500,271980.0000,,Tencent_raw
2026-01-28,000056.SZ,2.0400,2.0700,2.0100,2.0200,263809.0000,,Tencent_raw
2026-01-29,000056.SZ,2.0100,2.0600,1.9900,2.0200,298761.0000,,Tencent_raw
2026-01-30,000056.SZ,2.0200,2.0300,1.9900,2.0100,350480.0000,,Tencent_raw
2026-02-02,000056.SZ,1.8100,1.8100,1.8100,1.8100,241546.0000,,Tencent_raw
2026-02-03,000056.SZ,1.8400,1.9000,1.7400,1.7900,1132057.0000,,Tencent_raw
2026-02-04,000056.SZ,1.8100,1.9000,1.8000,1.8800,944197.0000,,Tencent_raw
2026-02-05,000056.SZ,1.8900,2.0700,1.8800,2.0700,1606653.0000,,Tencent_raw
2026-02-06,000056.SZ,2.1000,2.2800,2.1000,2.2800,1435844.0000,,Tencent_raw
2026-02-09,000056.SZ,2.3100,2.4300,2.1900,2.1900,2453413.0000,,Tencent_raw
2026-02-10,000056.SZ,2.2300,2.4100,2.1900,2.4100,2812151.0000,,Tencent_raw
2026-02-11,000056.SZ,2.2800,2.3600,2.1700,2.1700,2105809.0000,,Tencent_raw
2026-02-12,000056.SZ,2.1300,2.1700,2.0700,2.1000,1594650.0000,,Tencent_raw
2026-02-13,000056.SZ,2.1200,2.1400,2.0400,2.0500,1083590.0000,,Tencent_raw
2026-02-24,000056.SZ,2.0700,2.1200,2.0500,2.0900,816891.0000,,Tencent_raw
2026-02-25,000056.SZ,2.1100,2.3000,2.1000,2.3000,1211193.0000,,Tencent_raw
2026-02-26,000056.SZ,2.3000,2.3500,2.2300,2.2500,1558313.0000,,Tencent_raw
2026-02-27,000056.SZ,2.3000,2.3500,2.1900,2.2300,1098080.0000,,Tencent_raw
2026-03-02,000056.SZ,2.1700,2.2000,2.0200,2.0500,1278356.0000,,Tencent_raw
2026-03-03,000056.SZ,2.0800,2.1000,1.9000,1.9300,1075390.0000,,Tencent_raw
2026-03-04,000056.SZ,1.8700,1.9900,1.8400,1.9500,741454.0000,,Tencent_raw
2026-03-05,000056.SZ,1.9800,2.0300,1.9500,2.0100,653314.0000,,Tencent_raw
2026-03-06,000056.SZ,1.9700,2.0300,1.9400,2.0200,506197.0000,,Tencent_raw
2026-03-09,000056.SZ,1.9900,2.0100,1.9400,2.0000,508305.0000,,Tencent_raw
2026-03-10,000056.SZ,2.0500,2.2000,2.0100,2.0700,1429562.0000,,Tencent_raw
2026-03-11,000056.SZ,2.0100,2.0800,1.9800,2.0600,910977.0000,,Tencent_raw
2026-03-12,000056.SZ,2.0500,2.0500,1.9800,1.9800,626440.0000,,Tencent_raw
2026-03-13,000056.SZ,2.0100,2.0100,1.9500,1.9600,561506.0000,,Tencent_raw
2026-03-16,000056.SZ,1.9400,2.0000,1.9300,1.9900,491513.0000,,Tencent_raw
2026-03-17,000056.SZ,2.0000,2.0600,1.9900,1.9900,612688.0000,,Tencent_raw
2026-03-18,000056.SZ,1.9800,2.0100,1.9400,2.0000,427687.0000,,Tencent_raw
2026-03-19,000056.SZ,1.9900,1.9900,1.9200,1.9300,457604.0000,,Tencent_raw
2026-03-20,000056.SZ,1.9300,1.9500,1.8500,1.8600,474466.0000,,Tencent_raw
2026-03-23,000056.SZ,1.8300,1.8600,1.7600,1.7700,479429.0000,,Tencent_raw
2026-03-24,000056.SZ,1.8100,1.9300,1.7900,1.9100,595821.0000,,Tencent_raw
2026-03-25,000056.SZ,1.9000,1.9300,1.8800,1.9200,377430.0000,,Tencent_raw
2026-03-26,000056.SZ,1.9300,2.0400,1.9100,1.9100,818314.0000,,Tencent_raw
2026-03-27,000056.SZ,1.8700,1.9300,1.8600,1.9200,374773.0000,,Tencent_raw
2026-03-30,000056.SZ,1.9000,2.0100,1.8900,2.0000,551201.0000,,Tencent_raw
2026-03-31,000056.SZ,1.9800,2.1000,1.9800,2.0100,765710.0000,,Tencent_raw
2026-04-01,000056.SZ,2.0300,2.0800,1.9700,2.0300,584916.0000,,Tencent_raw
2026-04-02,000056.SZ,2.0200,2.0300,1.9000,1.9200,621045.0000,,Tencent_raw
2026-04-03,000056.SZ,1.9200,1.9200,1.7800,1.8100,612404.0000,,Tencent_raw
2026-04-07,000056.SZ,1.8000,1.8500,1.7900,1.8400,345230.0000,,Tencent_raw
2026-04-08,000056.SZ,1.8600,1.9300,1.8600,1.9200,458449.0000,,Tencent_raw
2026-04-09,000056.SZ,1.9100,1.9200,1.8400,1.8400,338012.0000,,Tencent_raw
2026-04-10,000056.SZ,1.8500,1.8700,1.8200,1.8200,313181.0000,,Tencent_raw
2026-04-13,000056.SZ,1.8100,1.8400,1.8000,1.8400,255338.0000,,Tencent_raw
2026-04-14,000056.SZ,1.8600,2.0000,1.8400,1.9400,892594.0000,,Tencent_raw
2026-04-15,000056.SZ,1.9400,1.9400,1.8600,1.8800,483699.0000,,Tencent_raw
2026-04-16,000056.SZ,1.8900,1.9000,1.8400,1.8700,433142.0000,,Tencent_raw
2026-04-17,000056.SZ,1.8800,1.8800,1.8000,1.8300,475017.0000,,Tencent_raw
2026-04-20,000056.SZ,1.8400,1.9300,1.8000,1.8800,624480.0000,,Tencent_raw
2026-04-21,000056.SZ,1.9600,2.0700,1.9200,2.0700,1847911.0000,,Tencent_raw
2026-04-22,000056.SZ,1.9800,2.0900,1.9600,1.9800,1567709.0000,,Tencent_raw
2026-04-23,000056.SZ,1.9800,2.0100,1.9200,1.9300,804915.0000,,Tencent_raw
2026-04-27,000056.SZ,1.8300,2.0300,1.8300,2.0300,1640874.0000,,Tencent_raw
2026-04-28,000056.SZ,2.0000,2.0800,1.9300,1.9300,1139916.0000,,Tencent_raw
2026-04-29,000056.SZ,1.8800,1.9100,1.8300,1.8300,1379196.0000,,Tencent_raw
2026-04-30,000056.SZ,1.8100,1.8400,1.7400,1.7400,1062722.0000,,Tencent_raw
2026-05-06,000056.SZ,1.7400,1.8200,1.6600,1.7900,1145931.0000,,Tencent_raw
2026-05-07,000056.SZ,1.7700,1.8000,1.7000,1.7000,879461.0000,,Tencent_raw
2026-05-08,000056.SZ,1.6500,1.7500,1.6200,1.6900,729673.0000,,Tencent_raw
2026-05-11,000056.SZ,1.6700,1.7600,1.6600,1.7000,659961.0000,,Tencent_raw
2026-05-12,000056.SZ,1.7400,1.7400,1.6700,1.6900,498565.0000,,Tencent_raw
2026-05-13,000056.SZ,1.7100,1.7300,1.6600,1.6700,471414.0000,,Tencent_raw
2026-05-14,000056.SZ,1.6600,1.6800,1.5900,1.5900,638585.0000,,Tencent_raw
2026-05-15,000056.SZ,1.5100,1.5400,1.5100,1.5100,577432.0000,,Tencent_raw
2026-05-18,000056.SZ,1.4300,1.4500,1.4300,1.4300,186348.0000,,Tencent_raw
2026-05-19,000056.SZ,1.3600,1.5000,1.3600,1.4600,966877.0000,,Tencent_raw
2026-05-20,000056.SZ,1.3900,1.4100,1.3900,1.3900,554838.0000,,Tencent_raw
2026-05-21,000056.SZ,1.3500,1.3700,1.3200,1.3200,436364.0000,,Tencent_raw
2026-05-22,000056.SZ,1.2800,1.3100,1.2500,1.2600,587894.0000,,Tencent_raw
2026-05-25,000056.SZ,1.2900,1.3200,1.2900,1.3200,155170.0000,,Tencent_raw
2026-05-26,000056.SZ,1.3900,1.3900,1.3800,1.3900,316067.0000,,Tencent_raw
2026-05-27,000056.SZ,1.4600,1.4600,1.3900,1.4600,437497.0000,,Tencent_raw
2026-05-28,000056.SZ,1.5000,1.5300,1.4600,1.5300,273547.0000,,Tencent_raw
2026-05-29,000056.SZ,1.6100,1.6100,1.5200,1.6000,1073768.0000,,Tencent_raw
2026-06-01,000056.SZ,1.5200,1.6300,1.5200,1.5600,666457.0000,,Tencent_raw
2026-06-02,000056.SZ,1.5600,1.6400,1.5300,1.6400,625133.0000,,Tencent_raw
2026-06-03,000056.SZ,1.6400,1.7200,1.6200,1.6700,693997.0000,,Tencent_raw
2026-06-04,000056.SZ,1.6600,1.7500,1.6600,1.7500,687029.0000,,Tencent_raw
2026-06-05,000056.SZ,1.7900,1.8400,1.7600,1.8400,539621.0000,,Tencent_raw
2026-06-08,000056.SZ,1.8500,1.9300,1.7700,1.9200,970090.0000,,Tencent_raw
2026-06-09,000056.SZ,1.9200,1.9800,1.8200,1.8200,769017.0000,,Tencent_raw
2026-06-10,000056.SZ,1.7700,1.7800,1.7300,1.7300,175126.0000,,Tencent_raw
2026-06-11,000056.SZ,1.6400,1.7200,1.6400,1.6400,603801.0000,,Tencent_raw
2026-06-12,000056.SZ,1.6700,1.7200,1.5700,1.7200,569207.0000,,Tencent_raw
2026-06-15,000056.SZ,1.7200,1.8100,1.6900,1.8100,571160.0000,,Tencent_raw
2026-06-16,000056.SZ,1.8100,1.8400,1.7200,1.7500,610804.0000,,Tencent_raw
2026-06-17,000056.SZ,1.7600,1.7600,1.6600,1.6800,333831.0000,,Tencent_raw
2026-06-18,000056.SZ,1.6700,1.7400,1.6400,1.6700,273190.0000,,Tencent_raw
2026-06-22,000056.SZ,1.6200,1.7500,1.6200,1.7500,368058.0000,,Tencent_raw
2026-06-23,000056.SZ,1.7900,1.8400,1.7700,1.8400,303602.0000,,Tencent_raw
2026-06-24,000056.SZ,1.9100,1.9300,1.8200,1.8800,677909.0000,,Tencent_raw
2026-06-25,000056.SZ,1.9500,1.9700,1.9200,1.9700,760907.0000,,Tencent_raw
2026-06-26,000056.SZ,1.9700,2.0700,1.9500,2.0700,281334.0000,,Tencent_raw
2026-06-29,000056.SZ,2.1700,2.1700,2.1000,2.1700,305633.0000,,Tencent_raw
2026-06-30,000056.SZ,2.2800,2.2800,2.2800,2.2800,87502.0000,,Tencent_raw
2026-07-01,000056.SZ,2.3900,2.3900,2.1700,2.2400,1033395.0000,,Tencent_raw
2026-07-02,000056.SZ,2.3000,2.3500,2.1300,2.1800,662093.0000,,Tencent_raw
2026-07-03,000056.SZ,2.0700,2.2700,2.0700,2.2400,589101.0000,,Tencent_raw
2026-07-06,000056.SZ,2.2600,2.4200,2.1800,2.3300,514244.0000,,Tencent_raw
2026-07-07,000056.SZ,2.3000,2.3700,2.2300,2.2500,340873.0000,,Tencent_raw
2026-07-08,000056.SZ,2.1700,2.2600,2.1100,2.1900,274952.0000,,Tencent_raw
2026-07-09,000056.SZ,2.2100,2.2800,2.1900,2.2100,260055.0000,,Tencent_raw
2026-07-10,000056.SZ,2.2200,2.2400,2.0900,2.1000,321294.0000,,Tencent_raw
2026-07-13,000056.SZ,2.1600,2.2000,2.0700,2.1000,259577.0000,,Tencent_raw
2026-07-14,000056.SZ,2.0700,2.1800,2.0400,2.1400,240366.0000,,Tencent_raw
2026-07-15,000056.SZ,2.1500,2.1800,2.0900,2.1100,203114.0000,,Tencent_raw
2026-07-16,000056.SZ,2.0800,2.0800,1.9000,1.9500,433623.0000,,Tencent_raw
2026-07-17,000056.SZ,1.9700,1.9800,1.7600,1.7800,316050.0000,,Tencent_raw
2026-07-20,000056.SZ,1.8500,1.8700,1.6100,1.6900,338355.0000,,Tencent_raw
2026-07-21,000056.SZ,1.7000,1.7700,1.5300,1.7200,313785.0000,,Tencent_raw
2026-07-22,000056.SZ,1.7100,1.7600,1.6800,1.7600,157072.0000,,Tencent_raw
2026-07-23,000056.SZ,1.7800,1.9300,1.7700,1.8900,252393.0000,,Tencent_raw
2026-07-24,000056.SZ,1.8800,1.9100,1.8500,1.8800,126100.0000,,Tencent_raw
2026-07-27,000056.SZ,1.8700,1.9200,1.8400,1.8900,135607.0000,,Tencent_raw
2026-07-28,000056.SZ,1.8800,1.9600,1.8500,1.8900,162221.0000,,Tencent_raw
2026-07-29,000056.SZ,1.9100,1.9400,1.8800,1.9000,118457.0000,,Tencent_raw
2026-07-30,000056.SZ,1.9100,1.9300,1.8300,1.8300,153197.0000,,Tencent_raw
2026-07-31,000056.SZ,1.8800,1.9100,1.8500,1.9100,151754.0000,,Tencent_raw
2026-08-03,000056.SZ,1.9100,1.9600,1.9000,1.9200,118358.0000,,Tencent_raw
2026-08-04,000056.SZ,1.9000,1.9200,1.8300,1.9000,187024.0000,,Tencent_raw
2026-08-05,000056.SZ,1.9200,2.0900,1.8900,2.0900,415452.0000,,Tencent_raw
2026-08-06,000056.SZ,2.1500,2.1600,2.0500,2.0600,374326.0000,,Tencent_raw
2026-08-07,000056.SZ,2.1100,2.2100,2.0800,2.1400,322868.0000,,Tencent_raw
2026-08-10,000056.SZ,2.1400,2.1500,1.9400,1.9700,445073.0000,,Tencent_raw
2026-08-11,000056.SZ,1.9700,1.9900,1.9100,1.9200,208697.0000,,Tencent_raw
2026-08-12,000056.SZ,1.9300,1.9500,1.8900,1.9200,180315.0000,,Tencent_raw
2026-08-13,000056.SZ,1.9100,1.9400,1.8900,1.8900,166827.0000,,Tencent_raw
2026-08-14,000056.SZ,1.8800,1.9900,1.8800,1.9600,205226.0000,,Tencent_raw
2026-08-17,000056.SZ,1.9600,2.0400,1.9500,1.9900,252097.0000,,Tencent_raw
2026-08-18,000056.SZ,1.9900,2.0000,1.9300,1.9500,151061.0000,,Tencent_raw
2026-08-19,000056.SZ,1.9600,1.9900,1.9000,1.9300,146013.0000,,Tencent_raw
2026-08-20,000056.SZ,1.9400,1.9600,1.9100,1.9400,128743.0000,,Tencent_raw
2026-08-21,000056.SZ,1.9400,2.0200,1.9200,2.0100,212432.0000,,Tencent_raw
2026-08-24,000056.SZ,2.0300,2.0800,1.9900,2.0400,209958.0000,,Tencent_raw
2026-08-25,000056.SZ,2.0100,2.1800,2.0100,2.0700,316249.0000,,Tencent_raw
2026-08-26,000056.SZ,2.0500,2.0700,2.0100,2.0500,164069.0000,,Tencent_raw
2026-08-27,000056.SZ,2.0600,2.0800,2.0200,2.0600,128133.0000,,Tencent_raw
2026-08-28,000056.SZ,2.0700,2.1500,2.0400,2.0800,201768.0000,,Tencent_raw
2026-08-31,000056.SZ,2.1000,2.1800,2.1000,2.1700,237038.0000,,Tencent_raw
2026-09-01,000056.SZ,2.1700,2.2400,2.1500,2.2200,240083.0000,,Tencent_raw
2026-09-02,000056.SZ,2.2800,2.4400,2.2400,2.3300,436639.0000,,Tencent_raw
2026-09-03,000056.SZ,2.2700,2.3300,2.1100,2.2600,365423.0000,,Tencent_raw
2026-09-04,000056.SZ,2.2800,2.4000,2.2700,2.3500,329209.0000,,Tencent_raw
2026-09-07,000056.SZ,2.3900,2.4100,2.2900,2.3600,282826.0000,,Tencent_raw
2026-09-08,000056.SZ,2.3600,2.3700,2.2800,2.3500,222815.0000,,Tencent_raw
2026-09-09,000056.SZ,2.3400,2.4000,2.2800,2.4000,214506.0000,,Tencent_raw
2026-09-10,000056.SZ,2.4100,2.5500,2.4100,2.5400,352973.0000,,Tencent_raw
2026-09-11,000056.SZ,2.5800,2.7000,2.4400,2.6000,505574.0000,,Tencent_raw
2026-09-14,000056.SZ,2.6100,2.8000,2.5700,2.7700,458943.0000,,Tencent_raw
2026-09-15,000056.SZ,2.7500,2.9100,2.7100,2.9100,498733.0000,,Tencent_raw
2026-09-16,000056.SZ,2.9200,3.0200,2.8000,2.8200,512288.0000,,Tencent_raw
2026-09-17,000056.SZ,2.8000,2.8900,2.5400,2.5400,671147.0000,,Tencent_raw
2026-09-18,000056.SZ,2.5300,2.5800,2.3900,2.5000,518552.0000,,Tencent_raw
2026-09-21,000056.SZ,2.4900,2.5800,2.4600,2.5700,365540.0000,,Tencent_raw
2026-09-22,000056.SZ,2.5700,2.7500,2.5600,2.7500,328260.0000,,Tencent_raw
2026-09-23,000056.SZ,2.7200,2.8200,2.6600,2.6900,321158.0000,,Tencent_raw
2026-09-24,000056.SZ,2.6500,2.8200,2.6400,2.7600,293594.0000,,Tencent_raw
2026-09-28,000056.SZ,2.7400,2.7800,2.6500,2.7300,261524.0000,,Tencent_raw
2025-09-01,000752.SZ,10.6300,10.8500,10.5100,10.8100,34856.0000,,Tencent_raw
2025-09-02,000752.SZ,10.8100,11.0900,10.7500,10.9300,56024.0000,,Tencent_raw
2025-09-03,000752.SZ,10.9400,10.9700,10.5200,10.6300,53640.0000,,Tencent_raw
2025-09-04,000752.SZ,11.1600,11.1600,10.6800,10.7800,108882.0000,,Tencent_raw
2025-09-05,000752.SZ,10.6800,10.9600,10.5500,10.9300,67272.0000,,Tencent_raw
2025-09-08,000752.SZ,10.9800,11.3400,10.9100,11.3000,67513.0000,,Tencent_raw
2025-09-09,000752.SZ,11.4500,11.6600,11.2500,11.3700,65079.0000,,Tencent_raw
2025-09-10,000752.SZ,11.4300,11.6600,11.3100,11.5700,56714.0000,,Tencent_raw
2025-09-11,000752.SZ,11.5800,12.1500,11.5800,12.1500,92604.0000,,Tencent_raw
2025-09-12,000752.SZ,12.4100,12.4100,11.9100,12.1400,84434.0000,,Tencent_raw
2025-09-15,000752.SZ,12.2800,12.3300,11.9500,11.9600,44416.0000,,Tencent_raw
2025-09-16,000752.SZ,12.2500,12.5600,12.1100,12.5600,63623.0000,,Tencent_raw
2025-09-17,000752.SZ,12.4900,12.6600,12.1700,12.2000,73215.0000,,Tencent_raw
2025-09-18,000752.SZ,12.1500,12.2700,11.5900,11.7100,85804.0000,,Tencent_raw
2025-09-19,000752.SZ,11.7800,12.0500,11.6100,11.9000,40864.0000,,Tencent_raw
2025-09-22,000752.SZ,11.9000,12.0000,11.5000,11.5600,48680.0000,,Tencent_raw
2025-09-23,000752.SZ,11.5700,11.5700,10.9800,11.1900,63142.0000,,Tencent_raw
2025-09-24,000752.SZ,11.2500,11.4600,11.2300,11.4000,31957.0000,,Tencent_raw
2025-09-25,000752.SZ,11.4400,11.4900,11.0800,11.1900,28883.0000,,Tencent_raw
2025-09-26,000752.SZ,10.9000,10.9900,10.7600,10.8300,55072.0000,,Tencent_raw
2025-09-29,000752.SZ,10.8600,11.0200,10.8400,10.9000,28226.0000,,Tencent_raw
2025-09-30,000752.SZ,10.9800,11.2000,10.9000,11.1200,30850.0000,,Tencent_raw
2025-10-09,000752.SZ,11.1300,11.2700,10.6700,10.7000,57422.0000,,Tencent_raw
2025-10-10,000752.SZ,10.8100,11.0800,10.7900,10.9000,31074.0000,,Tencent_raw
2025-10-13,000752.SZ,10.5400,11.0000,10.5400,10.9100,29644.0000,,Tencent_raw
2025-10-14,000752.SZ,11.0000,11.2500,10.8700,11.0400,32555.0000,,Tencent_raw
2025-10-15,000752.SZ,11.0100,11.5900,10.9500,11.5900,39997.0000,,Tencent_raw
2025-10-16,000752.SZ,11.7400,11.8800,11.3200,11.3400,58844.0000,,Tencent_raw
2025-10-17,000752.SZ,11.2300,11.4900,11.0800,11.2200,31545.0000,,Tencent_raw
2025-10-20,000752.SZ,11.2800,11.3500,11.0900,11.1300,21732.0000,,Tencent_raw
2025-10-21,000752.SZ,11.1300,11.2100,11.0400,11.0900,23599.0000,,Tencent_raw
2025-10-22,000752.SZ,11.1100,11.2100,11.0400,11.0800,17424.0000,,Tencent_raw
2025-10-23,000752.SZ,11.0000,11.0000,10.7500,10.8700,37433.0000,,Tencent_raw
2025-10-24,000752.SZ,10.9100,11.2800,10.8200,11.1400,33856.0000,,Tencent_raw
2025-10-27,000752.SZ,11.1000,11.3000,10.9300,11.2000,32862.0000,,Tencent_raw
2025-10-28,000752.SZ,11.7600,11.7600,11.7600,11.7600,16020.0000,,Tencent_raw
2025-10-29,000752.SZ,12.0000,12.0100,11.4500,11.5500,104217.0000,,Tencent_raw
2025-10-30,000752.SZ,11.5000,11.6000,11.1300,11.1600,64514.0000,,Tencent_raw
2025-10-31,000752.SZ,11.1600,11.3000,11.1000,11.2500,35055.0000,,Tencent_raw
2025-11-03,000752.SZ,11.2600,11.5200,11.2400,11.3900,41084.0000,,Tencent_raw
2025-11-04,000752.SZ,11.4500,11.4700,11.3300,11.4700,29534.0000,,Tencent_raw
2025-11-05,000752.SZ,11.4700,11.7900,11.3900,11.6800,44709.0000,,Tencent_raw
2025-11-06,000752.SZ,11.7000,11.7000,11.4100,11.6300,35409.0000,,Tencent_raw
2025-11-07,000752.SZ,11.5500,11.7600,11.5300,11.5900,26973.0000,,Tencent_raw
2025-11-10,000752.SZ,11.6700,11.6800,11.5000,11.5900,28280.0000,,Tencent_raw
2025-11-11,000752.SZ,11.5800,11.6400,11.4000,11.5400,31390.0000,,Tencent_raw
2025-11-12,000752.SZ,11.5500,12.0100,11.5300,11.9300,71342.0000,,Tencent_raw
2025-11-13,000752.SZ,11.8800,12.4700,11.7000,12.2200,58359.0000,,Tencent_raw
2025-11-14,000752.SZ,12.2100,12.4900,12.1000,12.2200,52132.0000,,Tencent_raw
2025-11-17,000752.SZ,12.1500,12.3000,12.0900,12.2600,30911.0000,,Tencent_raw
2025-11-18,000752.SZ,12.1500,12.5700,12.1200,12.3200,38520.0000,,Tencent_raw
2025-11-19,000752.SZ,12.2500,12.5700,12.2500,12.4700,42942.0000,,Tencent_raw
2025-11-20,000752.SZ,12.4500,12.5200,12.1300,12.2200,44510.0000,,Tencent_raw
2025-11-21,000752.SZ,12.1300,12.1900,11.6100,11.6100,63532.0000,,Tencent_raw
2025-11-24,000752.SZ,11.5500,11.9700,11.4800,11.8400,31802.0000,,Tencent_raw
2025-11-25,000752.SZ,11.8900,11.9800,11.6700,11.7100,37622.0000,,Tencent_raw
2025-11-26,000752.SZ,11.6100,11.9500,11.6100,11.9400,45534.0000,,Tencent_raw
2025-11-27,000752.SZ,11.9400,12.0600,11.7600,11.7700,33792.0000,,Tencent_raw
2025-11-28,000752.SZ,11.7800,11.9000,11.6300,11.8800,20740.0000,,Tencent_raw
2025-12-01,000752.SZ,11.9000,12.4700,11.9000,12.4400,68445.0000,,Tencent_raw
2025-12-02,000752.SZ,12.4400,12.7700,12.3500,12.5900,57605.0000,,Tencent_raw
2025-12-03,000752.SZ,12.6500,12.6500,12.0500,12.1500,52597.0000,,Tencent_raw
2025-12-04,000752.SZ,12.1100,12.2100,12.0300,12.1100,26019.0000,,Tencent_raw
2025-12-05,000752.SZ,11.9900,12.2800,11.9700,12.2800,25717.0000,,Tencent_raw
2025-12-08,000752.SZ,12.2800,12.3100,12.1100,12.2200,28152.0000,,Tencent_raw
2025-12-09,000752.SZ,12.2700,12.4400,12.2000,12.3500,35014.0000,,Tencent_raw
2025-12-10,000752.SZ,12.3100,12.3500,12.1300,12.2100,24540.0000,,Tencent_raw
2025-12-11,000752.SZ,12.1700,12.1900,11.8500,11.9200,43149.0000,,Tencent_raw
2025-12-12,000752.SZ,11.8000,12.0100,11.7600,11.9900,20029.0000,,Tencent_raw
2025-12-15,000752.SZ,11.8400,11.8700,11.3900,11.3900,66614.0000,,Tencent_raw
2025-12-16,000752.SZ,10.8200,11.1900,10.8200,10.8200,45394.0000,,Tencent_raw
2025-12-17,000752.SZ,10.2800,10.8200,10.2800,10.5100,86444.0000,,Tencent_raw
2025-12-18,000752.SZ,10.6200,10.6400,10.2500,10.3900,42046.0000,,Tencent_raw
2025-12-19,000752.SZ,10.3900,10.4900,10.3200,10.4400,34057.0000,,Tencent_raw
2025-12-22,000752.SZ,10.5000,10.9600,10.4900,10.9600,23293.0000,,Tencent_raw
2025-12-23,000752.SZ,11.1900,11.5100,11.1200,11.4200,72892.0000,,Tencent_raw
2025-12-24,000752.SZ,11.4200,11.6200,11.3700,11.3800,44742.0000,,Tencent_raw
2025-12-25,000752.SZ,11.3800,11.4500,11.0800,11.1900,54014.0000,,Tencent_raw
2025-12-26,000752.SZ,11.1800,11.3900,11.0300,11.1400,39988.0000,,Tencent_raw
2025-12-29,000752.SZ,11.1400,11.1500,10.8200,10.8800,38937.0000,,Tencent_raw
2025-12-30,000752.SZ,10.8900,10.9700,10.7700,10.8200,25065.0000,,Tencent_raw
2025-12-31,000752.SZ,10.8300,11.0200,10.6300,10.9900,26399.0000,,Tencent_raw
2026-01-05,000752.SZ,11.0400,11.0600,10.8000,10.8300,33947.0000,,Tencent_raw
2026-01-06,000752.SZ,10.8500,10.9000,10.7800,10.8300,38080.0000,,Tencent_raw
2026-01-07,000752.SZ,10.7700,10.8900,10.7300,10.8400,24886.0000,,Tencent_raw
2026-01-08,000752.SZ,10.8400,10.8400,10.6000,10.6400,40438.0000,,Tencent_raw
2026-01-09,000752.SZ,10.6300,11.0700,10.4000,10.9600,79026.0000,,Tencent_raw
2026-01-12,000752.SZ,10.9700,10.9800,10.6800,10.7000,45112.0000,,Tencent_raw
2026-01-13,000752.SZ,10.7100,10.7100,10.4100,10.5800,36732.0000,,Tencent_raw
2026-01-14,000752.SZ,10.5800,10.8200,10.5000,10.5400,40117.0000,,Tencent_raw
2026-01-15,000752.SZ,10.5400,10.9900,10.5100,10.8300,54717.0000,,Tencent_raw
2026-01-16,000752.SZ,10.8000,11.1400,10.7000,10.9900,45596.0000,,Tencent_raw
2026-01-19,000752.SZ,11.0000,11.4800,10.9900,11.3400,55557.0000,,Tencent_raw
2026-01-20,000752.SZ,11.3600,11.6200,11.2800,11.3400,36871.0000,,Tencent_raw
2026-01-21,000752.SZ,11.2700,11.3600,11.0600,11.1100,38431.0000,,Tencent_raw
2026-01-22,000752.SZ,11.0500,11.2400,11.0500,11.1700,26269.0000,,Tencent_raw
2026-01-23,000752.SZ,11.0900,11.1900,10.9000,10.9600,38911.0000,,Tencent_raw
2026-01-26,000752.SZ,10.9700,11.5000,10.7600,11.3500,65269.0000,,Tencent_raw
2026-01-27,000752.SZ,11.0600,11.0600,10.8000,10.8500,49546.0000,,Tencent_raw
2026-01-28,000752.SZ,10.8500,10.9400,10.7300,10.8700,29495.0000,,Tencent_raw
2026-01-29,000752.SZ,10.8600,11.2000,10.7600,11.0300,49510.0000,,Tencent_raw
2026-01-30,000752.SZ,11.5800,11.5800,11.1000,11.1100,120408.0000,,Tencent_raw
2026-02-02,000752.SZ,10.6600,11.0500,10.5800,10.9000,49798.0000,,Tencent_raw
2026-02-03,000752.SZ,10.8900,11.0900,10.8500,10.8800,34639.0000,,Tencent_raw
2026-02-04,000752.SZ,10.8200,11.1000,10.7800,10.9600,32495.0000,,Tencent_raw
2026-02-05,000752.SZ,11.0600,11.0900,10.9200,10.9300,23535.0000,,Tencent_raw
2026-02-06,000752.SZ,10.8200,10.9500,10.8200,10.8800,23560.0000,,Tencent_raw
2026-02-09,000752.SZ,10.8600,10.9500,10.8200,10.8600,22297.0000,,Tencent_raw
2026-02-10,000752.SZ,10.8600,10.9200,10.8200,10.8600,16546.0000,,Tencent_raw
2026-02-11,000752.SZ,10.9000,10.9300,10.8300,10.8400,20386.0000,,Tencent_raw
2026-02-12,000752.SZ,10.8500,10.8600,10.6500,10.6500,30822.0000,,Tencent_raw
2026-02-13,000752.SZ,10.7100,10.9800,10.7000,10.8600,27507.0000,,Tencent_raw
2026-02-24,000752.SZ,10.8800,11.0500,10.8300,10.8700,37637.0000,,Tencent_raw
2026-02-25,000752.SZ,10.9000,10.9900,10.8400,10.9600,34421.0000,,Tencent_raw
2026-02-26,000752.SZ,10.9300,10.9300,10.7300,10.7800,43623.0000,,Tencent_raw
2026-02-27,000752.SZ,10.7300,10.7500,10.5000,10.6000,45860.0000,,Tencent_raw
2026-03-02,000752.SZ,10.5000,10.6300,10.3600,10.3900,45060.0000,,Tencent_raw
2026-03-03,000752.SZ,10.3900,10.4500,9.9200,9.9300,43557.0000,,Tencent_raw
2026-03-04,000752.SZ,9.8800,10.1500,9.8100,9.8700,32484.0000,,Tencent_raw
2026-03-05,000752.SZ,10.0100,10.0400,9.8900,9.9700,25274.0000,,Tencent_raw
2026-03-06,000752.SZ,10.0200,10.4700,9.9700,10.4700,38305.0000,,Tencent_raw
2026-03-09,000752.SZ,10.4700,10.5800,10.3200,10.4600,51401.0000,,Tencent_raw
2026-03-10,000752.SZ,10.4500,10.5000,10.3600,10.4500,24165.0000,,Tencent_raw
2026-03-11,000752.SZ,10.4700,10.4900,10.2100,10.2800,25075.0000,,Tencent_raw
2026-03-12,000752.SZ,10.2600,10.2900,10.0700,10.1000,25815.0000,,Tencent_raw
2026-03-13,000752.SZ,10.2000,10.4900,10.1000,10.3300,36545.0000,,Tencent_raw
2026-03-16,000752.SZ,10.2800,10.4700,10.2600,10.4300,32856.0000,,Tencent_raw
2026-03-17,000752.SZ,10.4200,10.8500,10.4200,10.5200,50362.0000,,Tencent_raw
2026-03-18,000752.SZ,10.5000,10.6800,10.4100,10.5700,25558.0000,,Tencent_raw
2026-03-19,000752.SZ,10.4800,10.5400,10.3300,10.4000,24236.0000,,Tencent_raw
2026-03-20,000752.SZ,10.3500,10.4800,10.3000,10.3900,18193.0000,,Tencent_raw
2026-03-23,000752.SZ,10.3700,10.4000,9.9800,10.0300,33403.0000,,Tencent_raw
2026-03-24,000752.SZ,10.1800,10.4000,10.0300,10.4000,29461.0000,,Tencent_raw
2026-03-25,000752.SZ,10.5700,10.8600,10.4100,10.8500,67993.0000,,Tencent_raw
2026-03-26,000752.SZ,10.6100,10.6900,10.3100,10.3200,65585.0000,,Tencent_raw
2026-03-27,000752.SZ,10.2400,10.6600,10.1900,10.6300,38640.0000,,Tencent_raw
2026-03-30,000752.SZ,10.6300,11.1300,10.6300,10.7200,66178.0000,,Tencent_raw
2026-03-31,000752.SZ,10.8100,11.0400,10.6900,10.7200,40739.0000,,Tencent_raw
2026-04-01,000752.SZ,10.6600,10.7900,10.1800,10.1800,129382.0000,,Tencent_raw
2026-04-02,000752.SZ,9.6700,9.6700,9.6700,9.6700,17002.0000,,Tencent_raw
2026-04-03,000752.SZ,9.1900,9.1900,9.1900,9.1900,6962.0000,,Tencent_raw
2026-04-07,000752.SZ,8.9000,9.1500,8.7300,8.7300,169161.0000,,Tencent_raw
2026-04-08,000752.SZ,8.8000,9.1500,8.3600,9.0900,175677.0000,,Tencent_raw
2026-04-09,000752.SZ,8.8700,8.9000,8.6400,8.6500,106094.0000,,Tencent_raw
2026-04-10,000752.SZ,8.5600,9.0100,8.5600,8.8400,85978.0000,,Tencent_raw
2026-04-13,000752.SZ,8.8900,9.2800,8.8900,9.2800,37710.0000,,Tencent_raw
2026-04-14,000752.SZ,9.7100,9.7400,9.5200,9.7400,107405.0000,,Tencent_raw
2026-04-15,000752.SZ,9.8700,10.0800,9.6400,9.7000,77856.0000,,Tencent_raw
2026-04-16,000752.SZ,9.7000,9.9400,9.2700,9.5300,82277.0000,,Tencent_raw
2026-04-17,000752.SZ,9.5300,9.6400,9.4000,9.4600,33331.0000,,Tencent_raw
2026-04-20,000752.SZ,9.6600,9.9300,9.6600,9.9300,19131.0000,,Tencent_raw
2026-04-21,000752.SZ,10.4300,10.4300,9.8800,9.9500,84868.0000,,Tencent_raw
2026-04-22,000752.SZ,9.9900,10.1800,9.8100,9.9700,54511.0000,,Tencent_raw
2026-04-23,000752.SZ,10.1500,10.1800,9.8600,9.8600,41031.0000,,Tencent_raw
2026-04-24,000752.SZ,9.9900,10.3200,9.9100,10.1400,65724.0000,,Tencent_raw
2026-04-28,000752.SZ,10.6500,10.6500,10.5100,10.6500,44429.0000,,Tencent_raw
2026-04-29,000752.SZ,11.1000,11.1300,10.1200,10.1200,125373.0000,,Tencent_raw
2026-04-30,000752.SZ,9.8000,10.0600,9.8000,10.0000,55882.0000,,Tencent_raw
2026-05-06,000752.SZ,10.0000,10.0200,9.5000,9.6300,77530.0000,,Tencent_raw
2026-05-07,000752.SZ,9.6200,9.6200,9.1500,9.1500,82267.0000,,Tencent_raw
2026-05-08,000752.SZ,9.0000,9.4600,9.0000,9.2100,61717.0000,,Tencent_raw
2026-05-11,000752.SZ,9.1800,9.6000,9.1200,9.4400,61442.0000,,Tencent_raw
2026-05-12,000752.SZ,9.4200,9.5600,9.2000,9.2000,47065.0000,,Tencent_raw
2026-05-13,000752.SZ,9.2100,9.3500,9.1200,9.1900,38649.0000,,Tencent_raw
2026-05-14,000752.SZ,9.1900,9.2600,9.1000,9.1300,33059.0000,,Tencent_raw
2026-05-15,000752.SZ,9.1300,9.1500,8.9200,9.0400,36106.0000,,Tencent_raw
2026-05-18,000752.SZ,8.9800,9.1300,8.8800,8.9000,26265.0000,,Tencent_raw
2026-05-19,000752.SZ,8.9200,9.3500,8.8400,9.3500,77357.0000,,Tencent_raw
2026-05-20,000752.SZ,9.2300,9.4800,9.2300,9.2900,40361.0000,,Tencent_raw
2026-05-21,000752.SZ,9.2900,9.3200,8.9100,8.9100,51857.0000,,Tencent_raw
2026-05-22,000752.SZ,8.9200,9.0800,8.8600,9.0300,24666.0000,,Tencent_raw
2026-05-25,000752.SZ,8.9800,9.0400,8.8300,8.8300,35569.0000,,Tencent_raw
2026-05-26,000752.SZ,8.8400,8.8400,8.5000,8.6800,37742.0000,,Tencent_raw
2026-05-27,000752.SZ,8.6400,8.9000,8.4600,8.7900,44291.0000,,Tencent_raw
2026-05-28,000752.SZ,8.9100,9.1400,8.8800,9.0300,44960.0000,,Tencent_raw
2026-05-29,000752.SZ,8.8800,9.2000,8.8400,9.0700,41093.0000,,Tencent_raw
2026-06-01,000752.SZ,9.0800,9.1200,8.9900,9.1100,24519.0000,,Tencent_raw
2026-06-02,000752.SZ,9.1100,9.4900,9.0500,9.2000,36868.0000,,Tencent_raw
2026-06-03,000752.SZ,9.1000,9.2000,9.1000,9.1200,20826.0000,,Tencent_raw
2026-06-04,000752.SZ,9.0300,9.1700,9.0100,9.0300,13844.0000,,Tencent_raw
2026-06-05,000752.SZ,9.0600,9.1000,8.9700,9.0100,24170.0000,,Tencent_raw
2026-06-08,000752.SZ,8.8500,9.0200,8.8100,8.8900,20507.0000,,Tencent_raw
2026-06-09,000752.SZ,8.8900,9.2700,8.8900,9.1500,49365.0000,,Tencent_raw
2026-06-10,000752.SZ,9.1500,9.2800,9.1300,9.2500,33357.0000,,Tencent_raw
2026-06-11,000752.SZ,9.2500,9.3500,8.9200,8.9400,38253.0000,,Tencent_raw
2026-06-12,000752.SZ,8.9900,9.2200,8.8700,9.2000,29977.0000,,Tencent_raw
2026-06-15,000752.SZ,9.1000,9.1700,8.9600,9.0000,33774.0000,,Tencent_raw
2026-06-16,000752.SZ,9.0000,9.0000,8.7000,8.7200,46812.0000,,Tencent_raw
2026-06-17,000752.SZ,8.7200,8.8400,8.5300,8.6100,28393.0000,,Tencent_raw
2026-06-18,000752.SZ,8.6200,8.8000,8.4600,8.7900,31899.0000,,Tencent_raw
2026-06-22,000752.SZ,8.7800,8.8900,8.4800,8.7100,38604.0000,,Tencent_raw
2026-06-23,000752.SZ,8.9800,9.0900,8.8500,8.9100,36806.0000,,Tencent_raw
2026-06-24,000752.SZ,8.9200,8.9200,8.6300,8.6800,28596.0000,,Tencent_raw
2026-06-25,000752.SZ,8.6300,8.6800,8.3900,8.4200,34668.0000,,Tencent_raw
2026-06-26,000752.SZ,8.2000,8.4200,8.0000,8.0000,40889.0000,,Tencent_raw
2026-06-29,000752.SZ,7.6000,7.9000,7.6000,7.6200,33079.0000,,Tencent_raw
2026-06-30,000752.SZ,7.6600,7.9900,7.5200,7.9200,44583.0000,,Tencent_raw
2026-07-01,000752.SZ,7.9200,7.9700,7.5400,7.7600,36066.0000,,Tencent_raw
2026-07-02,000752.SZ,7.7500,8.1400,7.6500,8.0300,46191.0000,,Tencent_raw
2026-07-03,000752.SZ,8.0300,8.1300,7.9400,7.9500,26800.0000,,Tencent_raw
2026-07-06,000752.SZ,7.9700,8.0300,7.6600,7.6700,25712.0000,,Tencent_raw
2026-07-07,000752.SZ,7.7000,7.7500,7.1900,7.3500,39526.0000,,Tencent_raw
2026-07-08,000752.SZ,7.3300,7.4300,7.1000,7.3300,18454.0000,,Tencent_raw
2026-07-09,000752.SZ,7.3800,7.8900,7.2200,7.7000,41144.0000,,Tencent_raw
2026-07-10,000752.SZ,7.6400,7.9900,7.6000,7.8200,34170.0000,,Tencent_raw
2026-07-13,000752.SZ,7.8800,8.2700,7.8800,8.2000,46331.0000,,Tencent_raw
2026-07-14,000752.SZ,8.2000,8.2000,7.7300,7.8400,41972.0000,,Tencent_raw
2026-07-15,000752.SZ,7.7300,8.1700,7.7300,8.0200,24130.0000,,Tencent_raw
2026-07-16,000752.SZ,8.1400,8.5500,8.0200,8.1200,39201.0000,,Tencent_raw
2026-07-17,000752.SZ,8.1800,8.1800,7.8500,7.9800,27040.0000,,Tencent_raw
2026-07-20,000752.SZ,7.9800,8.3300,7.9800,8.1400,41276.0000,,Tencent_raw
2026-07-21,000752.SZ,8.1300,8.1900,7.9600,8.1100,28153.0000,,Tencent_raw
2026-07-22,000752.SZ,8.1000,8.1100,7.9300,7.9500,19248.0000,,Tencent_raw
2026-07-23,000752.SZ,7.9600,8.1500,7.9500,8.0700,18171.0000,,Tencent_raw
2026-07-24,000752.SZ,8.0400,8.0900,8.0000,8.0200,14461.0000,,Tencent_raw
2026-07-27,000752.SZ,8.0500,8.0800,7.9700,8.0200,10754.0000,,Tencent_raw
2026-07-28,000752.SZ,8.0200,8.0700,7.8900,7.9200,16304.0000,,Tencent_raw
2026-07-29,000752.SZ,7.9300,8.0800,7.9200,8.0100,19220.0000,,Tencent_raw
2026-07-30,000752.SZ,8.0200,8.2000,7.9400,7.9800,28263.0000,,Tencent_raw
2026-07-31,000752.SZ,7.9800,8.0800,7.9300,8.0800,17093.0000,,Tencent_raw
2026-08-03,000752.SZ,8.0800,8.0800,7.9900,8.0400,12143.0000,,Tencent_raw
2026-08-04,000752.SZ,8.0400,8.2500,8.0000,8.2300,28173.0000,,Tencent_raw
2026-08-05,000752.SZ,8.3800,9.0300,8.2800,8.8300,57359.0000,,Tencent_raw
2026-08-06,000752.SZ,8.8300,9.3500,8.8300,8.8600,45263.0000,,Tencent_raw
2026-08-07,000752.SZ,8.9200,9.0800,8.8600,8.9100,26498.0000,,Tencent_raw
2026-08-10,000752.SZ,8.9200,9.2500,8.8300,9.1800,42161.0000,,Tencent_raw
2026-08-11,000752.SZ,9.1800,9.2300,9.1100,9.1500,20555.0000,,Tencent_raw
2026-08-12,000752.SZ,9.2500,9.4000,9.1300,9.1600,27823.0000,,Tencent_raw
2026-08-13,000752.SZ,9.1200,9.1600,8.9800,8.9800,23716.0000,,Tencent_raw
2026-08-14,000752.SZ,8.9800,9.1500,8.9000,9.1400,17817.0000,,Tencent_raw
2026-08-17,000752.SZ,9.1300,9.2500,9.1000,9.1500,13165.0000,,Tencent_raw
2026-08-18,000752.SZ,9.1500,9.1500,8.9900,9.0100,15664.0000,,Tencent_raw
2026-08-19,000752.SZ,9.0100,9.0500,8.7800,8.8900,19259.0000,,Tencent_raw
2026-08-20,000752.SZ,9.0800,9.0800,8.9200,8.9700,12103.0000,,Tencent_raw
2026-08-21,000752.SZ,9.0100,9.0100,8.9100,8.9800,8615.0000,,Tencent_raw
2026-08-24,000752.SZ,8.9700,8.9700,8.8300,8.8700,14826.0000,,Tencent_raw
2026-08-25,000752.SZ,8.8200,8.9500,8.8100,8.8200,17276.0000,,Tencent_raw
2026-08-26,000752.SZ,8.8200,8.8600,8.7300,8.7600,14240.0000,,Tencent_raw
2026-08-27,000752.SZ,8.8200,8.9000,8.7400,8.8200,11942.0000,,Tencent_raw
2026-08-28,000752.SZ,8.6800,8.8200,8.6700,8.7100,13559.0000,,Tencent_raw
2026-08-31,000752.SZ,8.6900,8.6900,8.4900,8.5200,17615.0000,,Tencent_raw
2026-09-01,000752.SZ,8.5500,8.5600,8.3800,8.4200,23773.0000,,Tencent_raw
2026-09-02,000752.SZ,8.4100,8.4700,8.2800,8.4300,21088.0000,,Tencent_raw
2026-09-03,000752.SZ,8.4300,8.4600,8.3800,8.4300,11929.0000,,Tencent_raw
2026-09-04,000752.SZ,8.4700,9.0100,8.4400,8.9500,54803.0000,,Tencent_raw
2026-09-07,000752.SZ,8.9800,9.0800,8.8100,8.8800,32820.0000,,Tencent_raw
2026-09-08,000752.SZ,8.8900,8.9000,8.7800,8.8500,19771.0000,,Tencent_raw
2026-09-09,000752.SZ,8.8500,8.8500,8.6900,8.6900,16399.0000,,Tencent_raw
2026-09-10,000752.SZ,8.6600,8.7800,8.5100,8.6900,12608.0000,,Tencent_raw
2026-09-11,000752.SZ,8.6800,8.8700,8.5600,8.8400,18982.0000,,Tencent_raw
2026-09-14,000752.SZ,8.8500,9.0800,8.7700,8.8200,27677.0000,,Tencent_raw
2026-09-15,000752.SZ,8.8000,8.8100,8.5900,8.5900,21901.0000,,Tencent_raw
2026-09-16,000752.SZ,8.5800,8.7100,8.5700,8.6800,8292.0000,,Tencent_raw
2026-09-17,000752.SZ,8.6600,8.6900,8.6200,8.6500,8840.0000,,Tencent_raw
2026-09-18,000752.SZ,8.6500,8.7400,8.6400,8.6900,12979.0000,,Tencent_raw
2026-09-21,000752.SZ,8.7000,8.7200,8.6400,8.7100,9607.0000,,Tencent_raw
2026-09-22,000752.SZ,8.6400,8.7400,8.6300,8.6700,10476.0000,,Tencent_raw
2026-09-23,000752.SZ,8.6400,8.9200,8.6400,8.7300,16016.0000,,Tencent_raw
2026-09-24,000752.SZ,8.7100,9.0900,8.6600,8.9600,37671.0000,,Tencent_raw
2026-09-28,000752.SZ,8.9600,9.1300,8.8800,9.0100,28918.0000,,Tencent_raw
2025-09-01,000829.SZ,10.4700,10.5300,10.2600,10.3300,223608.0000,,Tencent_raw
2025-09-02,000829.SZ,10.2700,10.3300,9.8400,9.9600,336930.0000,,Tencent_raw
2025-09-03,000829.SZ,9.9600,10.0300,9.6100,9.6800,215076.0000,,Tencent_raw
2025-09-04,000829.SZ,9.6700,9.8600,9.5500,9.7000,213323.0000,,Tencent_raw
2025-09-05,000829.SZ,9.7600,9.9200,9.6700,9.9000,165819.0000,,Tencent_raw
2025-09-08,000829.SZ,9.8800,9.9000,9.7400,9.8400,163107.0000,,Tencent_raw
2025-09-09,000829.SZ,9.8300,9.8400,9.6000,9.6300,175884.0000,,Tencent_raw
2025-09-10,000829.SZ,9.6000,9.6800,9.5600,9.6200,127510.0000,,Tencent_raw
2025-09-11,000829.SZ,9.5900,9.7300,9.4400,9.7200,162449.0000,,Tencent_raw
2025-09-12,000829.SZ,9.7200,9.8100,9.6300,9.6800,154645.0000,,Tencent_raw
2025-09-15,000829.SZ,9.6800,9.6800,9.5700,9.6000,104154.0000,,Tencent_raw
2025-09-16,000829.SZ,9.6100,9.8900,9.5900,9.7600,192967.0000,,Tencent_raw
2025-09-17,000829.SZ,9.8600,10.0600,9.7400,9.8900,269813.0000,,Tencent_raw
2025-09-18,000829.SZ,9.8600,9.9300,9.6500,9.7100,217359.0000,,Tencent_raw
2025-09-19,000829.SZ,9.7100,9.7500,9.6000,9.6300,124969.0000,,Tencent_raw
2025-09-22,000829.SZ,9.6300,9.9700,9.6300,9.7800,163523.0000,,Tencent_raw
2025-09-23,000829.SZ,9.7700,9.9000,9.4600,9.5500,208433.0000,,Tencent_raw
2025-09-24,000829.SZ,9.4800,9.6700,9.4300,9.6600,126776.0000,,Tencent_raw
2025-09-25,000829.SZ,9.6600,9.8600,9.5700,9.8100,185801.0000,,Tencent_raw
2025-09-26,000829.SZ,9.7600,10.0700,9.5900,9.6200,235881.0000,,Tencent_raw
2025-09-29,000829.SZ,9.5600,9.8000,9.4000,9.6400,223442.0000,,Tencent_raw
2025-09-30,000829.SZ,9.6000,9.7400,9.5900,9.6000,137971.0000,,Tencent_raw
2025-10-09,000829.SZ,9.6600,9.8800,9.6500,9.7600,210329.0000,,Tencent_raw
2025-10-10,000829.SZ,9.7200,9.8600,9.6400,9.8000,174951.0000,,Tencent_raw
2025-10-13,000829.SZ,9.5900,9.9000,9.5100,9.7800,195385.0000,,Tencent_raw
2025-10-14,000829.SZ,9.8300,9.8700,9.6200,9.6400,189014.0000,,Tencent_raw
2025-10-15,000829.SZ,9.6400,9.9300,9.6400,9.8700,229044.0000,,Tencent_raw
2025-10-16,000829.SZ,9.8700,9.8700,9.6900,9.7000,140002.0000,,Tencent_raw
2025-10-17,000829.SZ,9.7000,9.7600,9.4900,9.5200,166321.0000,,Tencent_raw
2025-10-20,000829.SZ,9.5500,9.9500,9.5300,9.7700,229346.0000,,Tencent_raw
2025-10-21,000829.SZ,9.7700,9.9000,9.7200,9.7900,182846.0000,,Tencent_raw
2025-10-22,000829.SZ,9.7500,10.5000,9.7000,10.3100,294434.0000,,Tencent_raw
2025-10-23,000829.SZ,10.4300,11.0900,10.3600,10.4300,896401.0000,,Tencent_raw
2025-10-24,000829.SZ,10.2000,10.3500,10.1100,10.1300,500177.0000,,Tencent_raw
2025-10-27,000829.SZ,10.1200,10.1800,9.9700,10.0500,275717.0000,,Tencent_raw
2025-10-28,000829.SZ,10.0100,10.0700,9.9400,9.9700,201484.0000,,Tencent_raw
2025-10-29,000829.SZ,9.9500,10.0900,9.8600,10.0200,199606.0000,,Tencent_raw
2025-10-30,000829.SZ,9.9800,10.0800,9.9000,9.9000,179505.0000,,Tencent_raw
2025-10-31,000829.SZ,9.8900,10.1300,9.8900,10.0900,221914.0000,,Tencent_raw
2025-11-03,000829.SZ,10.0300,10.2500,9.9800,10.2500,231565.0000,,Tencent_raw
2025-11-04,000829.SZ,10.2000,10.3500,10.1400,10.2600,229331.0000,,Tencent_raw
2025-11-05,000829.SZ,10.1200,10.2900,10.1100,10.2100,148072.0000,,Tencent_raw
2025-11-06,000829.SZ,10.2000,10.2700,10.1100,10.2300,147937.0000,,Tencent_raw
2025-11-07,000829.SZ,10.2000,10.3200,10.1700,10.1800,125778.0000,,Tencent_raw
2025-11-10,000829.SZ,10.1800,10.4300,10.1600,10.3600,219461.0000,,Tencent_raw
2025-11-11,000829.SZ,10.3500,10.6000,10.2700,10.5400,285501.0000,,Tencent_raw
2025-11-12,000829.SZ,10.5500,10.5900,10.3000,10.3600,165838.0000,,Tencent_raw
2025-11-13,000829.SZ,10.3600,10.3900,10.2500,10.3200,138316.0000,,Tencent_raw
2025-11-14,000829.SZ,10.2600,10.4100,10.2500,10.3100,123179.0000,,Tencent_raw
2025-11-17,000829.SZ,10.3000,10.3500,10.1800,10.3100,163970.0000,,Tencent_raw
2025-11-18,000829.SZ,10.3200,10.3300,10.1200,10.1800,144470.0000,,Tencent_raw
2025-11-19,000829.SZ,10.1700,10.2300,10.0200,10.0900,114711.0000,,Tencent_raw
2025-11-20,000829.SZ,10.1000,10.2300,10.0100,10.1500,115893.0000,,Tencent_raw
2025-11-21,000829.SZ,10.0800,10.3200,9.9800,10.0900,231752.0000,,Tencent_raw
2025-11-24,000829.SZ,10.1000,10.5200,10.0900,10.4400,257986.0000,,Tencent_raw
2025-11-25,000829.SZ,10.4400,10.5800,10.3900,10.4800,223590.0000,,Tencent_raw
2025-11-26,000829.SZ,10.4900,10.5300,10.3200,10.3500,152116.0000,,Tencent_raw
2025-11-27,000829.SZ,10.3500,10.6000,10.2900,10.4700,211918.0000,,Tencent_raw
2025-11-28,000829.SZ,10.4700,10.4800,10.2500,10.3300,162516.0000,,Tencent_raw
2025-12-01,000829.SZ,10.3000,11.3600,10.2600,11.3600,823949.0000,,Tencent_raw
2025-12-02,000829.SZ,11.6500,11.9800,11.1000,11.4900,1375566.0000,,Tencent_raw
2025-12-03,000829.SZ,11.4900,11.5300,11.1400,11.2100,639151.0000,,Tencent_raw
2025-12-04,000829.SZ,11.1500,11.1800,10.8300,10.8800,443972.0000,,Tencent_raw
2025-12-05,000829.SZ,10.8600,10.9800,10.7600,10.8900,392561.0000,,Tencent_raw
2025-12-08,000829.SZ,10.9400,11.1200,10.8600,10.9000,422762.0000,,Tencent_raw
2025-12-09,000829.SZ,10.8000,10.9500,10.7000,10.7700,300577.0000,,Tencent_raw
2025-12-10,000829.SZ,10.7200,10.8600,10.6400,10.7800,253866.0000,,Tencent_raw
2025-12-11,000829.SZ,10.7800,10.7900,10.4600,10.4700,275620.0000,,Tencent_raw
2025-12-12,000829.SZ,10.4200,11.1000,10.3300,10.7800,543138.0000,,Tencent_raw
2025-12-15,000829.SZ,10.6700,11.1900,10.6700,11.0000,419843.0000,,Tencent_raw
2025-12-16,000829.SZ,10.9800,11.1400,10.7700,10.9100,291225.0000,,Tencent_raw
2025-12-17,000829.SZ,10.8300,11.0900,10.7900,10.9500,274628.0000,,Tencent_raw
2025-12-18,000829.SZ,10.8500,11.1400,10.8300,10.9400,274812.0000,,Tencent_raw
2025-12-19,000829.SZ,10.9200,11.1400,10.8500,11.0900,292312.0000,,Tencent_raw
2025-12-22,000829.SZ,11.0400,11.0800,10.8000,10.8700,275813.0000,,Tencent_raw
2025-12-23,000829.SZ,10.8000,10.8700,10.5700,10.6500,251444.0000,,Tencent_raw
2025-12-24,000829.SZ,10.6300,10.8500,10.6300,10.7700,152598.0000,,Tencent_raw
2025-12-25,000829.SZ,10.7400,10.8200,10.6700,10.7100,162456.0000,,Tencent_raw
2025-12-26,000829.SZ,10.6800,10.7200,10.5000,10.5700,219160.0000,,Tencent_raw
2025-12-29,000829.SZ,10.5500,10.6900,10.4600,10.5800,177349.0000,,Tencent_raw
2025-12-30,000829.SZ,10.5100,10.7100,10.5100,10.5500,157110.0000,,Tencent_raw
2025-12-31,000829.SZ,10.6300,11.1400,10.4100,10.9100,438648.0000,,Tencent_raw
2026-01-05,000829.SZ,10.9000,10.9600,10.8200,10.9600,239550.0000,,Tencent_raw
2026-01-06,000829.SZ,10.9100,11.0600,10.8700,10.9800,273456.0000,,Tencent_raw
2026-01-07,000829.SZ,10.9500,10.9700,10.6600,10.6800,330416.0000,,Tencent_raw
2026-01-08,000829.SZ,10.6300,11.0300,10.6000,11.0000,384087.0000,,Tencent_raw
2026-01-09,000829.SZ,10.9900,11.4500,10.9800,11.3300,534980.0000,,Tencent_raw
2026-01-12,000829.SZ,11.5100,12.0000,11.2800,11.9000,685756.0000,,Tencent_raw
2026-01-13,000829.SZ,11.8800,11.9400,11.5000,11.8200,612832.0000,,Tencent_raw
2026-01-14,000829.SZ,11.3000,11.5000,10.9200,11.0800,892205.0000,,Tencent_raw
2026-01-15,000829.SZ,11.0100,11.1300,10.7000,10.8000,382621.0000,,Tencent_raw
2026-01-16,000829.SZ,10.8100,10.8700,10.4200,10.5800,440600.0000,,Tencent_raw
2026-01-19,000829.SZ,10.5300,10.6400,10.4200,10.6200,256563.0000,,Tencent_raw
2026-01-20,000829.SZ,10.6100,10.7400,10.4500,10.5200,300529.0000,,Tencent_raw
2026-01-21,000829.SZ,10.4400,10.9600,10.2500,10.7400,405846.0000,,Tencent_raw
2026-01-22,000829.SZ,10.6800,10.9700,10.6800,10.8600,349845.0000,,Tencent_raw
2026-01-23,000829.SZ,10.8600,11.0100,10.8100,10.9600,317476.0000,,Tencent_raw
2026-01-26,000829.SZ,10.9000,10.9900,10.6500,10.7500,294763.0000,,Tencent_raw
2026-01-27,000829.SZ,10.7200,10.7800,10.4400,10.5300,259946.0000,,Tencent_raw
2026-01-28,000829.SZ,10.5000,10.6400,10.3300,10.3600,221983.0000,,Tencent_raw
2026-01-29,000829.SZ,10.2900,10.5700,10.1300,10.4000,257215.0000,,Tencent_raw
2026-01-30,000829.SZ,10.3600,10.5800,10.3000,10.4500,246364.0000,,Tencent_raw
2026-02-02,000829.SZ,10.3900,10.5300,10.1000,10.1300,212205.0000,,Tencent_raw
2026-02-03,000829.SZ,10.2500,10.3700,10.2000,10.3400,142048.0000,,Tencent_raw
2026-02-04,000829.SZ,10.2800,10.3700,10.2200,10.3500,147331.0000,,Tencent_raw
2026-02-05,000829.SZ,10.3100,10.3900,10.2500,10.3000,145475.0000,,Tencent_raw
2026-02-06,000829.SZ,10.2500,10.4300,10.1400,10.3000,168763.0000,,Tencent_raw
2026-02-09,000829.SZ,10.4000,10.6000,10.3300,10.5100,164965.0000,,Tencent_raw
2026-02-10,000829.SZ,10.4900,11.5500,10.4700,11.2000,760629.0000,,Tencent_raw
2026-02-11,000829.SZ,10.9700,11.1700,10.9100,10.9700,415963.0000,,Tencent_raw
2026-02-12,000829.SZ,10.9400,10.9600,10.7000,10.7100,247653.0000,,Tencent_raw
2026-02-13,000829.SZ,10.8500,10.8800,10.5300,10.5800,228747.0000,,Tencent_raw
2026-02-24,000829.SZ,10.7200,10.8900,10.6400,10.6600,267219.0000,,Tencent_raw
2026-02-25,000829.SZ,10.6500,10.8900,10.6300,10.8200,211534.0000,,Tencent_raw
2026-02-26,000829.SZ,10.9000,11.1000,10.8200,10.9300,265182.0000,,Tencent_raw
2026-02-27,000829.SZ,10.9100,11.0700,10.8500,10.9900,223802.0000,,Tencent_raw
2026-03-02,000829.SZ,10.8100,11.2300,10.6600,11.1100,474720.0000,,Tencent_raw
2026-03-03,000829.SZ,11.1000,11.2400,10.5100,10.5600,342891.0000,,Tencent_raw
2026-03-04,000829.SZ,10.4300,10.7600,10.4300,10.5200,216907.0000,,Tencent_raw
2026-03-05,000829.SZ,10.7300,10.7900,10.4900,10.5300,201432.0000,,Tencent_raw
2026-03-06,000829.SZ,10.4500,10.5300,10.2400,10.3000,283261.0000,,Tencent_raw
2026-03-09,000829.SZ,10.1300,10.3300,9.6900,10.1900,376280.0000,,Tencent_raw
2026-03-10,000829.SZ,10.3000,10.5600,10.2800,10.5400,260424.0000,,Tencent_raw
2026-03-11,000829.SZ,10.5000,10.9300,10.5000,10.8400,338148.0000,,Tencent_raw
2026-03-12,000829.SZ,10.7600,10.7800,10.4300,10.5500,261344.0000,,Tencent_raw
2026-03-13,000829.SZ,10.5300,11.2500,10.4100,10.8700,488451.0000,,Tencent_raw
2026-03-16,000829.SZ,10.8100,11.0000,10.6800,10.9300,247863.0000,,Tencent_raw
2026-03-17,000829.SZ,10.9600,11.0400,10.7000,10.7200,198432.0000,,Tencent_raw
2026-03-18,000829.SZ,10.7300,10.8400,10.6900,10.7700,144688.0000,,Tencent_raw
2026-03-19,000829.SZ,10.6500,10.8600,10.6000,10.6900,175124.0000,,Tencent_raw
2026-03-20,000829.SZ,10.7100,10.9500,10.4300,10.4600,244354.0000,,Tencent_raw
2026-03-23,000829.SZ,10.2000,10.2500,9.4100,9.4500,532450.0000,,Tencent_raw
2026-03-24,000829.SZ,9.5400,9.8500,9.3300,9.8200,321969.0000,,Tencent_raw
2026-03-25,000829.SZ,9.8100,10.4800,9.8000,10.3100,375732.0000,,Tencent_raw
2026-03-26,000829.SZ,10.3100,10.6000,10.2800,10.3000,251998.0000,,Tencent_raw
2026-03-27,000829.SZ,10.1600,10.4500,10.0800,10.3800,182484.0000,,Tencent_raw
2026-03-30,000829.SZ,10.2500,10.5200,10.1000,10.4300,197224.0000,,Tencent_raw
2026-03-31,000829.SZ,10.4400,10.7900,10.3800,10.3800,204276.0000,,Tencent_raw
2026-04-01,000829.SZ,10.5500,10.5800,10.2600,10.3500,181005.0000,,Tencent_raw
2026-04-02,000829.SZ,10.2800,10.3900,10.0400,10.1200,145529.0000,,Tencent_raw
2026-04-03,000829.SZ,10.2100,10.4800,9.8800,10.1900,280902.0000,,Tencent_raw
2026-04-07,000829.SZ,10.2100,10.3400,10.1300,10.2500,142100.0000,,Tencent_raw
2026-04-08,000829.SZ,10.4000,10.6500,10.3900,10.5900,219247.0000,,Tencent_raw
2026-04-09,000829.SZ,10.4600,10.7500,10.4400,10.6100,182098.0000,,Tencent_raw
2026-04-10,000829.SZ,10.6600,10.7900,10.5600,10.5700,186948.0000,,Tencent_raw
2026-04-13,000829.SZ,10.5500,10.8700,10.5500,10.7000,239669.0000,,Tencent_raw
2026-04-14,000829.SZ,10.7200,10.7900,10.3900,10.4600,217234.0000,,Tencent_raw
2026-04-15,000829.SZ,10.5000,10.9200,10.3900,10.6600,314507.0000,,Tencent_raw
2026-04-16,000829.SZ,10.6200,10.8800,10.6200,10.8000,252383.0000,,Tencent_raw
2026-04-17,000829.SZ,10.7900,11.1100,10.7200,10.9700,327412.0000,,Tencent_raw
2026-04-20,000829.SZ,10.8900,11.2400,10.6700,11.0100,760046.0000,,Tencent_raw
2026-04-21,000829.SZ,10.9700,11.1900,10.8700,10.9900,456005.0000,,Tencent_raw
2026-04-22,000829.SZ,10.9600,11.8000,10.9600,11.5400,705238.0000,,Tencent_raw
2026-04-23,000829.SZ,11.6000,12.6900,11.6000,12.1400,1056254.0000,,Tencent_raw
2026-04-24,000829.SZ,12.1400,12.3200,11.7800,11.9000,498284.0000,,Tencent_raw
2026-04-27,000829.SZ,11.4200,11.6500,11.0200,11.5400,604539.0000,,Tencent_raw
2026-04-28,000829.SZ,11.4600,11.7500,11.0300,11.1100,478541.0000,,Tencent_raw
2026-04-29,000829.SZ,11.2200,11.8500,11.1500,11.4700,469187.0000,,Tencent_raw
2026-04-30,000829.SZ,11.2700,12.0300,11.2700,11.7000,483569.0000,,Tencent_raw
2026-05-06,000829.SZ,11.6700,12.0300,11.5100,11.7900,413409.0000,,Tencent_raw
2026-05-07,000829.SZ,11.7900,11.9100,11.5800,11.7300,273602.0000,,Tencent_raw
2026-05-08,000829.SZ,11.7200,11.7200,11.4000,11.5100,252709.0000,,Tencent_raw
2026-05-11,000829.SZ,11.5000,11.5400,11.0400,11.1900,429651.0000,,Tencent_raw
2026-05-12,000829.SZ,11.1500,11.4200,10.8400,11.1800,408882.0000,,Tencent_raw
2026-05-13,000829.SZ,11.1000,11.1700,10.8800,11.0300,253678.0000,,Tencent_raw
2026-05-14,000829.SZ,11.0200,11.0800,10.5900,10.6100,332940.0000,,Tencent_raw
2026-05-15,000829.SZ,10.5500,10.7100,10.2300,10.4000,270066.0000,,Tencent_raw
2026-05-18,000829.SZ,10.3400,10.3900,10.0000,10.1200,273961.0000,,Tencent_raw
2026-05-19,000829.SZ,10.1400,10.1900,9.9200,10.0500,233365.0000,,Tencent_raw
2026-05-20,000829.SZ,10.0000,10.0500,9.7600,9.8100,240913.0000,,Tencent_raw
2026-05-21,000829.SZ,9.8900,10.0600,9.5100,9.5300,283781.0000,,Tencent_raw
2026-05-22,000829.SZ,9.5500,9.6700,9.2400,9.2700,350369.0000,,Tencent_raw
2026-05-25,000829.SZ,9.2200,9.2700,8.9000,9.0900,293739.0000,,Tencent_raw
2026-05-26,000829.SZ,9.0500,9.1800,8.9200,9.1300,216740.0000,,Tencent_raw
2026-05-27,000829.SZ,9.1500,9.1500,8.5500,8.5900,380564.0000,,Tencent_raw
2026-05-28,000829.SZ,8.5800,8.7300,8.3900,8.6600,230668.0000,,Tencent_raw
2026-05-29,000829.SZ,8.6000,8.6900,8.3900,8.4300,231105.0000,,Tencent_raw
2026-06-01,000829.SZ,8.3700,8.8100,8.3600,8.6700,229688.0000,,Tencent_raw
2026-06-02,000829.SZ,8.6600,8.7200,8.4300,8.5500,169776.0000,,Tencent_raw
2026-06-03,000829.SZ,8.6000,9.3800,8.5000,9.0100,523090.0000,,Tencent_raw
2026-06-04,000829.SZ,8.9200,9.5000,8.9000,9.1600,455149.0000,,Tencent_raw
2026-06-05,000829.SZ,9.1100,9.2900,9.0400,9.1600,272522.0000,,Tencent_raw
2026-06-08,000829.SZ,8.9800,9.1900,8.6300,8.7700,241279.0000,,Tencent_raw
2026-06-09,000829.SZ,8.8800,9.5000,8.6500,9.2800,407064.0000,,Tencent_raw
2026-06-10,000829.SZ,9.2000,9.4400,8.9300,9.1900,368353.0000,,Tencent_raw
2026-06-11,000829.SZ,9.0900,9.0900,8.6800,8.8500,265270.0000,,Tencent_raw
2026-06-12,000829.SZ,8.8700,9.0000,8.7900,8.8800,215031.0000,,Tencent_raw
2026-06-15,000829.SZ,8.8600,8.9300,8.5600,8.6800,280672.0000,,Tencent_raw
2026-06-16,000829.SZ,8.6000,8.6800,8.4200,8.5500,225201.0000,,Tencent_raw
2026-06-17,000829.SZ,8.5600,8.7400,8.4700,8.5000,187724.0000,,Tencent_raw
2026-06-18,000829.SZ,8.4600,8.4900,8.1000,8.1900,273180.0000,,Tencent_raw
2026-06-22,000829.SZ,8.1100,8.2600,7.8600,8.1100,259472.0000,,Tencent_raw
2026-06-23,000829.SZ,8.0300,8.1500,7.9000,7.9300,174304.0000,,Tencent_raw
2026-06-24,000829.SZ,7.9100,7.9400,7.5800,7.6500,214966.0000,,Tencent_raw
2026-06-25,000829.SZ,7.6700,7.8600,7.4600,7.7000,250768.0000,,Tencent_raw
2026-06-26,000829.SZ,7.6500,7.6800,7.2900,7.3000,225403.0000,,Tencent_raw
2026-06-29,000829.SZ,7.2900,7.3000,7.0000,7.0900,246654.0000,,Tencent_raw
2026-06-30,000829.SZ,7.0900,7.8000,7.0500,7.8000,211801.0000,,Tencent_raw
2026-07-01,000829.SZ,7.9000,7.9800,7.6700,7.8500,339917.0000,,Tencent_raw
2026-07-02,000829.SZ,7.9000,8.0200,7.5500,7.5500,237132.0000,,Tencent_raw
2026-07-03,000829.SZ,7.6200,7.7900,7.5300,7.5800,192551.0000,,Tencent_raw
2026-07-06,000829.SZ,7.5600,7.7100,7.5200,7.6000,147369.0000,,Tencent_raw
2026-07-07,000829.SZ,7.5800,7.6500,7.3600,7.3700,123752.0000,,Tencent_raw
2026-07-08,000829.SZ,7.3800,7.6200,7.2600,7.5600,183956.0000,,Tencent_raw
2026-07-09,000829.SZ,7.5500,7.8300,7.4700,7.6700,216502.0000,,Tencent_raw
2026-07-10,000829.SZ,7.6100,8.3600,7.5800,7.9300,312367.0000,,Tencent_raw
2026-07-13,000829.SZ,7.9200,8.0200,7.6200,7.6200,215971.0000,,Tencent_raw
2026-07-14,000829.SZ,7.6200,7.8200,7.5600,7.7600,188786.0000,,Tencent_raw
2026-07-15,000829.SZ,7.8800,8.4300,7.8100,8.2900,343186.0000,,Tencent_raw
2026-07-16,000829.SZ,8.2500,9.1200,8.1400,9.1200,523099.0000,,Tencent_raw
2026-07-17,000829.SZ,8.7000,9.3500,8.6200,8.6700,689384.0000,,Tencent_raw
2026-07-20,000829.SZ,8.6700,9.1500,8.5000,8.9900,522390.0000,,Tencent_raw
2026-07-21,000829.SZ,8.9000,9.1600,8.3900,8.6900,534999.0000,,Tencent_raw
2026-07-22,000829.SZ,8.5000,8.6400,8.4300,8.5000,325595.0000,,Tencent_raw
2026-07-23,000829.SZ,8.4200,8.6200,8.2900,8.5900,248198.0000,,Tencent_raw
2026-07-24,000829.SZ,8.4000,8.5200,8.2200,8.2300,208369.0000,,Tencent_raw
2026-07-27,000829.SZ,8.2700,8.3900,8.1600,8.3800,173078.0000,,Tencent_raw
2026-07-28,000829.SZ,8.3000,8.5000,8.2900,8.4600,210586.0000,,Tencent_raw
2026-07-29,000829.SZ,8.4500,8.6300,8.2800,8.5800,257153.0000,,Tencent_raw
2026-07-30,000829.SZ,8.6900,8.7500,8.4300,8.4900,242374.0000,,Tencent_raw
2026-07-31,000829.SZ,8.1600,8.6000,8.1100,8.4200,283134.0000,,Tencent_raw
2026-08-03,000829.SZ,8.3700,8.5700,8.3700,8.5700,150407.0000,,Tencent_raw
2026-08-04,000829.SZ,8.5600,8.6300,8.4100,8.5200,194230.0000,,Tencent_raw
2026-08-05,000829.SZ,8.5200,8.6700,8.4800,8.5800,212451.0000,,Tencent_raw
2026-08-06,000829.SZ,8.4800,8.6700,8.3600,8.4900,249319.0000,,Tencent_raw
2026-08-07,000829.SZ,8.5000,8.5100,8.1400,8.3100,243809.0000,,Tencent_raw
2026-08-10,000829.SZ,8.3700,8.5100,8.1700,8.4300,229851.0000,,Tencent_raw
2026-08-11,000829.SZ,8.4300,8.8000,8.3200,8.6900,437954.0000,,Tencent_raw
2026-08-12,000829.SZ,8.6600,8.7200,8.5300,8.6800,287069.0000,,Tencent_raw
2026-08-13,000829.SZ,8.7300,8.7600,8.3800,8.4000,265790.0000,,Tencent_raw
2026-08-14,000829.SZ,8.4000,8.4700,8.2800,8.3500,178405.0000,,Tencent_raw
2026-08-17,000829.SZ,8.3300,8.3500,8.0000,8.2800,268368.0000,,Tencent_raw
2026-08-18,000829.SZ,8.2600,8.3000,8.0900,8.2700,172049.0000,,Tencent_raw
2026-08-19,000829.SZ,8.1900,8.2400,7.9500,7.9800,209045.0000,,Tencent_raw
2026-08-20,000829.SZ,8.0400,8.2900,8.0000,8.2100,182772.0000,,Tencent_raw
2026-08-21,000829.SZ,8.2000,8.3500,8.0800,8.3100,174231.0000,,Tencent_raw
2026-08-24,000829.SZ,8.3100,8.4300,8.2000,8.2600,133521.0000,,Tencent_raw
2026-08-25,000829.SZ,8.2300,8.5800,8.1900,8.5500,213630.0000,,Tencent_raw
2026-08-26,000829.SZ,8.5000,8.7000,8.4800,8.5700,188280.0000,,Tencent_raw
2026-08-27,000829.SZ,8.5700,8.7400,8.5200,8.7100,176241.0000,,Tencent_raw
2026-08-28,000829.SZ,8.7100,8.9200,8.5600,8.7600,222698.0000,,Tencent_raw
2026-08-31,000829.SZ,8.7000,9.0000,8.6100,8.9600,211927.0000,,Tencent_raw
2026-09-01,000829.SZ,9.1800,9.3200,9.0500,9.1600,333025.0000,,Tencent_raw
2026-09-02,000829.SZ,9.1100,9.2300,9.0300,9.1700,229032.0000,,Tencent_raw
2026-09-03,000829.SZ,9.1700,9.3000,9.1200,9.1300,175002.0000,,Tencent_raw
2026-09-04,000829.SZ,9.1400,9.3000,8.9500,9.0000,174145.0000,,Tencent_raw
2026-09-07,000829.SZ,8.9700,9.0800,8.8800,9.0500,161738.0000,,Tencent_raw
2026-09-08,000829.SZ,9.0600,9.3000,9.0000,9.2300,137319.0000,,Tencent_raw
2026-09-09,000829.SZ,9.2000,9.2800,9.1400,9.2500,115904.0000,,Tencent_raw
2026-09-10,000829.SZ,9.2300,9.3600,8.9700,9.0100,181938.0000,,Tencent_raw
2026-09-11,000829.SZ,9.0600,9.1000,8.7200,8.9000,226888.0000,,Tencent_raw
2026-09-14,000829.SZ,8.8900,9.0200,8.7500,8.9900,151030.0000,,Tencent_raw
2026-09-15,000829.SZ,8.9700,9.1300,8.7900,8.8000,100435.0000,,Tencent_raw
2026-09-16,000829.SZ,8.7600,8.8600,8.6800,8.8100,114697.0000,,Tencent_raw
2026-09-17,000829.SZ,8.7500,8.9300,8.7400,8.8800,98601.0000,,Tencent_raw
2026-09-18,000829.SZ,8.8500,9.0200,8.8500,8.8800,94774.0000,,Tencent_raw
2026-09-21,000829.SZ,8.8800,9.7700,8.8800,9.7700,545218.0000,,Tencent_raw
2026-09-22,000829.SZ,9.6800,9.9000,9.3500,9.3800,567643.0000,,Tencent_raw
2026-09-23,000829.SZ,9.3800,9.3900,9.0400,9.0600,285825.0000,,Tencent_raw
2026-09-24,000829.SZ,9.0500,9.4500,8.9300,9.3200,414668.0000,,Tencent_raw
2026-09-28,000829.SZ,9.3500,9.3800,8.5900,8.6600,401217.0000,,Tencent_raw
2025-09-01,002514.SZ,6.1100,6.1700,6.0500,6.1500,201481.0000,,Tencent_raw
2025-09-02,002514.SZ,6.2100,6.3300,6.0800,6.1200,344587.0000,,Tencent_raw
2025-09-03,002514.SZ,6.1100,6.7300,5.9900,6.7300,637978.0000,,Tencent_raw
2025-09-04,002514.SZ,7.3000,7.3000,6.7600,7.0100,1616276.0000,,Tencent_raw
2025-09-05,002514.SZ,6.9100,7.7000,6.9100,7.3700,1496023.0000,,Tencent_raw
2025-09-08,002514.SZ,7.3000,7.4900,7.0300,7.2600,956333.0000,,Tencent_raw
2025-09-09,002514.SZ,7.2600,7.6800,7.2400,7.5200,1079323.0000,,Tencent_raw
2025-09-10,002514.SZ,7.2800,7.4600,7.1000,7.2700,750846.0000,,Tencent_raw
2025-09-11,002514.SZ,7.1900,7.2900,6.8800,7.1400,697136.0000,,Tencent_raw
2025-09-12,002514.SZ,7.1900,7.1900,6.8300,6.9000,557040.0000,,Tencent_raw
2025-09-15,002514.SZ,6.8700,7.5900,6.8700,7.2000,1243095.0000,,Tencent_raw
2025-09-16,002514.SZ,7.1600,7.1700,6.9900,7.0400,700008.0000,,Tencent_raw
2025-09-17,002514.SZ,7.0500,7.7400,6.9200,7.7400,1187120.0000,,Tencent_raw
2025-09-18,002514.SZ,7.9900,8.1700,7.5200,7.7900,1598039.0000,,Tencent_raw
2025-09-19,002514.SZ,7.6300,7.6700,7.2700,7.3000,766376.0000,,Tencent_raw
2025-09-22,002514.SZ,7.2500,7.3700,7.0500,7.1100,481912.0000,,Tencent_raw
2025-09-23,002514.SZ,7.1100,7.1400,6.6000,6.7400,547280.0000,,Tencent_raw
2025-09-24,002514.SZ,6.8400,7.4100,6.8100,7.0600,710823.0000,,Tencent_raw
2025-09-25,002514.SZ,6.9100,7.0200,6.8100,6.8500,486568.0000,,Tencent_raw
2025-09-26,002514.SZ,6.7900,7.0500,6.5800,6.8200,410179.0000,,Tencent_raw
2025-09-29,002514.SZ,6.7100,6.7800,6.6200,6.7000,273968.0000,,Tencent_raw
2025-09-30,002514.SZ,6.7600,6.8200,6.6600,6.6600,235331.0000,,Tencent_raw
2025-10-09,002514.SZ,6.6600,6.9800,6.6600,6.8500,314718.0000,,Tencent_raw
2025-10-10,002514.SZ,6.8000,7.1000,6.7600,6.9900,363677.0000,,Tencent_raw
2025-10-13,002514.SZ,6.6500,7.2500,6.5500,7.2100,483582.0000,,Tencent_raw
2025-10-14,002514.SZ,7.3000,7.3800,7.0400,7.1500,402894.0000,,Tencent_raw
2025-10-15,002514.SZ,7.1100,7.1900,6.9700,7.0300,265446.0000,,Tencent_raw
2025-10-16,002514.SZ,7.2100,7.3000,6.9800,7.0600,329168.0000,,Tencent_raw
2025-10-17,002514.SZ,6.9300,6.9500,6.6100,6.6200,314887.0000,,Tencent_raw
2025-10-20,002514.SZ,6.6900,6.8200,6.6000,6.7700,219449.0000,,Tencent_raw
2025-10-21,002514.SZ,6.7300,6.8700,6.7300,6.8400,179528.0000,,Tencent_raw
2025-10-22,002514.SZ,6.8000,6.9400,6.7500,6.7800,167270.0000,,Tencent_raw
2025-10-23,002514.SZ,6.7500,6.8300,6.6400,6.8200,166569.0000,,Tencent_raw
2025-10-24,002514.SZ,6.8400,6.8600,6.7000,6.7000,188239.0000,,Tencent_raw
2025-10-27,002514.SZ,6.7300,6.8100,6.6800,6.7500,152292.0000,,Tencent_raw
2025-10-28,002514.SZ,6.7000,6.9800,6.6800,6.9000,292416.0000,,Tencent_raw
2025-10-29,002514.SZ,6.8300,6.9200,6.7600,6.8700,197271.0000,,Tencent_raw
2025-10-30,002514.SZ,6.8200,6.8300,6.6200,6.6300,228365.0000,,Tencent_raw
2025-10-31,002514.SZ,6.6300,6.7600,6.6000,6.6800,126054.0000,,Tencent_raw
2025-11-03,002514.SZ,6.8000,7.1600,6.7500,7.1000,549317.0000,,Tencent_raw
2025-11-04,002514.SZ,7.0500,7.1600,7.0300,7.1200,337592.0000,,Tencent_raw
2025-11-05,002514.SZ,7.1800,7.3000,6.9700,7.0700,359672.0000,,Tencent_raw
2025-11-06,002514.SZ,7.1500,7.1900,7.0100,7.0500,301043.0000,,Tencent_raw
2025-11-07,002514.SZ,7.0000,7.0800,6.8700,6.8800,267977.0000,,Tencent_raw
2025-11-10,002514.SZ,6.8900,7.0300,6.8700,6.9500,192299.0000,,Tencent_raw
2025-11-11,002514.SZ,6.9800,7.3300,6.9500,7.2000,530882.0000,,Tencent_raw
2025-11-12,002514.SZ,7.2000,7.2500,6.9400,7.0000,320340.0000,,Tencent_raw
2025-11-13,002514.SZ,6.9900,6.9900,6.8200,6.8600,324819.0000,,Tencent_raw
2025-11-14,002514.SZ,6.8000,7.0500,6.7100,6.8300,266503.0000,,Tencent_raw
2025-11-17,002514.SZ,6.8300,6.8500,6.6800,6.7400,224147.0000,,Tencent_raw
2025-11-18,002514.SZ,6.7300,6.7300,6.5300,6.5500,222595.0000,,Tencent_raw
2025-11-19,002514.SZ,6.5500,6.6100,6.3400,6.4100,169306.0000,,Tencent_raw
2025-11-20,002514.SZ,6.4400,6.4700,6.3600,6.4400,124108.0000,,Tencent_raw
2025-11-21,002514.SZ,6.4000,6.4000,6.1000,6.1100,192427.0000,,Tencent_raw
2025-11-24,002514.SZ,6.2100,6.2300,6.0600,6.1900,137818.0000,,Tencent_raw
2025-11-25,002514.SZ,6.2400,6.2500,6.1500,6.1900,133639.0000,,Tencent_raw
2025-11-26,002514.SZ,6.1900,6.3700,6.1700,6.2000,138349.0000,,Tencent_raw
2025-11-27,002514.SZ,6.1900,6.6100,6.1700,6.5000,319466.0000,,Tencent_raw
2025-11-28,002514.SZ,6.4400,6.8200,6.3700,6.6000,326117.0000,,Tencent_raw
2025-12-01,002514.SZ,6.3900,6.6500,6.3800,6.6400,268632.0000,,Tencent_raw
2025-12-02,002514.SZ,6.6000,6.9300,6.5500,6.8500,512598.0000,,Tencent_raw
2025-12-03,002514.SZ,6.8300,6.9800,6.8000,6.9300,333805.0000,,Tencent_raw
2025-12-04,002514.SZ,6.9100,6.9700,6.7500,6.8700,222780.0000,,Tencent_raw
2025-12-05,002514.SZ,6.9500,7.0700,6.8800,7.0700,414057.0000,,Tencent_raw
2025-12-08,002514.SZ,7.0600,7.2200,6.9700,7.0500,401898.0000,,Tencent_raw
2025-12-09,002514.SZ,7.0300,7.1900,7.0100,7.1800,295959.0000,,Tencent_raw
2025-12-10,002514.SZ,7.1000,7.2000,6.9100,7.1600,290431.0000,,Tencent_raw
2025-12-11,002514.SZ,7.1600,7.1800,6.9000,6.9400,294018.0000,,Tencent_raw
2025-12-12,002514.SZ,7.0000,7.0700,6.8800,6.9700,257350.0000,,Tencent_raw
2025-12-15,002514.SZ,6.9300,7.0200,6.7200,6.8100,344150.0000,,Tencent_raw
2025-12-16,002514.SZ,6.8200,7.1000,6.6900,6.7900,427811.0000,,Tencent_raw
2025-12-17,002514.SZ,6.7300,6.8000,6.1100,6.1100,666379.0000,,Tencent_raw
2025-12-18,002514.SZ,6.1100,6.2300,5.9800,6.1400,331998.0000,,Tencent_raw
2025-12-19,002514.SZ,6.1300,6.3900,6.0800,6.3600,297206.0000,,Tencent_raw
2025-12-22,002514.SZ,6.3600,6.3900,6.1000,6.1700,374132.0000,,Tencent_raw
2025-12-23,002514.SZ,6.1700,6.1700,6.0600,6.0800,200402.0000,,Tencent_raw
2025-12-24,002514.SZ,6.0700,6.1600,6.0200,6.1200,185954.0000,,Tencent_raw
2025-12-25,002514.SZ,6.1200,6.2200,6.0700,6.2000,241957.0000,,Tencent_raw
2025-12-26,002514.SZ,6.2100,6.2500,6.1000,6.1400,205571.0000,,Tencent_raw
2025-12-29,002514.SZ,6.1500,6.2000,6.1200,6.1600,205419.0000,,Tencent_raw
2025-12-30,002514.SZ,6.1100,6.1200,5.9400,5.9500,333851.0000,,Tencent_raw
2025-12-31,002514.SZ,6.0000,6.0100,5.7200,5.8800,294090.0000,,Tencent_raw
2026-01-05,002514.SZ,5.8500,5.9900,5.7800,5.8900,198721.0000,,Tencent_raw
2026-01-06,002514.SZ,5.8700,5.9400,5.8000,5.9000,208535.0000,,Tencent_raw
2026-01-07,002514.SZ,5.9000,6.2600,5.8300,6.1500,424895.0000,,Tencent_raw
2026-01-08,002514.SZ,6.1000,6.1500,6.0100,6.1000,222095.0000,,Tencent_raw
2026-01-09,002514.SZ,6.1000,6.1300,6.0200,6.1200,252289.0000,,Tencent_raw
2026-01-12,002514.SZ,6.1100,6.1700,6.0700,6.1100,397413.0000,,Tencent_raw
2026-01-13,002514.SZ,6.1000,6.1200,5.9600,5.9700,272212.0000,,Tencent_raw
2026-01-14,002514.SZ,5.9700,6.0500,5.9200,5.9500,243294.0000,,Tencent_raw
2026-01-15,002514.SZ,5.9600,5.9600,5.8200,5.8400,191957.0000,,Tencent_raw
2026-01-16,002514.SZ,5.8600,5.9400,5.8300,5.8800,144213.0000,,Tencent_raw
2026-01-19,002514.SZ,5.8800,5.9200,5.8300,5.9000,127571.0000,,Tencent_raw
2026-01-20,002514.SZ,5.9100,6.0500,5.8800,5.9800,235106.0000,,Tencent_raw
2026-01-21,002514.SZ,5.9500,6.0400,5.8600,5.9900,179359.0000,,Tencent_raw
2026-01-22,002514.SZ,6.0000,6.0300,5.9200,5.9600,151791.0000,,Tencent_raw
2026-01-23,002514.SZ,5.9600,6.2400,5.9600,6.1900,472985.0000,,Tencent_raw
2026-01-26,002514.SZ,6.2700,6.2700,6.0100,6.1000,314503.0000,,Tencent_raw
2026-01-27,002514.SZ,6.0400,6.0900,5.8900,5.9600,237854.0000,,Tencent_raw
2026-01-28,002514.SZ,5.9300,5.9400,5.8100,5.8200,187366.0000,,Tencent_raw
2026-01-29,002514.SZ,5.7800,5.8300,5.7200,5.7500,153358.0000,,Tencent_raw
2026-01-30,002514.SZ,5.7400,5.7700,5.6300,5.6500,156152.0000,,Tencent_raw
2026-02-02,002514.SZ,5.0900,5.0900,5.0900,5.0900,81666.0000,,Tencent_raw
2026-02-03,002514.SZ,4.5800,5.0000,4.5800,4.8700,627015.0000,,Tencent_raw
2026-02-04,002514.SZ,4.8600,5.1800,4.8000,5.0000,395181.0000,,Tencent_raw
2026-02-05,002514.SZ,5.0000,5.1600,4.9300,5.0900,305189.0000,,Tencent_raw
2026-02-06,002514.SZ,5.0900,5.2700,5.0300,5.2400,278538.0000,,Tencent_raw
2026-02-09,002514.SZ,5.2600,5.7600,5.2600,5.5500,709595.0000,,Tencent_raw
2026-02-10,002514.SZ,5.5500,5.9000,5.5000,5.6800,649523.0000,,Tencent_raw
2026-02-11,002514.SZ,5.6900,5.7100,5.4700,5.4800,332567.0000,,Tencent_raw
2026-02-12,002514.SZ,5.4700,5.5000,5.2500,5.2500,294159.0000,,Tencent_raw
2026-02-13,002514.SZ,5.2500,5.2800,5.1800,5.2000,172293.0000,,Tencent_raw
2026-02-24,002514.SZ,5.2400,5.3200,5.2300,5.2600,163091.0000,,Tencent_raw
2026-02-25,002514.SZ,5.2600,5.3800,5.2400,5.3000,159731.0000,,Tencent_raw
2026-02-26,002514.SZ,5.3100,5.3400,5.1800,5.2000,183592.0000,,Tencent_raw
2026-02-27,002514.SZ,5.1600,5.2200,5.1400,5.2200,123493.0000,,Tencent_raw
2026-03-02,002514.SZ,5.1000,5.1800,4.9700,4.9800,179599.0000,,Tencent_raw
2026-03-03,002514.SZ,4.9700,5.0700,4.8000,4.8000,168305.0000,,Tencent_raw
2026-03-04,002514.SZ,4.8000,4.8800,4.6900,4.8400,129295.0000,,Tencent_raw
2026-03-05,002514.SZ,4.9200,5.0400,4.9000,5.0200,164657.0000,,Tencent_raw
2026-03-06,002514.SZ,5.0000,5.0400,4.9600,5.0300,127765.0000,,Tencent_raw
2026-03-09,002514.SZ,4.9900,5.0600,4.9200,5.0500,128243.0000,,Tencent_raw
2026-03-10,002514.SZ,5.1000,5.1800,5.0800,5.1400,126804.0000,,Tencent_raw
2026-03-11,002514.SZ,5.1400,5.1500,5.0100,5.0300,139953.0000,,Tencent_raw
2026-03-12,002514.SZ,4.9800,5.0500,4.9100,4.9300,110799.0000,,Tencent_raw
2026-03-13,002514.SZ,4.9300,4.9600,4.8400,4.8500,106020.0000,,Tencent_raw
2026-03-16,002514.SZ,4.8200,4.9300,4.8200,4.9100,86659.0000,,Tencent_raw
2026-03-17,002514.SZ,4.9100,5.0400,4.8700,4.8800,149695.0000,,Tencent_raw
2026-03-18,002514.SZ,4.9200,4.9400,4.8200,4.9000,104962.0000,,Tencent_raw
2026-03-19,002514.SZ,4.8700,4.8900,4.7400,4.7700,110807.0000,,Tencent_raw
2026-03-20,002514.SZ,4.8100,4.8400,4.6400,4.6500,138463.0000,,Tencent_raw
2026-03-23,002514.SZ,4.6000,4.7200,4.4600,4.5000,159935.0000,,Tencent_raw
2026-03-24,002514.SZ,4.5900,4.8000,4.5400,4.7500,201484.0000,,Tencent_raw
2026-03-25,002514.SZ,4.7300,4.8200,4.6800,4.8100,136899.0000,,Tencent_raw
2026-03-26,002514.SZ,4.7600,4.8300,4.5700,4.6000,169251.0000,,Tencent_raw
2026-03-27,002514.SZ,4.5900,4.7100,4.5500,4.7000,104598.0000,,Tencent_raw
2026-03-30,002514.SZ,4.6500,4.7100,4.5400,4.6700,115218.0000,,Tencent_raw
2026-03-31,002514.SZ,4.6600,4.8300,4.6300,4.7400,238089.0000,,Tencent_raw
2026-04-01,002514.SZ,4.7900,4.8000,4.6600,4.7000,208689.0000,,Tencent_raw
2026-04-02,002514.SZ,4.6900,4.6900,4.3700,4.3900,315760.0000,,Tencent_raw
2026-04-03,002514.SZ,4.3900,4.4000,4.1300,4.1500,216572.0000,,Tencent_raw
2026-04-07,002514.SZ,4.1400,4.2500,4.1200,4.2100,182306.0000,,Tencent_raw
2026-04-08,002514.SZ,4.2900,4.4600,4.2600,4.4400,218856.0000,,Tencent_raw
2026-04-09,002514.SZ,4.4000,4.4400,4.2300,4.2800,184072.0000,,Tencent_raw
2026-04-10,002514.SZ,4.2900,4.3500,4.2800,4.2900,106378.0000,,Tencent_raw
2026-04-13,002514.SZ,4.2800,4.3800,4.2300,4.3500,126396.0000,,Tencent_raw
2026-04-14,002514.SZ,4.4000,4.4800,4.3000,4.4800,162964.0000,,Tencent_raw
2026-04-15,002514.SZ,4.4800,4.5000,4.3600,4.3700,144588.0000,,Tencent_raw
2026-04-16,002514.SZ,4.4200,4.4500,4.3700,4.4300,139674.0000,,Tencent_raw
2026-04-17,002514.SZ,4.4000,4.4400,4.2600,4.3400,153172.0000,,Tencent_raw
2026-04-20,002514.SZ,4.3200,4.3800,4.2800,4.3400,113346.0000,,Tencent_raw
2026-04-21,002514.SZ,4.3100,4.3400,4.1700,4.2000,178579.0000,,Tencent_raw
2026-04-22,002514.SZ,4.1500,4.2100,4.1200,4.1900,106001.0000,,Tencent_raw
2026-04-23,002514.SZ,4.1900,4.2300,4.1000,4.1300,149290.0000,,Tencent_raw
2026-04-24,002514.SZ,4.1000,4.1700,4.0600,4.1400,118395.0000,,Tencent_raw
2026-04-27,002514.SZ,4.0600,4.2200,3.9800,4.2000,184343.0000,,Tencent_raw
2026-04-28,002514.SZ,3.7800,3.7800,3.7800,3.7800,77001.0000,,Tencent_raw
2026-04-29,002514.SZ,3.4000,3.4000,3.4000,3.4000,61551.0000,,Tencent_raw
2026-05-06,002514.SZ,3.2300,3.2300,3.2300,3.2300,106814.0000,,Tencent_raw
2026-05-07,002514.SZ,3.0700,3.0700,3.0700,3.0700,9289.0000,,Tencent_raw
2026-05-08,002514.SZ,2.9200,2.9200,2.9200,2.9200,142557.0000,,Tencent_raw
2026-05-11,002514.SZ,2.9300,3.0700,2.9300,3.0700,996155.0000,,Tencent_raw
2026-05-12,002514.SZ,3.2200,3.2200,3.1900,3.2200,276203.0000,,Tencent_raw
2026-05-13,002514.SZ,3.3800,3.3800,3.3800,3.3800,14473.0000,,Tencent_raw
2026-05-14,002514.SZ,3.5500,3.5500,3.5500,3.5500,33820.0000,,Tencent_raw
2026-05-15,002514.SZ,3.7300,3.7300,3.7300,3.7300,27216.0000,,Tencent_raw
2026-05-18,002514.SZ,3.9200,3.9200,3.9200,3.9200,19869.0000,,Tencent_raw
2026-05-19,002514.SZ,4.1200,4.1200,4.1200,4.1200,282672.0000,,Tencent_raw
2026-05-20,002514.SZ,4.3300,4.3300,4.3300,4.3300,84952.0000,,Tencent_raw
2026-05-21,002514.SZ,4.3300,4.5500,4.1600,4.5000,1345237.0000,,Tencent_raw
2026-05-22,002514.SZ,4.2800,4.3700,4.2800,4.2800,645434.0000,,Tencent_raw
2026-05-25,002514.SZ,4.4900,4.4900,4.4900,4.4900,184925.0000,,Tencent_raw
2026-05-26,002514.SZ,4.7100,4.7100,4.4200,4.7100,890769.0000,,Tencent_raw
2026-05-27,002514.SZ,4.5500,4.9500,4.4700,4.8200,634531.0000,,Tencent_raw
2026-05-28,002514.SZ,4.5800,4.7400,4.5800,4.5800,554482.0000,,Tencent_raw
2026-05-29,002514.SZ,4.5700,4.6200,4.3500,4.3500,508342.0000,,Tencent_raw
2026-06-01,002514.SZ,4.3000,4.5700,4.1600,4.5700,471981.0000,,Tencent_raw
2026-06-02,002514.SZ,4.8000,4.8000,4.5800,4.6000,611638.0000,,Tencent_raw
2026-06-03,002514.SZ,4.6900,4.7200,4.3700,4.3700,556556.0000,,Tencent_raw
2026-06-04,002514.SZ,4.2800,4.2800,4.1500,4.1500,194695.0000,,Tencent_raw
2026-06-05,002514.SZ,3.9400,4.1700,3.9400,4.0500,485809.0000,,Tencent_raw
2026-06-08,002514.SZ,3.9000,3.9900,3.8500,3.8500,312684.0000,,Tencent_raw
2026-06-09,002514.SZ,3.8700,4.0400,3.6600,3.6600,652783.0000,,Tencent_raw
2026-06-10,002514.SZ,3.4800,3.4800,3.4800,3.4800,28177.0000,,Tencent_raw
2026-06-11,002514.SZ,3.3100,3.4700,3.3100,3.3100,445104.0000,,Tencent_raw
2026-06-12,002514.SZ,3.3400,3.3500,3.1400,3.1400,552257.0000,,Tencent_raw
2026-06-15,002514.SZ,3.0100,3.1700,2.9800,3.0600,447847.0000,,Tencent_raw
2026-06-16,002514.SZ,3.2100,3.2100,3.0900,3.2100,548165.0000,,Tencent_raw
2026-06-17,002514.SZ,3.1700,3.2500,3.0500,3.0500,389116.0000,,Tencent_raw
2026-06-18,002514.SZ,3.0100,3.0500,2.9000,2.9000,440918.0000,,Tencent_raw
2026-06-22,002514.SZ,2.8600,2.8600,2.7600,2.7600,77423.0000,,Tencent_raw
2026-06-23,002514.SZ,2.6200,2.7600,2.6200,2.6200,432653.0000,,Tencent_raw
2026-06-24,002514.SZ,2.4900,2.4900,2.4900,2.4900,77569.0000,,Tencent_raw
2026-06-25,002514.SZ,2.3700,2.3700,2.3700,2.3700,9974.0000,,Tencent_raw
2026-06-26,002514.SZ,2.2500,2.3600,2.2500,2.2500,470354.0000,,Tencent_raw
2026-06-29,002514.SZ,2.1600,2.1700,2.1400,2.1400,63495.0000,,Tencent_raw
2026-06-30,002514.SZ,2.0300,2.2500,2.0300,2.2500,710929.0000,,Tencent_raw
2026-07-01,002514.SZ,2.1600,2.3600,2.1500,2.3600,368031.0000,,Tencent_raw
2026-07-02,002514.SZ,2.4200,2.4600,2.2400,2.3200,659728.0000,,Tencent_raw
2026-07-03,002514.SZ,2.2200,2.2600,2.2000,2.2000,429604.0000,,Tencent_raw
2026-07-06,002514.SZ,2.1500,2.3800,2.0900,2.2100,424501.0000,,Tencent_raw
2026-07-07,002514.SZ,2.1000,2.1500,1.9900,1.9900,400951.0000,,Tencent_raw
2026-07-08,002514.SZ,1.8100,2.0700,1.7900,2.0000,590336.0000,,Tencent_raw
2026-07-09,002514.SZ,1.9300,2.0300,1.8600,1.9300,415811.0000,,Tencent_raw
2026-07-10,002514.SZ,1.9000,2.0400,1.8700,2.0300,406828.0000,,Tencent_raw
2026-07-13,002514.SZ,2.0200,2.1500,1.9700,2.1100,503317.0000,,Tencent_raw
2026-07-14,002514.SZ,2.1000,2.2300,2.0100,2.0300,523060.0000,,Tencent_raw
2026-07-15,002514.SZ,1.9300,1.9700,1.8300,1.8300,569450.0000,,Tencent_raw
2026-07-16,002514.SZ,1.8000,1.9500,1.7800,1.8900,455601.0000,,Tencent_raw
2026-07-17,002514.SZ,1.8700,1.9300,1.7200,1.7300,457611.0000,,Tencent_raw
2026-07-20,002514.SZ,1.7500,1.7700,1.5600,1.5600,529813.0000,,Tencent_raw
2026-07-21,002514.SZ,1.5100,1.5400,1.4000,1.4700,528154.0000,,Tencent_raw
2026-07-22,002514.SZ,1.4500,1.5300,1.4000,1.4500,408752.0000,,Tencent_raw
2026-07-23,002514.SZ,1.4700,1.6000,1.4600,1.6000,420287.0000,,Tencent_raw
2026-07-24,002514.SZ,1.6400,1.6900,1.5500,1.5600,602219.0000,,Tencent_raw
2026-07-27,002514.SZ,1.5600,1.7200,1.5200,1.7200,465839.0000,,Tencent_raw
2026-07-28,002514.SZ,1.7200,1.8900,1.7100,1.7700,760671.0000,,Tencent_raw
2026-07-29,002514.SZ,1.7700,1.9500,1.7600,1.9500,664556.0000,,Tencent_raw
2026-07-30,002514.SZ,1.9200,1.9200,1.7600,1.7600,688960.0000,,Tencent_raw
2026-07-31,002514.SZ,1.7700,1.9000,1.7500,1.8200,538241.0000,,Tencent_raw
2026-08-03,002514.SZ,1.8100,2.0000,1.7800,2.0000,667922.0000,,Tencent_raw
2026-08-04,002514.SZ,2.0000,2.1000,1.9700,2.0000,665208.0000,,Tencent_raw
2026-08-05,002514.SZ,2.0300,2.0900,1.9600,2.0900,521569.0000,,Tencent_raw
2026-08-06,002514.SZ,2.1200,2.1400,1.9800,2.0300,435321.0000,,Tencent_raw
2026-08-07,002514.SZ,2.0200,2.0400,1.9000,1.9400,421045.0000,,Tencent_raw
2026-08-10,002514.SZ,1.9500,1.9800,1.8700,1.9100,326570.0000,,Tencent_raw
2026-08-11,002514.SZ,1.9300,2.0300,1.8800,1.9900,447782.0000,,Tencent_raw
2026-08-12,002514.SZ,1.9500,2.0600,1.9400,1.9800,403872.0000,,Tencent_raw
2026-08-13,002514.SZ,1.9600,1.9700,1.8800,1.9000,416942.0000,,Tencent_raw
2026-08-14,002514.SZ,1.8900,1.9200,1.8500,1.8500,296031.0000,,Tencent_raw
2026-08-17,002514.SZ,1.8400,1.8800,1.8000,1.8600,254804.0000,,Tencent_raw
2026-08-18,002514.SZ,1.8300,1.8500,1.7300,1.7400,355834.0000,,Tencent_raw
2026-08-19,002514.SZ,1.7600,1.8200,1.7000,1.7000,331359.0000,,Tencent_raw
2026-08-20,002514.SZ,1.7000,1.7700,1.6600,1.7300,300212.0000,,Tencent_raw
2026-08-21,002514.SZ,1.7100,1.7600,1.7000,1.7400,288746.0000,,Tencent_raw
2026-08-24,002514.SZ,1.7100,1.7200,1.6400,1.6400,294951.0000,,Tencent_raw
2026-08-25,002514.SZ,1.6500,1.8000,1.6300,1.8000,449445.0000,,Tencent_raw
2026-08-26,002514.SZ,1.8200,1.9100,1.7700,1.8400,499325.0000,,Tencent_raw
2026-08-27,002514.SZ,1.8200,1.8200,1.7500,1.7700,321952.0000,,Tencent_raw
2026-08-28,002514.SZ,1.7300,1.8200,1.7300,1.7700,268842.0000,,Tencent_raw
2026-08-31,002514.SZ,1.7700,1.9300,1.7700,1.8700,389179.0000,,Tencent_raw
2026-09-01,002514.SZ,1.8800,2.0600,1.8700,2.0600,499875.0000,,Tencent_raw
2026-09-02,002514.SZ,2.0700,2.2700,2.0700,2.2700,688614.0000,,Tencent_raw
2026-09-03,002514.SZ,2.1400,2.3300,2.1000,2.3200,747992.0000,,Tencent_raw
2026-09-04,002514.SZ,2.3000,2.5400,2.2700,2.5300,705112.0000,,Tencent_raw
2026-09-07,002514.SZ,2.3500,2.6300,2.3300,2.4400,634149.0000,,Tencent_raw
2026-09-08,002514.SZ,2.4500,2.5600,2.2500,2.2900,669504.0000,,Tencent_raw
2026-09-09,002514.SZ,2.3300,2.3600,2.1300,2.1900,522774.0000,,Tencent_raw
2026-09-10,002514.SZ,2.2300,2.4100,2.2000,2.4100,408066.0000,,Tencent_raw
2026-09-11,002514.SZ,2.4800,2.6500,2.4300,2.6400,875256.0000,,Tencent_raw
2026-09-14,002514.SZ,2.6300,2.8000,2.5000,2.5400,794006.0000,,Tencent_raw
2026-09-15,002514.SZ,2.5700,2.6600,2.3500,2.4300,632512.0000,,Tencent_raw
2026-09-16,002514.SZ,2.4300,2.6700,2.3900,2.6700,576693.0000,,Tencent_raw
2026-09-17,002514.SZ,2.7100,2.7800,2.5500,2.6300,650094.0000,,Tencent_raw
2026-09-18,002514.SZ,2.5600,2.6400,2.5200,2.5800,362078.0000,,Tencent_raw
2026-09-21,002514.SZ,2.5400,2.7500,2.5300,2.6900,391824.0000,,Tencent_raw
2026-09-22,002514.SZ,2.6600,2.7000,2.5600,2.6000,343694.0000,,Tencent_raw
2026-09-23,002514.SZ,2.6100,2.6200,2.4800,2.4900,286354.0000,,Tencent_raw
2026-09-24,002514.SZ,2.4600,2.6000,2.4400,2.4900,286226.0000,,Tencent_raw
2026-09-28,002514.SZ,2.5100,2.6200,2.4800,2.5400,314319.0000,,Tencent_raw
2025-09-01,002542.SZ,3.7900,3.8700,3.7700,3.8300,508992.0000,,Tencent_raw
2025-09-02,002542.SZ,3.8300,3.8700,3.7600,3.8200,595220.0000,,Tencent_raw
2025-09-03,002542.SZ,3.8200,3.8900,3.6900,3.7100,617734.0000,,Tencent_raw
2025-09-04,002542.SZ,3.7000,3.7400,3.6100,3.6700,479174.0000,,Tencent_raw
2025-09-05,002542.SZ,3.6700,3.7700,3.6400,3.7700,399756.0000,,Tencent_raw
2025-09-08,002542.SZ,3.7700,3.7800,3.7100,3.7400,324582.0000,,Tencent_raw
2025-09-09,002542.SZ,3.7300,3.7400,3.6600,3.6700,359546.0000,,Tencent_raw
2025-09-10,002542.SZ,3.6600,3.7000,3.6300,3.6700,266694.0000,,Tencent_raw
2025-09-11,002542.SZ,3.6800,3.7400,3.6300,3.7400,429052.0000,,Tencent_raw
2025-09-12,002542.SZ,3.7300,3.9100,3.7100,3.8400,946165.0000,,Tencent_raw
2025-09-15,002542.SZ,3.8400,3.9100,3.7800,3.9000,707628.0000,,Tencent_raw
2025-09-16,002542.SZ,3.9000,3.9200,3.8600,3.9200,750304.0000,,Tencent_raw
2025-09-17,002542.SZ,3.8700,3.9900,3.8300,3.9200,900784.0000,,Tencent_raw
2025-09-18,002542.SZ,3.9700,4.3000,3.9500,4.1000,2272177.0000,,Tencent_raw
2025-09-19,002542.SZ,4.0500,4.1800,3.9800,4.0000,1216410.0000,,Tencent_raw
2025-09-22,002542.SZ,3.9500,3.9500,3.7500,3.7800,998959.0000,,Tencent_raw
2025-09-23,002542.SZ,3.7400,3.7700,3.5400,3.5900,762013.0000,,Tencent_raw
2025-09-24,002542.SZ,3.5800,3.7800,3.5300,3.7400,641518.0000,,Tencent_raw
2025-09-25,002542.SZ,3.7000,3.7300,3.6300,3.6400,402908.0000,,Tencent_raw
2025-09-26,002542.SZ,3.6400,3.6500,3.5800,3.5900,304372.0000,,Tencent_raw
2025-09-29,002542.SZ,3.5800,3.5900,3.5000,3.5700,305032.0000,,Tencent_raw
2025-09-30,002542.SZ,3.5700,3.6100,3.5700,3.5900,214721.0000,,Tencent_raw
2025-10-09,002542.SZ,3.6900,3.6900,3.6300,3.6700,335449.0000,,Tencent_raw
2025-10-10,002542.SZ,3.6500,3.7100,3.6200,3.6800,358228.0000,,Tencent_raw
2025-10-13,002542.SZ,3.5600,3.6300,3.4900,3.6200,307986.0000,,Tencent_raw
2025-10-14,002542.SZ,3.6300,3.7200,3.6200,3.6500,436737.0000,,Tencent_raw
2025-10-15,002542.SZ,3.6400,3.6800,3.6000,3.6500,320647.0000,,Tencent_raw
2025-10-16,002542.SZ,3.6400,3.6500,3.5600,3.5700,322859.0000,,Tencent_raw
2025-10-17,002542.SZ,3.5600,3.5800,3.5000,3.5100,247342.0000,,Tencent_raw
2025-10-20,002542.SZ,3.5000,3.7000,3.4900,3.6800,387131.0000,,Tencent_raw
2025-10-21,002542.SZ,3.8300,4.0500,3.8100,4.0500,853412.0000,,Tencent_raw
2025-10-22,002542.SZ,4.4000,4.4600,4.3200,4.4600,1992651.0000,,Tencent_raw
2025-10-23,002542.SZ,4.4600,4.7200,4.1300,4.2000,3738827.0000,,Tencent_raw
2025-10-24,002542.SZ,4.1100,4.2500,3.9100,4.0800,2831310.0000,,Tencent_raw
2025-10-27,002542.SZ,3.9500,4.0500,3.9000,3.9600,1562896.0000,,Tencent_raw
2025-10-28,002542.SZ,3.9100,3.9300,3.8400,3.8500,1322652.0000,,Tencent_raw
2025-10-29,002542.SZ,3.8300,3.8500,3.7800,3.8300,958826.0000,,Tencent_raw
2025-10-30,002542.SZ,3.8000,3.8300,3.7500,3.7500,798158.0000,,Tencent_raw
2025-10-31,002542.SZ,3.6900,3.7800,3.6900,3.7500,596214.0000,,Tencent_raw
2025-11-03,002542.SZ,3.7300,3.7800,3.7300,3.7800,540205.0000,,Tencent_raw
2025-11-04,002542.SZ,3.7600,3.7800,3.7100,3.7500,484762.0000,,Tencent_raw
2025-11-05,002542.SZ,3.7100,3.7900,3.7000,3.7800,530337.0000,,Tencent_raw
2025-11-06,002542.SZ,3.7900,3.8000,3.7200,3.7300,456863.0000,,Tencent_raw
2025-11-07,002542.SZ,3.7200,3.7500,3.6900,3.6900,466667.0000,,Tencent_raw
2025-11-10,002542.SZ,3.7000,3.7300,3.6800,3.7200,417847.0000,,Tencent_raw
2025-11-11,002542.SZ,3.7300,3.7500,3.7000,3.7400,408372.0000,,Tencent_raw
2025-11-12,002542.SZ,3.7300,3.7400,3.6700,3.7100,399554.0000,,Tencent_raw
2025-11-13,002542.SZ,3.6900,3.7400,3.6800,3.7400,371724.0000,,Tencent_raw
2025-11-14,002542.SZ,3.7200,3.8100,3.7100,3.7700,607945.0000,,Tencent_raw
2025-11-17,002542.SZ,3.7700,3.8900,3.7400,3.8500,805549.0000,,Tencent_raw
2025-11-18,002542.SZ,3.8400,3.8400,3.6800,3.7200,706780.0000,,Tencent_raw
2025-11-19,002542.SZ,3.7000,3.7100,3.6200,3.6500,396990.0000,,Tencent_raw
2025-11-20,002542.SZ,3.6600,3.6900,3.6200,3.6700,278160.0000,,Tencent_raw
2025-11-21,002542.SZ,3.6200,3.6400,3.5100,3.5200,460290.0000,,Tencent_raw
2025-11-24,002542.SZ,3.5300,3.6100,3.5300,3.5900,309227.0000,,Tencent_raw
2025-11-25,002542.SZ,3.5900,3.6200,3.5700,3.6000,256606.0000,,Tencent_raw
2025-11-26,002542.SZ,3.6100,3.6600,3.5600,3.5800,303286.0000,,Tencent_raw
2025-11-27,002542.SZ,3.5700,3.5800,3.5400,3.5500,216988.0000,,Tencent_raw
2025-11-28,002542.SZ,3.5400,3.6000,3.5100,3.5900,217747.0000,,Tencent_raw
2025-12-01,002542.SZ,3.5800,3.6000,3.5700,3.5900,207211.0000,,Tencent_raw
2025-12-02,002542.SZ,3.5800,3.6000,3.5300,3.5700,236012.0000,,Tencent_raw
2025-12-03,002542.SZ,3.5600,3.5700,3.5000,3.5200,276494.0000,,Tencent_raw
2025-12-04,002542.SZ,3.5100,3.5400,3.4600,3.4800,227922.0000,,Tencent_raw
2025-12-05,002542.SZ,3.4700,3.5400,3.4500,3.5300,238156.0000,,Tencent_raw
2025-12-08,002542.SZ,3.5200,3.5500,3.5100,3.5200,203207.0000,,Tencent_raw
2025-12-09,002542.SZ,3.5000,3.5200,3.4600,3.4700,219743.0000,,Tencent_raw
2025-12-10,002542.SZ,3.4600,3.4700,3.4200,3.4700,235040.0000,,Tencent_raw
2025-12-11,002542.SZ,3.4600,3.4700,3.3700,3.3700,294968.0000,,Tencent_raw
2025-12-12,002542.SZ,3.3700,3.4000,3.3500,3.3800,168417.0000,,Tencent_raw
2025-12-15,002542.SZ,3.3500,3.4000,3.3200,3.3700,177577.0000,,Tencent_raw
2025-12-16,002542.SZ,3.3600,3.3600,3.3100,3.3100,213151.0000,,Tencent_raw
2025-12-17,002542.SZ,3.3000,3.3200,3.2300,3.3100,255318.0000,,Tencent_raw
2025-12-18,002542.SZ,3.2800,3.3400,3.2800,3.2900,193350.0000,,Tencent_raw
2025-12-19,002542.SZ,3.2900,3.4000,3.2800,3.3800,297050.0000,,Tencent_raw
2025-12-22,002542.SZ,3.4000,3.4200,3.3700,3.3900,205932.0000,,Tencent_raw
2025-12-23,002542.SZ,3.3800,3.3900,3.3100,3.3200,208956.0000,,Tencent_raw
2025-12-24,002542.SZ,3.3200,3.3400,3.3000,3.3400,154730.0000,,Tencent_raw
2025-12-25,002542.SZ,3.3600,3.4200,3.3400,3.4100,289625.0000,,Tencent_raw
2025-12-26,002542.SZ,3.4300,3.4400,3.3600,3.3800,213301.0000,,Tencent_raw
2025-12-29,002542.SZ,3.3700,3.4000,3.3500,3.3800,196122.0000,,Tencent_raw
2025-12-30,002542.SZ,3.3800,3.3800,3.3200,3.3300,236712.0000,,Tencent_raw
2025-12-31,002542.SZ,3.3300,3.3500,3.3000,3.3400,159844.0000,,Tencent_raw
2026-01-05,002542.SZ,3.3400,3.3600,3.3200,3.3600,213987.0000,,Tencent_raw
2026-01-06,002542.SZ,3.3500,3.4300,3.3400,3.4300,363359.0000,,Tencent_raw
2026-01-07,002542.SZ,3.4300,3.4400,3.3600,3.3800,319919.0000,,Tencent_raw
2026-01-08,002542.SZ,3.3700,3.7200,3.3600,3.7200,1261290.0000,,Tencent_raw
2026-01-09,002542.SZ,3.7200,3.7300,3.6100,3.6100,1588748.0000,,Tencent_raw
2026-01-12,002542.SZ,3.6300,3.7300,3.6000,3.6800,1077377.0000,,Tencent_raw
2026-01-13,002542.SZ,3.6900,3.9100,3.6100,3.8600,1624489.0000,,Tencent_raw
2026-01-14,002542.SZ,3.7900,3.9800,3.7500,3.8300,1469474.0000,,Tencent_raw
2026-01-15,002542.SZ,3.7600,3.7700,3.6200,3.6300,837720.0000,,Tencent_raw
2026-01-16,002542.SZ,3.6600,3.7300,3.6600,3.6600,464734.0000,,Tencent_raw
2026-01-19,002542.SZ,3.6300,3.6600,3.5600,3.5700,491580.0000,,Tencent_raw
2026-01-20,002542.SZ,3.5600,3.6000,3.5300,3.5500,340987.0000,,Tencent_raw
2026-01-21,002542.SZ,3.5200,3.5800,3.4800,3.5500,314353.0000,,Tencent_raw
2026-01-22,002542.SZ,3.5500,3.6900,3.5300,3.6400,472521.0000,,Tencent_raw
2026-01-23,002542.SZ,3.6100,3.6500,3.5700,3.6400,432523.0000,,Tencent_raw
2026-01-26,002542.SZ,3.6400,3.6400,3.5100,3.5400,408786.0000,,Tencent_raw
2026-01-27,002542.SZ,3.5200,3.5300,3.4300,3.5000,332061.0000,,Tencent_raw
2026-01-28,002542.SZ,3.4900,3.5400,3.4700,3.5100,269578.0000,,Tencent_raw
2026-01-29,002542.SZ,3.4800,3.5000,3.4300,3.4400,351859.0000,,Tencent_raw
2026-01-30,002542.SZ,3.4500,3.4600,3.3900,3.4100,268266.0000,,Tencent_raw
2026-02-02,002542.SZ,3.3800,3.4100,3.3400,3.3400,279006.0000,,Tencent_raw
2026-02-03,002542.SZ,3.3800,3.4300,3.3600,3.4000,208027.0000,,Tencent_raw
2026-02-04,002542.SZ,3.3800,3.4300,3.3700,3.4200,258102.0000,,Tencent_raw
2026-02-05,002542.SZ,3.4100,3.4200,3.3900,3.3900,167879.0000,,Tencent_raw
2026-02-06,002542.SZ,3.3800,3.4100,3.3600,3.3900,186340.0000,,Tencent_raw
2026-02-09,002542.SZ,3.3900,3.4300,3.3900,3.4300,167004.0000,,Tencent_raw
2026-02-10,002542.SZ,3.4300,3.4700,3.4100,3.4600,231364.0000,,Tencent_raw
2026-02-11,002542.SZ,3.4400,3.4600,3.3900,3.4000,244971.0000,,Tencent_raw
2026-02-12,002542.SZ,3.3900,3.4000,3.3400,3.3400,220605.0000,,Tencent_raw
2026-02-13,002542.SZ,3.3600,3.4200,3.3500,3.3600,198153.0000,,Tencent_raw
2026-02-24,002542.SZ,3.3900,3.4200,3.3700,3.4000,192593.0000,,Tencent_raw
2026-02-25,002542.SZ,3.4100,3.4400,3.3900,3.4200,210267.0000,,Tencent_raw
2026-02-26,002542.SZ,3.4200,3.4300,3.3600,3.3900,229842.0000,,Tencent_raw
2026-02-27,002542.SZ,3.3800,3.4300,3.3700,3.4200,188320.0000,,Tencent_raw
2026-03-02,002542.SZ,3.3700,3.3800,3.2800,3.3300,401805.0000,,Tencent_raw
2026-03-03,002542.SZ,3.3200,3.3200,3.2300,3.2400,265122.0000,,Tencent_raw
2026-03-04,002542.SZ,3.2100,3.2400,3.1700,3.2100,154524.0000,,Tencent_raw
2026-03-05,002542.SZ,3.2500,3.2900,3.2400,3.2700,160636.0000,,Tencent_raw
2026-03-06,002542.SZ,3.2600,3.3200,3.2400,3.3200,189688.0000,,Tencent_raw
2026-03-09,002542.SZ,3.3000,3.3400,3.2500,3.3000,195688.0000,,Tencent_raw
2026-03-10,002542.SZ,3.3000,3.3300,3.3000,3.3100,139007.0000,,Tencent_raw
2026-03-11,002542.SZ,3.3200,3.3200,3.2700,3.2900,152503.0000,,Tencent_raw
2026-03-12,002542.SZ,3.2900,3.3100,3.2700,3.2700,153908.0000,,Tencent_raw
2026-03-13,002542.SZ,3.2600,3.3100,3.2500,3.2800,188237.0000,,Tencent_raw
2026-03-16,002542.SZ,3.2800,3.3100,3.2400,3.2600,181030.0000,,Tencent_raw
2026-03-17,002542.SZ,3.2800,3.3700,3.2800,3.2900,300753.0000,,Tencent_raw
2026-03-18,002542.SZ,3.2800,3.2900,3.2200,3.2500,188160.0000,,Tencent_raw
2026-03-19,002542.SZ,3.2200,3.2400,3.1800,3.1900,158279.0000,,Tencent_raw
2026-03-20,002542.SZ,3.1800,3.2000,3.1000,3.1000,192647.0000,,Tencent_raw
2026-03-23,002542.SZ,3.0700,3.0700,2.8300,2.8700,300876.0000,,Tencent_raw
2026-03-24,002542.SZ,2.9500,2.9600,2.8500,2.9300,200404.0000,,Tencent_raw
2026-03-25,002542.SZ,2.9400,3.0200,2.9200,3.0100,203812.0000,,Tencent_raw
2026-03-26,002542.SZ,2.9900,3.0400,2.9300,2.9400,175822.0000,,Tencent_raw
2026-03-27,002542.SZ,2.9000,2.9700,2.8900,2.9500,140108.0000,,Tencent_raw
2026-03-30,002542.SZ,2.9200,3.0400,2.8900,2.9800,202321.0000,,Tencent_raw
2026-03-31,002542.SZ,2.9700,3.2800,2.9500,3.2800,371591.0000,,Tencent_raw
2026-04-01,002542.SZ,3.4500,3.6000,3.3000,3.3200,1307948.0000,,Tencent_raw
2026-04-02,002542.SZ,3.1800,3.2100,3.0700,3.1000,805122.0000,,Tencent_raw
2026-04-03,002542.SZ,3.0800,3.1000,2.8800,2.8800,512989.0000,,Tencent_raw
2026-04-07,002542.SZ,2.8900,2.9200,2.8600,2.9000,242630.0000,,Tencent_raw
2026-04-08,002542.SZ,2.9500,3.0000,2.9200,3.0000,335179.0000,,Tencent_raw
2026-04-09,002542.SZ,2.7000,2.7000,2.7000,2.7000,279077.0000,,Tencent_raw
2026-04-10,002542.SZ,2.4300,2.4300,2.4300,2.4300,186828.0000,,Tencent_raw
2026-04-13,002542.SZ,2.1900,2.4300,2.1900,2.3600,2345027.0000,,Tencent_raw
2026-04-14,002542.SZ,2.2600,2.2800,2.1200,2.1600,2637723.0000,,Tencent_raw
2026-04-15,002542.SZ,2.1800,2.2000,2.0700,2.0900,1734130.0000,,Tencent_raw
2026-04-16,002542.SZ,2.0400,2.0700,1.9300,2.0300,1590608.0000,,Tencent_raw
2026-04-17,002542.SZ,2.0800,2.1000,1.9800,2.0500,1318924.0000,,Tencent_raw
2026-04-21,002542.SZ,2.1500,2.1500,1.9500,1.9600,2062267.0000,,Tencent_raw
2026-04-22,002542.SZ,1.8900,1.9000,1.8600,1.8600,641253.0000,,Tencent_raw
2026-04-23,002542.SZ,1.8500,1.9100,1.7800,1.8800,1409660.0000,,Tencent_raw
2026-04-24,002542.SZ,1.8300,1.8500,1.7900,1.7900,1176500.0000,,Tencent_raw
2026-04-27,002542.SZ,1.7700,1.8700,1.7100,1.8200,1114097.0000,,Tencent_raw
2026-04-28,002542.SZ,1.7900,1.8300,1.7600,1.7800,794098.0000,,Tencent_raw
2026-04-29,002542.SZ,1.7600,1.8700,1.7400,1.8000,858207.0000,,Tencent_raw
2026-04-30,002542.SZ,1.7800,1.7900,1.7300,1.7500,808168.0000,,Tencent_raw
2026-05-06,002542.SZ,1.7500,1.8100,1.7500,1.7700,609407.0000,,Tencent_raw
2026-05-07,002542.SZ,1.7800,1.8500,1.7500,1.8200,773931.0000,,Tencent_raw
2026-05-08,002542.SZ,1.8100,1.9100,1.8000,1.8800,1046159.0000,,Tencent_raw
2026-05-11,002542.SZ,1.8700,1.9000,1.8300,1.8400,801032.0000,,Tencent_raw
2026-05-12,002542.SZ,1.8400,1.9000,1.8300,1.8600,596849.0000,,Tencent_raw
2026-05-13,002542.SZ,1.8400,1.8600,1.7800,1.8100,592483.0000,,Tencent_raw
2026-05-14,002542.SZ,1.8000,1.8100,1.7500,1.7500,425642.0000,,Tencent_raw
2026-05-15,002542.SZ,1.7500,1.7700,1.7200,1.7400,295979.0000,,Tencent_raw
2026-05-18,002542.SZ,1.7300,1.7900,1.7100,1.7700,306958.0000,,Tencent_raw
2026-05-19,002542.SZ,1.7700,1.8200,1.7600,1.8100,342029.0000,,Tencent_raw
2026-05-20,002542.SZ,1.8100,1.8100,1.7400,1.7600,292624.0000,,Tencent_raw
2026-05-21,002542.SZ,1.7500,1.7600,1.6700,1.6700,344296.0000,,Tencent_raw
2026-05-22,002542.SZ,1.6600,1.6800,1.6300,1.6600,223727.0000,,Tencent_raw
2026-05-25,002542.SZ,1.6500,1.6600,1.5800,1.6000,407842.0000,,Tencent_raw
2026-05-26,002542.SZ,1.5800,1.5900,1.5200,1.5200,407807.0000,,Tencent_raw
2026-05-27,002542.SZ,1.5200,1.5500,1.4800,1.5300,368375.0000,,Tencent_raw
2026-05-28,002542.SZ,1.5200,1.6100,1.5100,1.6100,514674.0000,,Tencent_raw
2026-05-29,002542.SZ,1.6300,1.6900,1.6200,1.6600,547513.0000,,Tencent_raw
2026-06-01,002542.SZ,1.6500,1.7200,1.6100,1.7000,433777.0000,,Tencent_raw
2026-06-02,002542.SZ,1.7000,1.7100,1.6500,1.6700,353171.0000,,Tencent_raw
2026-06-03,002542.SZ,1.6700,1.7200,1.5900,1.6200,436489.0000,,Tencent_raw
2026-06-04,002542.SZ,1.6000,1.6200,1.5700,1.5900,257161.0000,,Tencent_raw
2026-06-05,002542.SZ,1.5900,1.6300,1.5800,1.6100,258061.0000,,Tencent_raw
2026-06-08,002542.SZ,1.5700,1.6100,1.5400,1.5800,267328.0000,,Tencent_raw
2026-06-09,002542.SZ,1.5800,1.6300,1.5600,1.6000,254957.0000,,Tencent_raw
2026-06-10,002542.SZ,1.5900,1.5900,1.5200,1.5200,292291.0000,,Tencent_raw
2026-06-11,002542.SZ,1.4900,1.5300,1.4400,1.4600,244984.0000,,Tencent_raw
2026-06-12,002542.SZ,1.4800,1.5100,1.4700,1.4900,225294.0000,,Tencent_raw
2026-06-15,002542.SZ,1.5000,1.5200,1.4700,1.4900,187930.0000,,Tencent_raw
2026-06-16,002542.SZ,1.4800,1.5300,1.4500,1.5200,258558.0000,,Tencent_raw
2026-06-17,002542.SZ,1.5100,1.5500,1.4700,1.4700,247568.0000,,Tencent_raw
2026-06-18,002542.SZ,1.4800,1.4800,1.4000,1.4000,261834.0000,,Tencent_raw
2026-06-22,002542.SZ,1.3900,1.3900,1.3300,1.3500,354710.0000,,Tencent_raw
2026-06-23,002542.SZ,1.3500,1.4000,1.3400,1.3700,293788.0000,,Tencent_raw
2026-06-24,002542.SZ,1.3600,1.3700,1.3000,1.3000,249543.0000,,Tencent_raw
2026-06-25,002542.SZ,1.2700,1.2800,1.2400,1.2400,123746.0000,,Tencent_raw
2026-06-26,002542.SZ,1.1800,1.2500,1.1800,1.1900,534972.0000,,Tencent_raw
2026-06-29,002542.SZ,1.1900,1.2200,1.1300,1.1300,519452.0000,,Tencent_raw
2026-06-30,002542.SZ,1.1000,1.1600,1.0800,1.1300,493415.0000,,Tencent_raw
2026-07-01,002542.SZ,1.1400,1.1900,1.1300,1.1900,264979.0000,,Tencent_raw
2026-07-02,002542.SZ,1.2400,1.2500,1.2200,1.2500,119607.0000,,Tencent_raw
2026-07-03,002542.SZ,1.3100,1.3100,1.2600,1.3100,672970.0000,,Tencent_raw
2026-07-06,002542.SZ,1.3200,1.3900,1.2700,1.3200,543505.0000,,Tencent_raw
2026-07-07,002542.SZ,1.3000,1.3100,1.2100,1.2100,429628.0000,,Tencent_raw
2026-07-08,002542.SZ,1.2200,1.3300,1.2100,1.3300,483118.0000,,Tencent_raw
2026-07-09,002542.SZ,1.3300,1.4600,1.3200,1.3800,810518.0000,,Tencent_raw
2026-07-10,002542.SZ,1.3400,1.4100,1.3000,1.3900,467809.0000,,Tencent_raw
2026-07-13,002542.SZ,1.4100,1.4500,1.3700,1.3800,408115.0000,,Tencent_raw
2026-07-14,002542.SZ,1.3700,1.4300,1.3300,1.4200,341917.0000,,Tencent_raw
2026-07-15,002542.SZ,1.3900,1.4300,1.3500,1.3600,321691.0000,,Tencent_raw
2026-07-16,002542.SZ,1.3500,1.4300,1.3400,1.4000,239801.0000,,Tencent_raw
2026-07-17,002542.SZ,1.3900,1.4300,1.3200,1.3200,279493.0000,,Tencent_raw
2026-07-20,002542.SZ,1.4500,1.4500,1.4500,1.4500,88069.0000,,Tencent_raw
2026-07-21,002542.SZ,1.4500,1.5900,1.4200,1.5400,1064307.0000,,Tencent_raw
2026-07-22,002542.SZ,1.4700,1.5500,1.4300,1.5500,662052.0000,,Tencent_raw
2026-07-23,002542.SZ,1.5600,1.6700,1.5400,1.6500,664218.0000,,Tencent_raw
2026-07-24,002542.SZ,1.6000,1.6500,1.5800,1.6000,522807.0000,,Tencent_raw
2026-07-27,002542.SZ,1.5900,1.6400,1.5600,1.6200,349074.0000,,Tencent_raw
2026-07-28,002542.SZ,1.6000,1.6300,1.5900,1.6000,291734.0000,,Tencent_raw
2026-07-29,002542.SZ,1.6100,1.6700,1.6000,1.6400,343635.0000,,Tencent_raw
2026-07-30,002542.SZ,1.6200,1.6500,1.5700,1.6000,320196.0000,,Tencent_raw
2026-07-31,002542.SZ,1.6100,1.6900,1.6000,1.6700,350238.0000,,Tencent_raw
2026-08-03,002542.SZ,1.6900,1.8200,1.6800,1.8100,517669.0000,,Tencent_raw
2026-08-04,002542.SZ,1.7900,1.8000,1.7400,1.7900,387084.0000,,Tencent_raw
2026-08-05,002542.SZ,1.8200,1.8300,1.7600,1.7700,363093.0000,,Tencent_raw
2026-08-06,002542.SZ,1.7700,1.7800,1.6900,1.7200,370717.0000,,Tencent_raw
2026-08-07,002542.SZ,1.7400,1.7400,1.6200,1.6500,342747.0000,,Tencent_raw
2026-08-10,002542.SZ,1.6500,1.7300,1.6300,1.7100,312583.0000,,Tencent_raw
2026-08-11,002542.SZ,1.7000,1.7700,1.6700,1.7600,308326.0000,,Tencent_raw
2026-08-12,002542.SZ,1.7600,1.7800,1.7200,1.7600,234588.0000,,Tencent_raw
2026-08-13,002542.SZ,1.7600,1.7700,1.7100,1.7200,233610.0000,,Tencent_raw
2026-08-14,002542.SZ,1.7100,1.7800,1.7000,1.7600,247029.0000,,Tencent_raw
2026-08-17,002542.SZ,1.7500,1.7600,1.7100,1.7400,229174.0000,,Tencent_raw
2026-08-18,002542.SZ,1.7300,1.7600,1.6900,1.7500,235703.0000,,Tencent_raw
2026-08-19,002542.SZ,1.7200,1.8000,1.7100,1.7400,254513.0000,,Tencent_raw
2026-08-20,002542.SZ,1.7400,1.8200,1.7200,1.8200,405145.0000,,Tencent_raw
2026-08-21,002542.SZ,1.8000,1.9200,1.7700,1.9000,525743.0000,,Tencent_raw
2026-08-24,002542.SZ,1.8900,1.9400,1.8600,1.8900,352312.0000,,Tencent_raw
2026-08-25,002542.SZ,1.8500,1.9000,1.8200,1.8200,319915.0000,,Tencent_raw
2026-08-26,002542.SZ,1.8000,1.8300,1.7900,1.8000,218620.0000,,Tencent_raw
2026-08-27,002542.SZ,1.8000,1.8200,1.7800,1.7900,192156.0000,,Tencent_raw
2026-08-28,002542.SZ,1.8000,1.8000,1.7800,1.7900,226677.0000,,Tencent_raw
2026-08-31,002542.SZ,1.7700,1.7800,1.6500,1.6700,426341.0000,,Tencent_raw
2026-09-01,002542.SZ,1.6700,1.7100,1.6500,1.6900,240219.0000,,Tencent_raw
2026-09-02,002542.SZ,1.6700,1.6900,1.6300,1.6400,218305.0000,,Tencent_raw
2026-09-03,002542.SZ,1.6600,1.6900,1.6500,1.6800,171322.0000,,Tencent_raw
2026-09-04,002542.SZ,1.6800,1.7400,1.6800,1.7000,183230.0000,,Tencent_raw
2026-09-07,002542.SZ,1.7100,1.7100,1.6800,1.7100,117842.0000,,Tencent_raw
2026-09-08,002542.SZ,1.7000,1.7600,1.7000,1.7200,144004.0000,,Tencent_raw
2026-09-09,002542.SZ,1.7100,1.7300,1.6800,1.6800,120133.0000,,Tencent_raw
2026-09-10,002542.SZ,1.6700,1.7800,1.6400,1.7800,334816.0000,,Tencent_raw
2026-09-11,002542.SZ,1.7600,1.8300,1.7500,1.7900,297637.0000,,Tencent_raw
2026-09-14,002542.SZ,1.7700,1.7900,1.7300,1.7400,182297.0000,,Tencent_raw
2026-09-15,002542.SZ,1.7100,1.7500,1.7000,1.7100,157318.0000,,Tencent_raw
2026-09-16,002542.SZ,1.7000,1.7300,1.6900,1.7200,121880.0000,,Tencent_raw
2026-09-17,002542.SZ,1.7000,1.7200,1.6700,1.6800,174146.0000,,Tencent_raw
2026-09-18,002542.SZ,1.6700,1.6800,1.6500,1.6800,122179.0000,,Tencent_raw
2026-09-21,002542.SZ,1.6700,1.7000,1.6600,1.6900,114279.0000,,Tencent_raw
2026-09-22,002542.SZ,1.6900,1.7000,1.6500,1.6600,139218.0000,,Tencent_raw
2026-09-23,002542.SZ,1.6600,1.6700,1.6300,1.6600,103229.0000,,Tencent_raw
2026-09-24,002542.SZ,1.6500,1.6600,1.6300,1.6300,84836.0000,,Tencent_raw
2026-09-28,002542.SZ,1.6300,1.6300,1.5200,1.5300,230117.0000,,Tencent_raw
2025-09-01,300205.SZ,4.8000,5.2800,4.7800,5.0800,89615.0000,,Tencent_raw
2025-09-02,300205.SZ,5.2000,5.2100,5.0100,5.1200,67140.0000,,Tencent_raw
2025-09-03,300205.SZ,5.1700,5.2400,5.0900,5.1500,54119.0000,,Tencent_raw
2025-09-04,300205.SZ,5.1200,5.2500,5.1200,5.2200,58995.0000,,Tencent_raw
2025-09-05,300205.SZ,5.2400,5.5700,5.2400,5.4500,98008.0000,,Tencent_raw
2025-09-08,300205.SZ,5.4600,5.5600,5.3900,5.4700,55894.0000,,Tencent_raw
2025-09-09,300205.SZ,5.5100,5.5500,5.4100,5.4400,51307.0000,,Tencent_raw
2025-09-10,300205.SZ,5.4900,5.5200,5.2800,5.3300,61711.0000,,Tencent_raw
2025-09-11,300205.SZ,5.3800,5.3900,5.0400,5.2000,80813.0000,,Tencent_raw
2025-09-12,300205.SZ,5.2300,5.2700,5.1100,5.1200,58036.0000,,Tencent_raw
2025-09-15,300205.SZ,5.1000,5.1400,5.0100,5.1000,51391.0000,,Tencent_raw
2025-09-16,300205.SZ,5.1400,5.1600,5.0400,5.1100,50281.0000,,Tencent_raw
2025-09-17,300205.SZ,5.1000,5.3400,5.0900,5.2600,65090.0000,,Tencent_raw
2025-09-18,300205.SZ,5.2300,5.3200,5.1700,5.2100,58104.0000,,Tencent_raw
2025-09-19,300205.SZ,5.2100,5.3600,5.1500,5.2200,44210.0000,,Tencent_raw
2025-09-22,300205.SZ,5.2000,5.3100,5.1600,5.1900,47621.0000,,Tencent_raw
2025-09-23,300205.SZ,5.1500,5.1900,4.8800,4.9700,62989.0000,,Tencent_raw
2025-09-24,300205.SZ,4.9800,5.1500,4.9700,5.0500,33063.0000,,Tencent_raw
2025-09-25,300205.SZ,5.0700,5.1400,5.0200,5.0400,28703.0000,,Tencent_raw
2025-09-26,300205.SZ,5.0400,5.1000,4.9900,5.0100,21504.0000,,Tencent_raw
2025-09-29,300205.SZ,5.0000,5.0000,4.4800,4.5500,132650.0000,,Tencent_raw
2025-09-30,300205.SZ,4.6000,4.7600,4.4900,4.6100,61718.0000,,Tencent_raw
2025-10-09,300205.SZ,4.6100,4.6900,4.5200,4.5800,72281.0000,,Tencent_raw
2025-10-10,300205.SZ,4.5900,4.6000,4.3800,4.5300,59477.0000,,Tencent_raw
2025-10-13,300205.SZ,4.2200,4.7500,4.2000,4.6400,102176.0000,,Tencent_raw
2025-10-14,300205.SZ,4.6200,4.6600,4.3800,4.4600,66684.0000,,Tencent_raw
2025-10-15,300205.SZ,4.3900,4.5100,4.3900,4.4800,30911.0000,,Tencent_raw
2025-10-16,300205.SZ,4.5000,4.5000,4.4500,4.4600,27938.0000,,Tencent_raw
2025-10-17,300205.SZ,4.4500,4.4700,4.2800,4.3500,37986.0000,,Tencent_raw
2025-10-20,300205.SZ,4.3700,4.3900,4.2800,4.3100,36144.0000,,Tencent_raw
2025-10-21,300205.SZ,4.3600,4.5000,4.3200,4.3500,54101.0000,,Tencent_raw
2025-10-22,300205.SZ,4.3500,4.4000,4.3200,4.3800,45937.0000,,Tencent_raw
2025-10-23,300205.SZ,4.4100,4.4100,4.3400,4.3900,28496.0000,,Tencent_raw
2025-10-24,300205.SZ,4.3700,4.4000,4.3300,4.3800,34054.0000,,Tencent_raw
2025-10-27,300205.SZ,4.4600,4.8000,4.4500,4.6600,95524.0000,,Tencent_raw
2025-10-28,300205.SZ,4.6700,4.9500,4.5600,4.8400,84256.0000,,Tencent_raw
2025-10-29,300205.SZ,4.8000,4.9500,4.7100,4.7700,60626.0000,,Tencent_raw
2025-10-30,300205.SZ,4.7800,4.8400,4.6600,4.6800,37463.0000,,Tencent_raw
2025-10-31,300205.SZ,4.7000,4.9000,4.6900,4.7400,31612.0000,,Tencent_raw
2025-11-03,300205.SZ,4.8000,5.3000,4.6800,5.2100,109804.0000,,Tencent_raw
2025-11-04,300205.SZ,5.1800,5.4600,5.1600,5.2800,85932.0000,,Tencent_raw
2025-11-05,300205.SZ,5.2100,5.2900,5.1000,5.1700,50120.0000,,Tencent_raw
2025-11-06,300205.SZ,5.2000,5.4000,5.1800,5.2600,49707.0000,,Tencent_raw
2025-11-07,300205.SZ,5.2300,5.3300,5.2000,5.2300,26414.0000,,Tencent_raw
2025-11-10,300205.SZ,5.2300,5.2300,4.9900,5.1200,77742.0000,,Tencent_raw
2025-11-11,300205.SZ,4.9500,5.1200,4.9500,5.0200,38027.0000,,Tencent_raw
2025-11-12,300205.SZ,5.0200,5.1800,4.9800,5.1200,31834.0000,,Tencent_raw
2025-11-13,300205.SZ,5.0700,5.1000,4.9800,4.9900,35854.0000,,Tencent_raw
2025-11-14,300205.SZ,5.0000,5.0500,4.9000,4.9200,28611.0000,,Tencent_raw
2025-11-17,300205.SZ,4.9300,5.0200,4.9200,4.9700,37503.0000,,Tencent_raw
2025-11-18,300205.SZ,5.0200,5.1800,5.0100,5.0700,49298.0000,,Tencent_raw
2025-11-19,300205.SZ,5.0500,5.2200,4.9600,5.1200,46938.0000,,Tencent_raw
2025-11-20,300205.SZ,5.0900,5.1200,4.8100,4.8600,62129.0000,,Tencent_raw
2025-11-21,300205.SZ,4.8500,4.8500,4.6100,4.6200,48977.0000,,Tencent_raw
2025-11-24,300205.SZ,4.7000,4.7400,4.6200,4.6900,19141.0000,,Tencent_raw
2025-11-25,300205.SZ,4.7400,4.7400,4.4800,4.5200,54705.0000,,Tencent_raw
2025-11-26,300205.SZ,4.5500,4.5500,4.3900,4.4300,49633.0000,,Tencent_raw
2025-11-27,300205.SZ,4.4300,4.4900,4.3500,4.4400,31051.0000,,Tencent_raw
2025-11-28,300205.SZ,4.4600,4.5900,4.4600,4.5300,25013.0000,,Tencent_raw
2025-12-01,300205.SZ,4.5700,4.6700,4.4900,4.6600,25787.0000,,Tencent_raw
2025-12-02,300205.SZ,4.5700,4.7700,4.5700,4.6200,33679.0000,,Tencent_raw
2025-12-03,300205.SZ,4.6400,4.7400,4.5900,4.6800,24526.0000,,Tencent_raw
2025-12-04,300205.SZ,4.7000,4.7100,4.5700,4.5800,17670.0000,,Tencent_raw
2025-12-05,300205.SZ,4.5700,4.6600,4.4000,4.6400,31205.0000,,Tencent_raw
2025-12-08,300205.SZ,4.6500,4.7000,4.5200,4.5400,27873.0000,,Tencent_raw
2025-12-09,300205.SZ,4.5200,4.5400,4.3700,4.4100,36970.0000,,Tencent_raw
2025-12-10,300205.SZ,4.4100,4.4200,4.3300,4.3400,21956.0000,,Tencent_raw
2025-12-11,300205.SZ,4.3700,4.4600,4.3500,4.3900,23260.0000,,Tencent_raw
2025-12-12,300205.SZ,4.3700,4.4300,4.3200,4.3300,20238.0000,,Tencent_raw
2025-12-15,300205.SZ,4.3400,4.4000,3.9000,3.9500,86451.0000,,Tencent_raw
2025-12-16,300205.SZ,3.9600,3.9600,3.6900,3.7000,47394.0000,,Tencent_raw
2025-12-17,300205.SZ,3.6900,3.7900,3.5600,3.7700,37161.0000,,Tencent_raw
2025-12-18,300205.SZ,3.7200,3.8500,3.6300,3.6600,42458.0000,,Tencent_raw
2025-12-19,300205.SZ,3.6700,3.7400,3.6100,3.7300,30800.0000,,Tencent_raw
2025-12-22,300205.SZ,3.7900,4.2400,3.7200,4.1900,78398.0000,,Tencent_raw
2025-12-23,300205.SZ,4.1200,4.1200,3.9600,3.9700,51705.0000,,Tencent_raw
2025-12-24,300205.SZ,3.9300,4.2200,3.8900,4.1500,40683.0000,,Tencent_raw
2025-12-25,300205.SZ,4.2200,4.3900,4.1500,4.2500,50272.0000,,Tencent_raw
2025-12-26,300205.SZ,4.2600,4.2700,4.1500,4.2100,25918.0000,,Tencent_raw
2025-12-29,300205.SZ,4.3900,4.8100,4.3500,4.6900,104158.0000,,Tencent_raw
2025-12-30,300205.SZ,4.5500,5.2000,4.5500,4.9500,140357.0000,,Tencent_raw
2025-12-31,300205.SZ,4.8000,5.1400,4.7100,4.8000,84119.0000,,Tencent_raw
2026-01-05,300205.SZ,4.8000,5.0500,4.5600,4.8600,83360.0000,,Tencent_raw
2026-01-06,300205.SZ,4.8200,5.0700,4.7700,4.8700,56307.0000,,Tencent_raw
2026-01-07,300205.SZ,4.8800,4.9400,4.7600,4.8600,59637.0000,,Tencent_raw
2026-01-08,300205.SZ,4.8600,5.0900,4.8300,5.0100,77413.0000,,Tencent_raw
2026-01-09,300205.SZ,5.0400,5.1000,4.9100,4.9500,66554.0000,,Tencent_raw
2026-01-12,300205.SZ,4.9600,4.9600,4.8400,4.8800,60698.0000,,Tencent_raw
2026-01-13,300205.SZ,4.9000,4.9000,4.7600,4.7800,39503.0000,,Tencent_raw
2026-01-14,300205.SZ,4.7800,4.8500,4.6800,4.7100,65491.0000,,Tencent_raw
2026-01-15,300205.SZ,4.7100,4.7800,4.6400,4.7700,35760.0000,,Tencent_raw
2026-01-16,300205.SZ,4.8100,4.8100,4.7100,4.7400,18473.0000,,Tencent_raw
2026-01-19,300205.SZ,4.7400,4.7500,4.6600,4.6600,25078.0000,,Tencent_raw
2026-01-20,300205.SZ,4.6700,4.7700,4.6200,4.6600,32114.0000,,Tencent_raw
2026-01-21,300205.SZ,4.6800,4.6800,4.5300,4.5700,38499.0000,,Tencent_raw
2026-01-22,300205.SZ,4.5700,4.7200,4.5000,4.7100,45114.0000,,Tencent_raw
2026-01-23,300205.SZ,4.7200,4.7500,4.6600,4.6800,28377.0000,,Tencent_raw
2026-01-26,300205.SZ,4.7000,4.7400,4.5600,4.5800,41350.0000,,Tencent_raw
2026-01-27,300205.SZ,4.5800,4.6600,4.5200,4.5800,23895.0000,,Tencent_raw
2026-01-28,300205.SZ,4.5800,4.6600,4.4900,4.5100,31959.0000,,Tencent_raw
2026-01-29,300205.SZ,4.5300,4.5300,4.3900,4.4200,23568.0000,,Tencent_raw
2026-01-30,300205.SZ,4.0600,4.3700,4.0600,4.3100,53911.0000,,Tencent_raw
2026-02-02,300205.SZ,4.3100,4.4600,4.2500,4.2600,24622.0000,,Tencent_raw
2026-02-03,300205.SZ,4.2800,4.2800,4.1900,4.2600,18274.0000,,Tencent_raw
2026-02-04,300205.SZ,4.2300,4.3400,4.2200,4.2600,22152.0000,,Tencent_raw
2026-02-05,300205.SZ,4.2900,4.5900,4.2900,4.3900,70771.0000,,Tencent_raw
2026-02-06,300205.SZ,4.3300,4.4200,4.2800,4.3500,38217.0000,,Tencent_raw
2026-02-09,300205.SZ,4.3400,4.4600,4.3100,4.4300,34622.0000,,Tencent_raw
2026-02-10,300205.SZ,4.4200,4.8500,4.4200,4.7800,84398.0000,,Tencent_raw
2026-02-11,300205.SZ,4.7700,4.9500,4.7100,4.8700,87061.0000,,Tencent_raw
2026-02-12,300205.SZ,4.9000,4.9200,4.7100,4.7400,42193.0000,,Tencent_raw
2026-02-13,300205.SZ,4.7400,4.8800,4.5700,4.6900,58206.0000,,Tencent_raw
2026-02-24,300205.SZ,4.7000,4.7200,4.5700,4.5700,50380.0000,,Tencent_raw
2026-02-25,300205.SZ,4.5900,4.6400,4.5000,4.6000,38862.0000,,Tencent_raw
2026-02-26,300205.SZ,4.6000,4.6900,4.5500,4.5900,33916.0000,,Tencent_raw
2026-02-27,300205.SZ,4.6000,4.6600,4.5800,4.6000,17675.0000,,Tencent_raw
2026-03-02,300205.SZ,4.5800,4.9600,4.4800,4.7700,39886.0000,,Tencent_raw
2026-03-03,300205.SZ,4.7700,4.8000,4.5200,4.5400,50834.0000,,Tencent_raw
2026-03-04,300205.SZ,4.4800,4.6000,4.4700,4.5300,20234.0000,,Tencent_raw
2026-03-05,300205.SZ,4.6000,4.9100,4.6000,4.8500,60506.0000,,Tencent_raw
2026-03-06,300205.SZ,4.8500,5.0700,4.7500,4.9200,73897.0000,,Tencent_raw
2026-03-09,300205.SZ,4.8100,4.9500,4.8000,4.8900,39033.0000,,Tencent_raw
2026-03-10,300205.SZ,4.9600,5.1200,4.9000,4.9100,51725.0000,,Tencent_raw
2026-03-11,300205.SZ,4.8900,5.0600,4.8900,5.0000,39738.0000,,Tencent_raw
2026-03-12,300205.SZ,5.0400,5.5000,4.9800,5.3800,132332.0000,,Tencent_raw
2026-03-13,300205.SZ,5.3100,5.5700,5.3100,5.4700,100436.0000,,Tencent_raw
2026-03-16,300205.SZ,5.5000,5.5200,5.3300,5.3300,55117.0000,,Tencent_raw
2026-03-17,300205.SZ,5.3300,5.3700,5.2200,5.2500,40944.0000,,Tencent_raw
2026-03-18,300205.SZ,5.2500,5.4800,5.2500,5.3700,35300.0000,,Tencent_raw
2026-03-19,300205.SZ,5.3500,5.5000,5.2800,5.4500,51218.0000,,Tencent_raw
2026-03-20,300205.SZ,5.5100,6.0000,5.4600,5.7700,96495.0000,,Tencent_raw
2026-03-23,300205.SZ,5.6800,6.0100,5.5000,5.5900,95231.0000,,Tencent_raw
2026-03-24,300205.SZ,5.5500,5.8800,5.2100,5.8100,83613.0000,,Tencent_raw
2026-03-25,300205.SZ,5.8100,6.0200,5.7600,5.9100,49255.0000,,Tencent_raw
2026-03-26,300205.SZ,5.9500,6.2500,5.9100,6.2400,105125.0000,,Tencent_raw
2026-03-27,300205.SZ,6.1500,6.7000,6.1500,6.4600,117965.0000,,Tencent_raw
2026-03-30,300205.SZ,6.3500,6.7000,6.2500,6.6300,79547.0000,,Tencent_raw
2026-03-31,300205.SZ,6.5800,6.8400,5.7300,5.9800,157485.0000,,Tencent_raw
2026-04-01,300205.SZ,6.0000,6.1000,5.7500,6.0200,72100.0000,,Tencent_raw
2026-04-02,300205.SZ,5.9900,5.9900,5.2800,5.4500,89552.0000,,Tencent_raw
2026-04-03,300205.SZ,5.5800,5.6000,4.9600,5.1400,94505.0000,,Tencent_raw
2026-04-07,300205.SZ,5.1500,5.2900,4.9000,5.0300,107532.0000,,Tencent_raw
2026-04-08,300205.SZ,5.1000,5.2800,4.9700,5.2600,83251.0000,,Tencent_raw
2026-04-09,300205.SZ,5.3200,5.6500,5.2300,5.2500,84680.0000,,Tencent_raw
2026-04-10,300205.SZ,5.2000,5.5600,5.2000,5.4900,63280.0000,,Tencent_raw
2026-04-13,300205.SZ,5.4100,5.8200,5.4100,5.8100,62900.0000,,Tencent_raw
2026-04-14,300205.SZ,5.7900,5.9200,5.5800,5.7600,66203.0000,,Tencent_raw
2026-04-15,300205.SZ,5.7500,5.8700,5.6300,5.7600,50323.0000,,Tencent_raw
2026-04-16,300205.SZ,5.7900,5.8500,5.6200,5.7500,45946.0000,,Tencent_raw
2026-04-17,300205.SZ,5.8000,5.8000,5.4000,5.6000,88067.0000,,Tencent_raw
2026-04-20,300205.SZ,5.9800,6.1200,5.6500,5.9200,110631.0000,,Tencent_raw
2026-04-21,300205.SZ,6.0500,6.2100,5.8900,6.1700,105730.0000,,Tencent_raw
2026-04-22,300205.SZ,6.1400,6.2900,5.8100,6.0400,161405.0000,,Tencent_raw
2026-04-23,300205.SZ,6.3300,6.6400,6.1400,6.3100,172958.0000,,Tencent_raw
2026-04-24,300205.SZ,6.2500,6.5200,6.2200,6.3800,96991.0000,,Tencent_raw
2026-04-27,300205.SZ,6.2400,6.4500,6.2400,6.3700,67250.0000,,Tencent_raw
2026-04-28,300205.SZ,6.0900,6.2300,5.9200,6.1000,94544.0000,,Tencent_raw
2026-04-29,300205.SZ,6.0900,6.1500,6.0100,6.1000,29058.0000,,Tencent_raw
2026-04-30,300205.SZ,6.1600,6.2500,6.0800,6.1100,31203.0000,,Tencent_raw
2026-05-06,300205.SZ,6.1500,6.2400,6.1000,6.1100,46095.0000,,Tencent_raw
2026-05-07,300205.SZ,6.1500,6.1500,6.0200,6.0800,39446.0000,,Tencent_raw
2026-05-08,300205.SZ,6.0800,6.1100,5.9500,5.9900,46016.0000,,Tencent_raw
2026-05-11,300205.SZ,6.0200,6.0300,5.8000,5.8300,71907.0000,,Tencent_raw
2026-05-12,300205.SZ,5.8600,6.0400,5.7500,5.9800,50102.0000,,Tencent_raw
2026-05-13,300205.SZ,5.9500,6.0500,5.8500,5.8600,35169.0000,,Tencent_raw
2026-05-14,300205.SZ,5.9000,5.9000,5.7000,5.7100,41189.0000,,Tencent_raw
2026-05-15,300205.SZ,5.7600,5.8500,5.6500,5.6900,38250.0000,,Tencent_raw
2026-05-18,300205.SZ,5.7700,5.7700,5.5700,5.7300,35881.0000,,Tencent_raw
2026-05-19,300205.SZ,5.7400,6.0400,5.6900,6.0100,43669.0000,,Tencent_raw
2026-05-20,300205.SZ,6.0100,6.0600,5.8600,6.0300,36295.0000,,Tencent_raw
2026-05-21,300205.SZ,6.0600,6.0600,5.9300,6.0200,27728.0000,,Tencent_raw
2026-05-22,300205.SZ,5.9300,6.0000,5.8000,5.8800,36777.0000,,Tencent_raw
2026-05-25,300205.SZ,5.8800,5.8900,5.7000,5.8000,29707.0000,,Tencent_raw
2026-05-26,300205.SZ,5.8500,5.8500,5.6900,5.6900,22119.0000,,Tencent_raw
2026-05-27,300205.SZ,5.6700,5.8600,5.6700,5.7200,26366.0000,,Tencent_raw
2026-05-28,300205.SZ,5.6900,6.0700,5.6700,5.9100,37201.0000,,Tencent_raw
2026-05-29,300205.SZ,5.6500,5.8500,5.6200,5.6600,48168.0000,,Tencent_raw
2026-06-01,300205.SZ,5.6700,6.0200,5.6700,5.9900,56707.0000,,Tencent_raw
2026-06-02,300205.SZ,5.9700,6.0200,5.8300,5.9800,36687.0000,,Tencent_raw
2026-06-03,300205.SZ,5.9500,6.1700,5.9300,5.9700,41399.0000,,Tencent_raw
2026-06-04,300205.SZ,5.9500,5.9700,5.8000,5.8100,24390.0000,,Tencent_raw
2026-06-05,300205.SZ,5.7100,5.9000,5.7000,5.8900,26505.0000,,Tencent_raw
2026-06-08,300205.SZ,5.8100,6.0300,5.7600,5.8700,23915.0000,,Tencent_raw
2026-06-09,300205.SZ,5.8500,5.9300,5.8200,5.8800,14966.0000,,Tencent_raw
2026-06-10,300205.SZ,5.8600,5.8700,5.6400,5.7300,30359.0000,,Tencent_raw
2026-06-11,300205.SZ,5.7000,5.7000,5.4300,5.4900,31183.0000,,Tencent_raw
2026-06-12,300205.SZ,5.4600,5.5500,5.3400,5.4800,29313.0000,,Tencent_raw
2026-06-15,300205.SZ,5.4800,5.6100,5.4600,5.4800,21945.0000,,Tencent_raw
2026-06-16,300205.SZ,5.5300,5.7800,5.4500,5.6600,40448.0000,,Tencent_raw
2026-06-17,300205.SZ,5.6500,5.7000,5.5000,5.5900,36522.0000,,Tencent_raw
2026-06-18,300205.SZ,5.5800,5.5800,5.3700,5.4100,30077.0000,,Tencent_raw
2026-06-22,300205.SZ,5.4500,5.5300,5.0300,5.2100,40731.0000,,Tencent_raw
2026-06-23,300205.SZ,5.2100,5.3800,5.1600,5.3400,24280.0000,,Tencent_raw
2026-06-24,300205.SZ,5.3300,5.3700,5.1400,5.1800,25073.0000,,Tencent_raw
2026-06-25,300205.SZ,5.1700,5.2400,5.0700,5.0700,22302.0000,,Tencent_raw
2026-06-26,300205.SZ,5.0600,5.1300,4.8800,5.0500,23727.0000,,Tencent_raw
2026-06-29,300205.SZ,5.0100,5.1500,4.9000,4.9100,20648.0000,,Tencent_raw
2026-06-30,300205.SZ,4.9300,5.0200,4.9000,4.9200,23554.0000,,Tencent_raw
2026-07-01,300205.SZ,4.9200,5.0600,4.9100,5.0000,27983.0000,,Tencent_raw
2026-07-02,300205.SZ,5.0000,5.1700,4.9600,5.0800,47261.0000,,Tencent_raw
2026-07-03,300205.SZ,5.0000,5.1500,4.9900,5.0500,32340.0000,,Tencent_raw
2026-07-06,300205.SZ,5.0000,5.0900,4.9500,4.9600,23177.0000,,Tencent_raw
2026-07-07,300205.SZ,4.9400,4.9400,4.7300,4.7300,30694.0000,,Tencent_raw
2026-07-08,300205.SZ,4.7300,4.7700,4.5200,4.5800,25246.0000,,Tencent_raw
2026-07-09,300205.SZ,4.5900,4.6600,4.5200,4.6200,18784.0000,,Tencent_raw
2026-07-10,300205.SZ,4.6000,4.7200,4.5200,4.7000,18934.0000,,Tencent_raw
2026-07-13,300205.SZ,4.6700,4.6700,4.4300,4.4800,21788.0000,,Tencent_raw
2026-07-14,300205.SZ,4.4800,4.7200,4.3700,4.6100,23810.0000,,Tencent_raw
2026-07-15,300205.SZ,4.5900,4.7300,4.5500,4.5700,19280.0000,,Tencent_raw
2026-07-16,300205.SZ,4.6400,4.6400,4.4800,4.5700,9571.0000,,Tencent_raw
2026-07-17,300205.SZ,4.5600,5.2500,4.5300,5.1700,75321.0000,,Tencent_raw
2026-07-20,300205.SZ,4.8500,5.1100,4.8100,4.9500,59278.0000,,Tencent_raw
2026-07-21,300205.SZ,4.9900,4.9900,4.5000,4.7100,32981.0000,,Tencent_raw
2026-07-22,300205.SZ,4.7000,4.8900,4.6700,4.8300,19851.0000,,Tencent_raw
2026-07-23,300205.SZ,4.7900,4.9200,4.7900,4.8500,13554.0000,,Tencent_raw
2026-07-24,300205.SZ,4.8500,5.0300,4.7900,4.8600,24118.0000,,Tencent_raw
2026-07-27,300205.SZ,4.8400,4.9100,4.8000,4.8900,12293.0000,,Tencent_raw
2026-07-28,300205.SZ,4.8700,4.9600,4.8300,4.9500,11841.0000,,Tencent_raw
2026-07-29,300205.SZ,5.0000,5.0500,4.9100,5.0300,19190.0000,,Tencent_raw
2026-07-30,300205.SZ,5.0200,5.0200,4.8500,4.8500,21011.0000,,Tencent_raw
2026-07-31,300205.SZ,4.8900,4.9500,4.8600,4.9500,14957.0000,,Tencent_raw
2026-08-03,300205.SZ,4.9200,5.0000,4.8500,4.9600,14313.0000,,Tencent_raw
2026-08-04,300205.SZ,4.9700,5.0600,4.9600,5.0100,16394.0000,,Tencent_raw
2026-08-05,300205.SZ,5.0300,5.1800,4.9900,5.1500,20460.0000,,Tencent_raw
2026-08-06,300205.SZ,5.1100,5.3500,5.1100,5.2300,33529.0000,,Tencent_raw
2026-08-07,300205.SZ,5.2100,5.2500,5.1000,5.2500,21999.0000,,Tencent_raw
2026-08-10,300205.SZ,5.2000,5.2300,5.1200,5.1300,20330.0000,,Tencent_raw
2026-08-11,300205.SZ,5.1200,5.1300,5.0500,5.0500,20170.0000,,Tencent_raw
2026-08-12,300205.SZ,5.0400,5.0700,4.9700,5.0300,28602.0000,,Tencent_raw
2026-08-13,300205.SZ,5.0700,5.1300,5.0300,5.0600,29088.0000,,Tencent_raw
2026-08-14,300205.SZ,5.0600,5.1100,5.0000,5.0500,18466.0000,,Tencent_raw
2026-08-17,300205.SZ,5.0300,5.0300,4.8400,4.9400,35934.0000,,Tencent_raw
2026-08-18,300205.SZ,4.9200,4.9400,4.7800,4.8700,32150.0000,,Tencent_raw
2026-08-19,300205.SZ,4.8100,4.8900,4.7700,4.7700,17328.0000,,Tencent_raw
2026-08-20,300205.SZ,4.7600,4.8400,4.7600,4.8100,12800.0000,,Tencent_raw
2026-08-21,300205.SZ,4.8000,4.9800,4.8000,4.8700,15673.0000,,Tencent_raw
2026-08-24,300205.SZ,4.8500,4.8800,4.6600,4.7200,21162.0000,,Tencent_raw
2026-08-25,300205.SZ,4.6800,4.7600,4.6800,4.7200,8506.0000,,Tencent_raw
2026-08-26,300205.SZ,4.7500,4.8500,4.6900,4.8000,20355.0000,,Tencent_raw
2026-08-27,300205.SZ,4.9000,5.0200,4.8600,4.9300,41032.0000,,Tencent_raw
2026-08-28,300205.SZ,4.9100,5.0000,4.7900,4.9800,23221.0000,,Tencent_raw
2026-08-31,300205.SZ,4.9600,5.0800,4.9600,5.0400,35400.0000,,Tencent_raw
2026-09-01,300205.SZ,5.0400,5.0800,4.9700,4.9800,23379.0000,,Tencent_raw
2026-09-02,300205.SZ,4.9400,5.0200,4.9000,5.0100,22742.0000,,Tencent_raw
2026-09-03,300205.SZ,5.0200,5.0500,4.9500,4.9800,21892.0000,,Tencent_raw
2026-09-04,300205.SZ,4.9900,5.0400,4.9600,4.9800,18252.0000,,Tencent_raw
2026-09-07,300205.SZ,5.0000,5.0200,4.9700,5.0200,10495.0000,,Tencent_raw
2026-09-08,300205.SZ,5.0500,5.0500,5.0100,5.0200,18385.0000,,Tencent_raw
2026-09-09,300205.SZ,5.0000,5.0300,4.9500,4.9500,17662.0000,,Tencent_raw
2026-09-10,300205.SZ,4.9600,5.0100,4.9300,4.9700,13524.0000,,Tencent_raw
2026-09-11,300205.SZ,4.9700,4.9700,4.9200,4.9400,13774.0000,,Tencent_raw
2026-09-14,300205.SZ,4.9500,4.9800,4.9000,4.9100,9196.0000,,Tencent_raw
2026-09-15,300205.SZ,4.9200,4.9400,4.8800,4.9000,7168.0000,,Tencent_raw
2026-09-16,300205.SZ,4.8800,4.9000,4.8400,4.8600,14246.0000,,Tencent_raw
2026-09-17,300205.SZ,4.8500,5.0500,4.8300,4.9800,22848.0000,,Tencent_raw
2026-09-18,300205.SZ,4.9600,5.0300,4.9600,5.0000,18644.0000,,Tencent_raw
2026-09-21,300205.SZ,5.0100,5.0900,5.0000,5.0700,18291.0000,,Tencent_raw
2026-09-22,300205.SZ,5.0700,5.0900,5.0200,5.0400,11326.0000,,Tencent_raw
2026-09-23,300205.SZ,5.0300,5.3700,5.0300,5.2800,57466.0000,,Tencent_raw
2026-09-24,300205.SZ,5.2500,5.4000,5.2400,5.3600,39325.0000,,Tencent_raw
2026-09-28,300205.SZ,5.3100,5.4400,5.0600,5.2000,42243.0000,,Tencent_raw
2025-09-01,300460.SZ,10.6500,10.9800,10.5800,10.7800,145066.0000,,Tencent_raw
2025-09-02,300460.SZ,10.7700,10.7800,10.1600,10.3300,147614.0000,,Tencent_raw
2025-09-03,300460.SZ,10.3500,10.4200,9.8900,9.9500,109858.0000,,Tencent_raw
2025-09-04,300460.SZ,9.9300,10.1200,9.7500,9.8500,99434.0000,,Tencent_raw
2025-09-05,300460.SZ,9.9000,10.1800,9.7800,10.1600,90739.0000,,Tencent_raw
2025-09-08,300460.SZ,10.1500,10.2400,10.0300,10.1100,77108.0000,,Tencent_raw
2025-09-09,300460.SZ,10.0600,10.1800,9.8000,9.8800,79941.0000,,Tencent_raw
2025-09-10,300460.SZ,9.8800,10.0300,9.8800,9.9200,52093.0000,,Tencent_raw
2025-09-11,300460.SZ,9.9200,10.2700,9.8200,10.2700,102494.0000,,Tencent_raw
2025-09-12,300460.SZ,10.3000,10.3200,10.1100,10.1800,76984.0000,,Tencent_raw
2025-09-15,300460.SZ,10.2800,10.2800,10.0800,10.1400,57021.0000,,Tencent_raw
2025-09-16,300460.SZ,10.1000,10.3500,10.0500,10.3500,75080.0000,,Tencent_raw
2025-09-17,300460.SZ,10.3800,10.4400,10.2600,10.3400,75459.0000,,Tencent_raw
2025-09-18,300460.SZ,10.3500,10.4700,10.0200,10.1000,106630.0000,,Tencent_raw
2025-09-19,300460.SZ,10.1400,10.2800,10.0100,10.1000,74413.0000,,Tencent_raw
2025-09-22,300460.SZ,10.0000,10.0700,9.8600,9.9600,73162.0000,,Tencent_raw
2025-09-23,300460.SZ,9.9600,10.0200,9.4500,9.8200,99605.0000,,Tencent_raw
2025-09-24,300460.SZ,9.8300,10.2000,9.7100,10.2000,94580.0000,,Tencent_raw
2025-09-25,300460.SZ,10.2100,10.2200,9.9600,9.9800,69724.0000,,Tencent_raw
2025-09-26,300460.SZ,9.9600,10.0000,9.8000,9.8000,54349.0000,,Tencent_raw
2025-09-29,300460.SZ,9.7700,9.8600,9.5600,9.6800,73032.0000,,Tencent_raw
2025-09-30,300460.SZ,9.7700,9.8000,9.5400,9.5600,84626.0000,,Tencent_raw
2025-10-09,300460.SZ,9.6600,9.7400,9.5500,9.5500,75961.0000,,Tencent_raw
2025-10-10,300460.SZ,9.5100,9.5500,9.3300,9.4500,86417.0000,,Tencent_raw
2025-10-13,300460.SZ,9.2000,9.4900,8.8100,9.4800,80054.0000,,Tencent_raw
2025-10-14,300460.SZ,9.5100,9.6200,9.2300,9.3000,70860.0000,,Tencent_raw
2025-10-15,300460.SZ,9.3300,9.4800,9.2300,9.3200,57687.0000,,Tencent_raw
2025-10-16,300460.SZ,9.3300,9.3300,9.1500,9.1700,53676.0000,,Tencent_raw
2025-10-17,300460.SZ,9.1700,9.2200,8.9000,8.9100,62810.0000,,Tencent_raw
2025-10-20,300460.SZ,9.0700,9.1700,9.0100,9.1400,49773.0000,,Tencent_raw
2025-10-21,300460.SZ,9.1900,9.3800,9.1400,9.3800,50470.0000,,Tencent_raw
2025-10-22,300460.SZ,9.3900,9.5000,9.2700,9.4200,47032.0000,,Tencent_raw
2025-10-23,300460.SZ,9.3800,9.4900,9.2700,9.4900,50123.0000,,Tencent_raw
2025-10-24,300460.SZ,9.4900,9.7300,9.4500,9.6500,75366.0000,,Tencent_raw
2025-10-27,300460.SZ,9.7000,9.7800,9.5700,9.7200,77825.0000,,Tencent_raw
2025-10-28,300460.SZ,9.7000,9.9000,9.6000,9.8900,69125.0000,,Tencent_raw
2025-10-29,300460.SZ,9.8800,9.8900,9.5200,9.5800,83396.0000,,Tencent_raw
2025-10-30,300460.SZ,9.5800,9.5800,9.4100,9.4700,57960.0000,,Tencent_raw
2025-10-31,300460.SZ,9.5400,9.6200,9.4100,9.5500,47147.0000,,Tencent_raw
2025-11-03,300460.SZ,9.5500,9.7200,9.4600,9.7100,56678.0000,,Tencent_raw
2025-11-04,300460.SZ,9.6800,9.6900,9.5200,9.6100,47330.0000,,Tencent_raw
2025-11-05,300460.SZ,9.6100,9.7700,9.5300,9.6800,59720.0000,,Tencent_raw
2025-11-06,300460.SZ,9.6700,9.7800,9.5300,9.6600,44085.0000,,Tencent_raw
2025-11-07,300460.SZ,9.6300,9.6800,9.5700,9.6600,42956.0000,,Tencent_raw
2025-11-10,300460.SZ,9.6400,9.7500,9.6400,9.7100,43628.0000,,Tencent_raw
2025-11-11,300460.SZ,9.7100,9.8500,9.6900,9.7400,46729.0000,,Tencent_raw
2025-11-12,300460.SZ,9.7700,9.7700,9.5900,9.6400,41924.0000,,Tencent_raw
2025-11-13,300460.SZ,9.6500,9.7600,9.5700,9.7400,42590.0000,,Tencent_raw
2025-11-14,300460.SZ,9.6400,9.9500,9.6400,9.8200,65074.0000,,Tencent_raw
2025-11-17,300460.SZ,9.8700,9.9700,9.7600,9.9600,59333.0000,,Tencent_raw
2025-11-18,300460.SZ,9.9000,10.2200,9.8500,10.0800,115921.0000,,Tencent_raw
2025-11-19,300460.SZ,10.1500,10.1600,9.6800,9.6800,91113.0000,,Tencent_raw
2025-11-20,300460.SZ,9.8300,11.2800,9.7600,10.6200,428329.0000,,Tencent_raw
2025-11-21,300460.SZ,10.3600,10.7900,10.2000,10.3800,317495.0000,,Tencent_raw
2025-11-24,300460.SZ,10.3700,10.5700,10.2000,10.5000,250841.0000,,Tencent_raw
2025-11-25,300460.SZ,10.4100,10.8200,10.3600,10.6400,260633.0000,,Tencent_raw
2025-11-26,300460.SZ,10.5600,10.5700,10.2100,10.2800,194969.0000,,Tencent_raw
2025-11-27,300460.SZ,10.2600,10.5900,10.0200,10.3600,178052.0000,,Tencent_raw
2025-11-28,300460.SZ,10.3400,10.3500,10.0900,10.1400,127089.0000,,Tencent_raw
2025-12-01,300460.SZ,10.2300,10.6800,10.2000,10.5800,230676.0000,,Tencent_raw
2025-12-02,300460.SZ,10.4400,10.8800,10.3900,10.5100,162541.0000,,Tencent_raw
2025-12-03,300460.SZ,10.4200,11.0000,10.3700,11.0000,351360.0000,,Tencent_raw
2025-12-04,300460.SZ,10.8000,10.8300,10.5100,10.7100,221440.0000,,Tencent_raw
2025-12-05,300460.SZ,10.6100,10.6200,10.0100,10.3600,189137.0000,,Tencent_raw
2025-12-08,300460.SZ,10.2400,10.8800,10.1800,10.7000,211072.0000,,Tencent_raw
2025-12-09,300460.SZ,10.7000,11.6600,10.6100,11.3300,492762.0000,,Tencent_raw
2025-12-11,300460.SZ,9.0600,9.0600,9.0600,9.0600,17716.0000,,Tencent_raw
2025-12-12,300460.SZ,8.3800,8.7500,8.2000,8.4400,493387.0000,,Tencent_raw
2025-12-15,300460.SZ,8.2500,8.6200,8.0200,8.4300,276930.0000,,Tencent_raw
2025-12-16,300460.SZ,8.3000,8.5100,8.0400,8.0500,184589.0000,,Tencent_raw
2025-12-17,300460.SZ,7.9600,8.2800,7.7600,8.2500,192469.0000,,Tencent_raw
2025-12-18,300460.SZ,8.1000,8.6300,8.0800,8.2200,161773.0000,,Tencent_raw
2025-12-19,300460.SZ,8.2200,8.3600,8.1800,8.3000,94542.0000,,Tencent_raw
2025-12-22,300460.SZ,8.2500,8.3300,8.1700,8.1800,101461.0000,,Tencent_raw
2025-12-23,300460.SZ,8.1700,8.2100,7.9200,7.9700,120341.0000,,Tencent_raw
2025-12-24,300460.SZ,7.9600,8.1100,7.9300,8.1100,77476.0000,,Tencent_raw
2025-12-25,300460.SZ,8.0700,8.1700,8.0400,8.1100,72742.0000,,Tencent_raw
2025-12-26,300460.SZ,8.1300,8.2000,8.0300,8.0300,122423.0000,,Tencent_raw
2025-12-29,300460.SZ,7.8500,7.9700,7.7600,7.8200,145033.0000,,Tencent_raw
2025-12-30,300460.SZ,7.7600,7.8100,7.6300,7.6800,117619.0000,,Tencent_raw
2025-12-31,300460.SZ,7.6600,7.7600,7.5600,7.6700,89903.0000,,Tencent_raw
2026-01-05,300460.SZ,7.6900,7.8600,7.6200,7.8200,90238.0000,,Tencent_raw
2026-01-06,300460.SZ,7.8400,7.9900,7.7800,7.8200,111360.0000,,Tencent_raw
2026-01-07,300460.SZ,7.8800,7.9200,7.7800,7.8100,93375.0000,,Tencent_raw
2026-01-08,300460.SZ,7.7600,8.0300,7.7500,7.9600,93718.0000,,Tencent_raw
2026-01-09,300460.SZ,8.0900,8.2100,8.0000,8.1800,138616.0000,,Tencent_raw
2026-01-12,300460.SZ,8.2900,9.5000,8.2900,9.0200,318094.0000,,Tencent_raw
2026-01-13,300460.SZ,9.0100,9.3500,8.6800,8.9100,205606.0000,,Tencent_raw
2026-01-14,300460.SZ,8.8500,9.2500,8.6100,8.7000,218824.0000,,Tencent_raw
2026-01-15,300460.SZ,8.6200,8.7100,8.4200,8.5200,130952.0000,,Tencent_raw
2026-01-16,300460.SZ,8.5300,8.8400,8.4700,8.7100,128230.0000,,Tencent_raw
2026-01-19,300460.SZ,8.6200,8.6500,8.5200,8.5700,89806.0000,,Tencent_raw
2026-01-20,300460.SZ,8.5400,8.7700,8.4000,8.5200,97682.0000,,Tencent_raw
2026-01-21,300460.SZ,8.4800,8.6300,8.3600,8.6300,78301.0000,,Tencent_raw
2026-01-22,300460.SZ,8.6400,8.7400,8.5700,8.6200,70455.0000,,Tencent_raw
2026-01-23,300460.SZ,8.6300,8.8300,8.6000,8.7200,94632.0000,,Tencent_raw
2026-01-26,300460.SZ,8.6900,8.8700,8.5000,8.6400,89879.0000,,Tencent_raw
2026-01-27,300460.SZ,8.5800,8.6200,8.3400,8.5800,67491.0000,,Tencent_raw
2026-01-28,300460.SZ,8.5500,8.6100,8.3200,8.3800,75329.0000,,Tencent_raw
2026-01-29,300460.SZ,8.3400,8.4500,8.1200,8.2000,69686.0000,,Tencent_raw
2026-01-30,300460.SZ,8.1500,8.3600,8.1400,8.2100,51428.0000,,Tencent_raw
2026-02-02,300460.SZ,8.3500,8.6000,8.1900,8.1900,61772.0000,,Tencent_raw
2026-02-03,300460.SZ,8.2900,8.3600,8.2300,8.3300,39925.0000,,Tencent_raw
2026-02-04,300460.SZ,8.3000,8.6200,8.2600,8.5800,78069.0000,,Tencent_raw
2026-02-05,300460.SZ,8.5600,8.7700,8.5100,8.5800,68786.0000,,Tencent_raw
2026-02-06,300460.SZ,8.5200,8.7000,8.4500,8.6500,42989.0000,,Tencent_raw
2026-02-09,300460.SZ,8.7100,8.8400,8.6300,8.7800,61907.0000,,Tencent_raw
2026-02-10,300460.SZ,8.7800,8.9200,8.7500,8.7800,55295.0000,,Tencent_raw
2026-02-11,300460.SZ,8.8200,8.9400,8.7100,8.9300,63355.0000,,Tencent_raw
2026-02-12,300460.SZ,8.9100,9.0600,8.7900,8.8800,51662.0000,,Tencent_raw
2026-02-13,300460.SZ,8.8800,9.0900,8.8500,8.9600,43192.0000,,Tencent_raw
2026-02-24,300460.SZ,8.9600,9.2800,8.9600,9.2200,54483.0000,,Tencent_raw
2026-02-25,300460.SZ,9.2200,9.5800,9.1400,9.4600,70837.0000,,Tencent_raw
2026-02-26,300460.SZ,9.4500,9.5700,9.3000,9.5400,52665.0000,,Tencent_raw
2026-02-27,300460.SZ,9.4700,9.8100,9.3700,9.6000,82467.0000,,Tencent_raw
2026-03-02,300460.SZ,9.4100,9.5600,9.1000,9.2700,96492.0000,,Tencent_raw
2026-03-03,300460.SZ,9.3700,9.4400,8.9900,8.9900,67160.0000,,Tencent_raw
2026-03-04,300460.SZ,8.9500,9.2300,8.9300,9.1900,37785.0000,,Tencent_raw
2026-03-05,300460.SZ,9.3100,10.0000,9.3100,9.5800,112065.0000,,Tencent_raw
2026-03-06,300460.SZ,9.7000,9.8500,9.5800,9.6800,53825.0000,,Tencent_raw
2026-03-09,300460.SZ,9.5200,9.6900,9.3600,9.6900,44308.0000,,Tencent_raw
2026-03-10,300460.SZ,9.7500,9.9500,9.4900,9.5600,67953.0000,,Tencent_raw
2026-03-11,300460.SZ,9.5400,9.6400,9.4100,9.4300,48392.0000,,Tencent_raw
2026-03-12,300460.SZ,9.4100,9.4800,9.2600,9.3000,38261.0000,,Tencent_raw
2026-03-13,300460.SZ,9.3100,9.5500,9.2300,9.3800,59477.0000,,Tencent_raw
2026-03-16,300460.SZ,9.4300,10.0000,9.4100,9.9600,99896.0000,,Tencent_raw
2026-03-17,300460.SZ,10.0000,10.2300,9.3500,9.4200,187111.0000,,Tencent_raw
2026-03-18,300460.SZ,9.3900,9.6700,9.2500,9.3100,92961.0000,,Tencent_raw
2026-03-19,300460.SZ,9.4500,9.4900,9.0200,9.0700,110984.0000,,Tencent_raw
2026-03-20,300460.SZ,9.0400,9.1500,8.8400,8.8400,72975.0000,,Tencent_raw
2026-03-23,300460.SZ,8.8100,8.8100,8.1100,8.1800,111047.0000,,Tencent_raw
2026-03-24,300460.SZ,8.3900,8.6900,8.3600,8.6800,70563.0000,,Tencent_raw
2026-03-25,300460.SZ,8.6800,8.9900,8.6800,8.8800,49775.0000,,Tencent_raw
2026-03-26,300460.SZ,8.9300,8.9300,8.6700,8.6700,46431.0000,,Tencent_raw
2026-03-27,300460.SZ,8.6100,8.9600,8.5400,8.9000,43664.0000,,Tencent_raw
2026-03-30,300460.SZ,8.6900,8.9600,8.6700,8.8800,35544.0000,,Tencent_raw
2026-03-31,300460.SZ,8.9000,9.0800,8.7200,8.7500,39984.0000,,Tencent_raw
2026-04-01,300460.SZ,8.8700,8.9800,8.7700,8.8300,25421.0000,,Tencent_raw
2026-04-02,300460.SZ,8.8200,8.8200,8.6600,8.7200,22657.0000,,Tencent_raw
2026-04-03,300460.SZ,8.7800,8.7800,8.4100,8.4300,35677.0000,,Tencent_raw
2026-04-07,300460.SZ,8.4200,8.5600,8.3800,8.4400,23533.0000,,Tencent_raw
2026-04-08,300460.SZ,8.6100,8.8200,8.6000,8.8200,30533.0000,,Tencent_raw
2026-04-09,300460.SZ,8.6700,8.8000,8.6400,8.6600,26525.0000,,Tencent_raw
2026-04-10,300460.SZ,8.7400,8.8500,8.6700,8.6900,23399.0000,,Tencent_raw
2026-04-13,300460.SZ,8.6400,8.8500,8.6100,8.8100,45779.0000,,Tencent_raw
2026-04-14,300460.SZ,8.8800,8.9600,8.7300,8.8000,33927.0000,,Tencent_raw
2026-04-15,300460.SZ,8.8400,8.8500,8.6200,8.6300,39285.0000,,Tencent_raw
2026-04-16,300460.SZ,8.6500,8.6900,8.5800,8.6500,34897.0000,,Tencent_raw
2026-04-17,300460.SZ,8.6300,9.0000,8.6100,8.8600,59937.0000,,Tencent_raw
2026-04-20,300460.SZ,8.9500,9.2600,8.9400,9.1600,74583.0000,,Tencent_raw
2026-04-21,300460.SZ,9.1900,9.4400,8.9300,9.2100,80804.0000,,Tencent_raw
2026-04-22,300460.SZ,9.1200,9.5500,9.0800,9.5500,98740.0000,,Tencent_raw
2026-04-23,300460.SZ,9.5500,10.3600,9.5500,9.9700,206023.0000,,Tencent_raw
2026-04-24,300460.SZ,9.8000,10.2100,9.6800,9.8000,116869.0000,,Tencent_raw
2026-04-27,300460.SZ,9.8000,9.9300,9.2500,9.5100,111968.0000,,Tencent_raw
2026-04-28,300460.SZ,9.3600,9.4600,9.0800,9.1600,64001.0000,,Tencent_raw
2026-04-29,300460.SZ,9.2100,9.5400,9.2100,9.4100,69640.0000,,Tencent_raw
2026-04-30,300460.SZ,9.4200,9.4900,9.3000,9.3900,40926.0000,,Tencent_raw
2026-05-06,300460.SZ,9.3900,9.7900,9.3100,9.6700,71199.0000,,Tencent_raw
2026-05-07,300460.SZ,9.6700,10.0900,9.6700,9.8700,81580.0000,,Tencent_raw
2026-05-08,300460.SZ,9.9500,10.1500,9.8800,10.1100,96334.0000,,Tencent_raw
2026-05-11,300460.SZ,10.2800,10.7300,10.0000,10.3100,111233.0000,,Tencent_raw
2026-05-12,300460.SZ,10.5700,10.9500,10.5300,10.7400,172418.0000,,Tencent_raw
2026-05-13,300460.SZ,10.8800,10.9200,10.2900,10.3800,136115.0000,,Tencent_raw
2026-05-14,300460.SZ,10.5000,10.7800,10.3700,10.4000,91974.0000,,Tencent_raw
2026-05-15,300460.SZ,10.5400,11.1500,10.5000,10.6000,115250.0000,,Tencent_raw
2026-05-18,300460.SZ,10.6700,10.7300,10.2600,10.4300,84704.0000,,Tencent_raw
2026-05-19,300460.SZ,10.3900,10.3900,10.1300,10.3400,77579.0000,,Tencent_raw
2026-05-20,300460.SZ,10.4100,10.4700,9.9800,10.2100,89597.0000,,Tencent_raw
2026-05-21,300460.SZ,10.2000,10.5300,9.8800,9.8800,91955.0000,,Tencent_raw
2026-05-22,300460.SZ,10.0800,10.3800,9.9100,10.3300,74965.0000,,Tencent_raw
2026-05-25,300460.SZ,10.4300,10.6900,10.0900,10.2700,86242.0000,,Tencent_raw
2026-05-26,300460.SZ,10.3300,10.3600,9.9600,10.1400,75270.0000,,Tencent_raw
2026-05-27,300460.SZ,10.1400,10.4700,9.9300,9.9500,81449.0000,,Tencent_raw
2026-05-28,300460.SZ,9.8900,10.0000,9.7200,9.8600,76922.0000,,Tencent_raw
2026-05-29,300460.SZ,10.0300,10.1500,9.2900,9.3500,89815.0000,,Tencent_raw
2026-06-01,300460.SZ,9.3900,9.7700,9.3400,9.6400,51989.0000,,Tencent_raw
2026-06-02,300460.SZ,9.6400,9.7500,9.4600,9.6500,37199.0000,,Tencent_raw
2026-06-03,300460.SZ,9.6500,10.0200,9.5800,9.8400,92082.0000,,Tencent_raw
2026-06-04,300460.SZ,9.6600,9.8300,9.3200,9.4700,93844.0000,,Tencent_raw
2026-06-05,300460.SZ,9.4000,9.4600,9.1400,9.2100,61562.0000,,Tencent_raw
2026-06-08,300460.SZ,8.9100,9.3000,8.8500,8.9100,65866.0000,,Tencent_raw
2026-06-09,300460.SZ,9.0300,9.1300,8.9500,9.0400,36051.0000,,Tencent_raw
2026-06-10,300460.SZ,8.9500,9.0000,8.5900,8.6900,54273.0000,,Tencent_raw
2026-06-11,300460.SZ,8.6300,8.8000,8.2300,8.3500,75550.0000,,Tencent_raw
2026-06-12,300460.SZ,8.5800,8.9400,8.5400,8.6200,61090.0000,,Tencent_raw
2026-06-15,300460.SZ,8.8900,9.2800,8.8300,9.2200,78224.0000,,Tencent_raw
2026-06-16,300460.SZ,9.2900,9.2900,8.9900,9.2600,64794.0000,,Tencent_raw
2026-06-17,300460.SZ,9.2400,9.5800,9.1600,9.3900,60061.0000,,Tencent_raw
2026-06-18,300460.SZ,9.4100,9.7000,9.2500,9.6500,74511.0000,,Tencent_raw
2026-06-22,300460.SZ,9.8000,9.8700,9.0000,9.2200,97481.0000,,Tencent_raw
2026-06-23,300460.SZ,9.1600,9.7800,9.1200,9.6200,73632.0000,,Tencent_raw
2026-06-24,300460.SZ,9.5200,9.7500,9.3500,9.5200,54810.0000,,Tencent_raw
2026-06-25,300460.SZ,9.6500,9.7100,9.2500,9.3300,61108.0000,,Tencent_raw
2026-06-26,300460.SZ,9.4300,10.1700,9.3300,9.6400,119086.0000,,Tencent_raw
2026-06-29,300460.SZ,9.6400,9.9100,9.2500,9.4600,84141.0000,,Tencent_raw
2026-06-30,300460.SZ,9.4600,9.8900,9.3600,9.8700,76276.0000,,Tencent_raw
2026-07-01,300460.SZ,10.3600,10.8000,10.3400,10.6100,148111.0000,,Tencent_raw
2026-07-02,300460.SZ,10.3100,10.9700,10.2100,10.3900,125854.0000,,Tencent_raw
2026-07-03,300460.SZ,10.5000,11.2000,10.3600,10.9500,134724.0000,,Tencent_raw
2026-07-06,300460.SZ,10.9900,11.3000,10.5900,10.7500,99688.0000,,Tencent_raw
2026-07-07,300460.SZ,10.7200,10.8300,10.2300,10.3100,94669.0000,,Tencent_raw
2026-07-08,300460.SZ,10.1100,10.4000,10.0200,10.2000,75997.0000,,Tencent_raw
2026-07-09,300460.SZ,10.1700,10.1900,9.6800,9.9300,95913.0000,,Tencent_raw
2026-07-10,300460.SZ,9.9800,10.0800,9.7300,9.9000,70942.0000,,Tencent_raw
2026-07-13,300460.SZ,9.8600,9.8700,9.1500,9.2200,87825.0000,,Tencent_raw
2026-07-14,300460.SZ,9.2000,9.5900,9.2000,9.5900,50527.0000,,Tencent_raw
2026-07-15,300460.SZ,9.5400,9.5500,9.3000,9.3800,32228.0000,,Tencent_raw
2026-07-16,300460.SZ,9.3700,9.4700,9.2000,9.2000,50793.0000,,Tencent_raw
2026-07-17,300460.SZ,9.1500,9.3000,8.7000,8.7100,48428.0000,,Tencent_raw
2026-07-20,300460.SZ,8.8100,9.0400,8.1500,8.2500,52317.0000,,Tencent_raw
2026-07-21,300460.SZ,8.2500,8.5200,7.6400,8.3500,61855.0000,,Tencent_raw
2026-07-22,300460.SZ,8.2200,8.6300,8.2200,8.4800,42175.0000,,Tencent_raw
2026-07-23,300460.SZ,8.5100,8.7100,8.3900,8.4600,44412.0000,,Tencent_raw
2026-07-24,300460.SZ,8.3200,8.5800,8.2500,8.2600,34213.0000,,Tencent_raw
2026-07-27,300460.SZ,8.3400,8.4600,8.1600,8.4500,36942.0000,,Tencent_raw
2026-07-28,300460.SZ,8.3000,8.4400,7.9500,8.0400,51895.0000,,Tencent_raw
2026-07-29,300460.SZ,8.0500,8.2300,7.9800,8.1400,44187.0000,,Tencent_raw
2026-07-30,300460.SZ,8.0700,8.2800,7.9500,7.9700,45197.0000,,Tencent_raw
2026-07-31,300460.SZ,8.2200,8.2800,8.1500,8.1800,29500.0000,,Tencent_raw
2026-08-03,300460.SZ,8.1700,8.2300,7.9900,8.0900,54498.0000,,Tencent_raw
2026-08-04,300460.SZ,8.3000,8.4300,8.1600,8.3500,48281.0000,,Tencent_raw
2026-08-05,300460.SZ,8.2800,8.5500,8.2500,8.5000,51233.0000,,Tencent_raw
2026-08-06,300460.SZ,8.5800,8.7500,8.4400,8.7200,60606.0000,,Tencent_raw
2026-08-07,300460.SZ,8.6600,8.7500,8.4000,8.6900,46597.0000,,Tencent_raw
2026-08-10,300460.SZ,8.7100,8.7200,8.4800,8.6700,26590.0000,,Tencent_raw
2026-08-11,300460.SZ,8.6200,8.9800,8.5500,8.7600,30561.0000,,Tencent_raw
2026-08-12,300460.SZ,8.7800,8.9100,8.7600,8.8600,27413.0000,,Tencent_raw
2026-08-13,300460.SZ,8.8400,8.8900,8.5800,8.5800,30346.0000,,Tencent_raw
2026-08-14,300460.SZ,8.5800,8.6900,8.4700,8.6200,21848.0000,,Tencent_raw
2026-08-17,300460.SZ,8.6100,8.8200,8.6100,8.8200,22296.0000,,Tencent_raw
2026-08-18,300460.SZ,8.8000,8.8800,8.5300,8.6100,30245.0000,,Tencent_raw
2026-08-19,300460.SZ,8.5000,8.5700,8.1500,8.2400,34398.0000,,Tencent_raw
2026-08-20,300460.SZ,8.2900,8.3500,8.2300,8.3100,18275.0000,,Tencent_raw
2026-08-21,300460.SZ,8.2800,8.7500,8.2300,8.7300,40150.0000,,Tencent_raw
2026-08-24,300460.SZ,8.6400,8.7300,8.3800,8.3800,37650.0000,,Tencent_raw
2026-08-25,300460.SZ,8.3600,8.4800,8.2800,8.4600,15622.0000,,Tencent_raw
2026-08-26,300460.SZ,8.5000,8.5700,8.4200,8.5500,15689.0000,,Tencent_raw
2026-08-27,300460.SZ,8.5700,8.6800,8.5300,8.6100,28623.0000,,Tencent_raw
2026-08-28,300460.SZ,8.5800,8.6600,8.5300,8.5600,22772.0000,,Tencent_raw
2026-08-31,300460.SZ,8.5100,8.6900,8.4400,8.6800,22561.0000,,Tencent_raw
2026-09-01,300460.SZ,8.7000,8.8000,8.6300,8.7800,25959.0000,,Tencent_raw
2026-09-02,300460.SZ,8.7100,9.0100,8.6500,8.9100,37202.0000,,Tencent_raw
2026-09-03,300460.SZ,8.8700,8.9700,8.7600,8.7800,26664.0000,,Tencent_raw
2026-09-04,300460.SZ,8.8100,8.9100,8.6900,8.7600,21461.0000,,Tencent_raw
2026-09-07,300460.SZ,8.7300,8.9400,8.7100,8.9400,23452.0000,,Tencent_raw
2026-09-08,300460.SZ,8.9400,9.0000,8.7600,8.8200,26137.0000,,Tencent_raw
2026-09-09,300460.SZ,8.7800,8.8800,8.5900,8.6000,33573.0000,,Tencent_raw
2026-09-10,300460.SZ,8.5800,8.7400,8.4600,8.6600,23809.0000,,Tencent_raw
2026-09-11,300460.SZ,8.5800,8.9600,8.4300,8.8600,43027.0000,,Tencent_raw
2026-09-14,300460.SZ,8.7700,8.8400,8.6500,8.6500,40534.0000,,Tencent_raw
2026-09-15,300460.SZ,8.6600,8.6900,8.3800,8.3800,35072.0000,,Tencent_raw
2026-09-16,300460.SZ,8.3300,8.6400,8.3100,8.5700,21718.0000,,Tencent_raw
2026-09-17,300460.SZ,8.5100,8.6600,8.5000,8.5500,18626.0000,,Tencent_raw
2026-09-18,300460.SZ,8.6200,8.9400,8.6200,8.8000,36857.0000,,Tencent_raw
2026-09-21,300460.SZ,8.8000,8.8900,8.7700,8.8100,25678.0000,,Tencent_raw
2026-09-22,300460.SZ,8.8800,8.9800,8.8400,8.9600,33600.0000,,Tencent_raw
2026-09-23,300460.SZ,8.9600,9.3300,8.9200,9.1300,57765.0000,,Tencent_raw
2026-09-24,300460.SZ,9.1400,9.1800,8.9600,9.0600,39422.0000,,Tencent_raw
2026-09-28,300460.SZ,9.0100,9.0800,8.8300,8.9100,38220.0000,,Tencent_raw
2025-09-01,603843.SH,2.7500,2.7800,2.7000,2.7100,172298.0000,,Tencent_raw
2025-09-02,603843.SH,2.6900,2.7100,2.6200,2.6500,184799.0000,,Tencent_raw
2025-09-03,603843.SH,2.6300,2.7800,2.6200,2.7800,277644.0000,,Tencent_raw
2025-09-04,603843.SH,2.7500,2.9200,2.6900,2.9200,432466.0000,,Tencent_raw
2025-09-05,603843.SH,3.0700,3.0700,3.0700,3.0700,87122.0000,,Tencent_raw
2025-09-08,603843.SH,3.1500,3.2200,2.9800,3.1000,669404.0000,,Tencent_raw
2025-09-09,603843.SH,3.1300,3.2600,3.1100,3.2600,314046.0000,,Tencent_raw
2025-09-10,603843.SH,3.3200,3.4200,3.2500,3.4100,634930.0000,,Tencent_raw
2025-09-11,603843.SH,3.3900,3.5700,3.3200,3.4800,518753.0000,,Tencent_raw
2025-09-12,603843.SH,3.6500,3.6500,3.6200,3.6500,171139.0000,,Tencent_raw
2025-09-15,603843.SH,3.8300,3.8300,3.8300,3.8300,10300.0000,,Tencent_raw
2025-09-16,603843.SH,4.0200,4.0200,4.0200,4.0200,27124.0000,,Tencent_raw
2025-09-17,603843.SH,4.2200,4.2200,4.2200,4.2200,26021.0000,,Tencent_raw
2025-09-18,603843.SH,4.4300,4.4300,4.4300,4.4300,22204.0000,,Tencent_raw
2025-09-19,603843.SH,4.6500,4.6500,4.4300,4.6500,1464960.0000,,Tencent_raw
2025-09-22,603843.SH,4.7000,4.8800,4.5800,4.8800,347530.0000,,Tencent_raw
2025-09-23,603843.SH,4.8600,4.8600,4.6400,4.6400,752835.0000,,Tencent_raw
2025-09-24,603843.SH,4.6000,4.8700,4.4100,4.4700,712936.0000,,Tencent_raw
2025-09-25,603843.SH,4.5000,4.6900,4.4200,4.6900,473181.0000,,Tencent_raw
2025-09-26,603843.SH,4.8000,4.9200,4.7500,4.9200,522662.0000,,Tencent_raw
2025-09-29,603843.SH,5.1700,5.1700,5.1700,5.1700,26573.0000,,Tencent_raw
2025-09-30,603843.SH,5.4300,5.4300,5.2100,5.4300,347921.0000,,Tencent_raw
2025-10-16,603843.SH,5.7000,5.7000,5.7000,5.7000,27775.0000,,Tencent_raw
2025-10-17,603843.SH,5.9900,5.9900,5.4300,5.8300,889776.0000,,Tencent_raw
2025-10-20,603843.SH,5.5400,5.8000,5.5400,5.5400,438845.0000,,Tencent_raw
2025-10-21,603843.SH,5.3700,5.7600,5.2800,5.3200,453446.0000,,Tencent_raw
2025-10-22,603843.SH,5.4600,5.5900,5.3700,5.5900,87330.0000,,Tencent_raw
2025-10-23,603843.SH,5.8600,5.8700,5.7100,5.8700,426882.0000,,Tencent_raw
2025-10-24,603843.SH,6.0000,6.1600,5.9400,6.1600,141186.0000,,Tencent_raw
2025-10-27,603843.SH,6.4700,6.4700,6.4100,6.4700,77772.0000,,Tencent_raw
2025-10-28,603843.SH,6.7900,6.7900,6.7900,6.7900,18317.0000,,Tencent_raw
2025-11-12,603843.SH,7.1300,7.1300,7.1300,7.1300,18251.0000,,Tencent_raw
2025-11-13,603843.SH,7.4900,7.4900,7.4900,7.4900,14254.0000,,Tencent_raw
2025-11-14,603843.SH,7.8600,7.8600,7.8600,7.8600,14969.0000,,Tencent_raw
2025-11-17,603843.SH,8.2500,8.2500,7.9800,8.2500,289355.0000,,Tencent_raw
2025-11-18,603843.SH,8.4700,8.6600,8.2600,8.6600,698292.0000,,Tencent_raw
2025-12-03,603843.SH,8.2300,8.2300,8.2300,8.2300,36811.0000,,Tencent_raw
2025-12-04,603843.SH,7.8200,7.8200,7.8200,7.8200,4469.0000,,Tencent_raw
2025-12-05,603843.SH,7.4300,7.4300,7.4300,7.4300,5752.0000,,Tencent_raw
2025-12-08,603843.SH,7.0600,7.0600,7.0600,7.0600,22974.0000,,Tencent_raw
2025-12-09,603843.SH,6.7100,6.7100,6.7100,6.7100,18153.0000,,Tencent_raw
2025-12-10,603843.SH,6.3700,6.3700,6.3700,6.3700,3994.0000,,Tencent_raw
2025-12-11,603843.SH,6.0500,6.0500,6.0500,6.0500,3446.0000,,Tencent_raw
2025-12-12,603843.SH,5.7500,5.7500,5.7500,5.7500,9008.0000,,Tencent_raw
2025-12-15,603843.SH,5.4600,5.4600,5.4600,5.4600,129414.0000,,Tencent_raw
2025-12-16,603843.SH,5.1900,5.1900,5.1900,5.1900,18420.0000,,Tencent_raw
2025-12-17,603843.SH,4.9300,4.9500,4.9300,4.9500,520308.0000,,Tencent_raw
2025-12-18,603843.SH,4.8800,5.1100,4.7000,4.7000,1009041.0000,,Tencent_raw
2025-12-19,603843.SH,4.4700,4.5300,4.4700,4.4700,726105.0000,,Tencent_raw
2025-12-22,603843.SH,4.4500,4.6900,4.2500,4.6900,928052.0000,,Tencent_raw
2025-12-23,603843.SH,4.4700,4.6200,4.4600,4.4600,563004.0000,,Tencent_raw
2025-12-24,603843.SH,4.2700,4.6600,4.2400,4.5000,602529.0000,,Tencent_raw
2025-12-25,603843.SH,4.7300,4.7300,4.7300,4.7300,20771.0000,,Tencent_raw
2025-12-26,603843.SH,4.9700,4.9700,4.9200,4.9700,379191.0000,,Tencent_raw
2025-12-29,603843.SH,5.2200,5.2200,5.2200,5.2200,27287.0000,,Tencent_raw
2025-12-30,603843.SH,5.4800,5.4800,5.4800,5.4800,28218.0000,,Tencent_raw
2025-12-31,603843.SH,5.4800,5.7500,5.2100,5.7200,882912.0000,,Tencent_raw
2026-01-05,603843.SH,5.7800,5.8900,5.4800,5.6400,426204.0000,,Tencent_raw
2026-01-06,603843.SH,5.5200,5.9200,5.5200,5.9200,375968.0000,,Tencent_raw
2026-01-07,603843.SH,6.0000,6.2200,5.8600,6.2100,477032.0000,,Tencent_raw
2026-01-08,603843.SH,6.1800,6.5200,6.1200,6.4900,372012.0000,,Tencent_raw
2026-01-09,603843.SH,6.5000,6.8100,6.4600,6.8100,239572.0000,,Tencent_raw
2026-01-12,603843.SH,7.1300,7.1300,6.4700,6.4700,393563.0000,,Tencent_raw
2026-01-13,603843.SH,6.1500,6.1500,6.1500,6.1500,43372.0000,,Tencent_raw
2026-01-14,603843.SH,5.8400,5.8400,5.8400,5.8400,26886.0000,,Tencent_raw
2026-01-15,603843.SH,5.5500,6.1300,5.5500,6.1000,492989.0000,,Tencent_raw
2026-01-16,603843.SH,5.9200,6.1600,5.8000,5.8000,356625.0000,,Tencent_raw
2026-01-19,603843.SH,5.6500,5.9200,5.5100,5.6200,372402.0000,,Tencent_raw
2026-01-20,603843.SH,5.5900,5.7100,5.3400,5.3400,261898.0000,,Tencent_raw
2026-01-21,603843.SH,5.2900,5.5100,5.0700,5.4100,355178.0000,,Tencent_raw
2026-01-22,603843.SH,5.3500,5.6800,5.3500,5.6800,188838.0000,,Tencent_raw
2026-01-23,603843.SH,5.9600,5.9600,5.8900,5.9600,171332.0000,,Tencent_raw
2026-01-26,603843.SH,5.6600,6.1200,5.6600,5.7800,422070.0000,,Tencent_raw
2026-01-27,603843.SH,5.7000,5.8200,5.5300,5.6600,222738.0000,,Tencent_raw
2026-01-28,603843.SH,5.5700,5.6600,5.3800,5.3800,269709.0000,,Tencent_raw
2026-01-29,603843.SH,5.3800,5.5000,5.1100,5.1100,312254.0000,,Tencent_raw
2026-01-30,603843.SH,4.8600,5.3700,4.8600,5.3100,333588.0000,,Tencent_raw
2026-02-02,603843.SH,5.5800,5.5800,5.5800,5.5800,37559.0000,,Tencent_raw
2026-02-03,603843.SH,5.8600,5.8600,5.8600,5.8600,16728.0000,,Tencent_raw
2026-02-04,603843.SH,6.1500,6.1500,5.6500,5.7700,440454.0000,,Tencent_raw
2026-02-05,603843.SH,5.6000,6.0600,5.6000,6.0600,367566.0000,,Tencent_raw
2026-02-06,603843.SH,6.1500,6.3300,5.9700,6.1200,345182.0000,,Tencent_raw
2026-02-09,603843.SH,6.0300,6.0400,5.8100,5.8100,301273.0000,,Tencent_raw
2026-02-10,603843.SH,5.6600,5.7300,5.5200,5.5200,303456.0000,,Tencent_raw
2026-02-11,603843.SH,5.4600,5.7900,5.4200,5.6200,245602.0000,,Tencent_raw
2026-02-12,603843.SH,5.5800,5.7800,5.5700,5.6000,184385.0000,,Tencent_raw
2026-02-13,603843.SH,5.6000,5.8200,5.6000,5.7400,213052.0000,,Tencent_raw
2026-02-24,603843.SH,5.8000,5.8000,5.6000,5.6600,151649.0000,,Tencent_raw
2026-02-25,603843.SH,5.6500,5.7400,5.6400,5.6800,129803.0000,,Tencent_raw
2026-02-26,603843.SH,5.7200,5.9600,5.6800,5.9600,119957.0000,,Tencent_raw
2026-02-27,603843.SH,5.9600,6.2500,5.8800,6.1400,242998.0000,,Tencent_raw
2026-03-02,603843.SH,6.1000,6.4500,6.1000,6.4200,263256.0000,,Tencent_raw
2026-03-03,603843.SH,6.4200,6.4200,6.1000,6.1000,215287.0000,,Tencent_raw
2026-03-04,603843.SH,5.8000,5.8000,5.8000,5.8000,21236.0000,,Tencent_raw
2026-03-05,603843.SH,5.5100,6.0300,5.5100,5.7800,495214.0000,,Tencent_raw
2026-03-06,603843.SH,5.7100,5.9500,5.6700,5.9000,216038.0000,,Tencent_raw
2026-03-09,603843.SH,5.8500,6.0300,5.7300,5.8900,167024.0000,,Tencent_raw
2026-03-10,603843.SH,5.8600,5.9500,5.7300,5.7900,172503.0000,,Tencent_raw
2026-03-11,603843.SH,6.0800,6.0800,6.0800,6.0800,50571.0000,,Tencent_raw
2026-03-12,603843.SH,6.3800,6.3800,6.1300,6.3800,395536.0000,,Tencent_raw
2026-03-13,603843.SH,6.7000,6.7000,6.7000,6.7000,41711.0000,,Tencent_raw
2026-03-16,603843.SH,7.0400,7.0400,7.0400,7.0400,22159.0000,,Tencent_raw
2026-03-17,603843.SH,7.3900,7.3900,7.3900,7.3900,23579.0000,,Tencent_raw
2026-03-18,603843.SH,7.7600,7.7600,7.0200,7.3500,668127.0000,,Tencent_raw
2026-03-19,603843.SH,7.4100,7.7200,7.4100,7.7200,301086.0000,,Tencent_raw
2026-03-20,603843.SH,7.9900,8.1100,7.6000,8.1100,532051.0000,,Tencent_raw
2026-03-23,603843.SH,7.8500,8.5200,7.7900,8.5200,386663.0000,,Tencent_raw
2026-03-24,603843.SH,8.6800,8.9500,8.5600,8.9500,267520.0000,,Tencent_raw
2026-03-25,603843.SH,9.1500,9.4000,8.5900,8.8400,471443.0000,,Tencent_raw
2026-03-26,603843.SH,8.6700,9.2800,8.6700,9.2800,301314.0000,,Tencent_raw
2026-04-03,603843.SH,8.8400,9.7400,8.8300,9.7000,342693.0000,,Tencent_raw
2026-04-07,603843.SH,9.6600,9.6600,9.2200,9.2200,164343.0000,,Tencent_raw
2026-04-08,603843.SH,8.7600,8.7600,8.7600,8.7600,47447.0000,,Tencent_raw
2026-04-09,603843.SH,8.3200,9.2000,8.3200,9.2000,289176.0000,,Tencent_raw
2026-04-10,603843.SH,9.5400,9.6500,8.8800,9.3800,389624.0000,,Tencent_raw
2026-04-13,603843.SH,9.1800,9.5800,8.9100,8.9100,332284.0000,,Tencent_raw
2026-04-14,603843.SH,8.4600,8.7800,8.4600,8.4600,307404.0000,,Tencent_raw
2026-04-15,603843.SH,8.5000,8.6200,8.0400,8.0400,250001.0000,,Tencent_raw
2026-04-16,603843.SH,7.6400,7.9400,7.6400,7.6400,400545.0000,,Tencent_raw
2026-04-17,603843.SH,7.3800,7.9700,7.3800,7.6400,355344.0000,,Tencent_raw
2026-04-20,603843.SH,7.6900,8.0200,7.6900,8.0200,203969.0000,,Tencent_raw
2026-04-21,603843.SH,8.4200,8.4200,8.4200,8.4200,23611.0000,,Tencent_raw
2026-04-22,603843.SH,8.7000,8.8000,8.0100,8.4800,391998.0000,,Tencent_raw
2026-04-23,603843.SH,8.4600,8.5900,8.2000,8.2100,203444.0000,,Tencent_raw
2026-04-24,603843.SH,7.8000,8.5400,7.8000,8.0800,390446.0000,,Tencent_raw
2026-04-27,603843.SH,7.9900,8.2800,7.7400,7.7400,259709.0000,,Tencent_raw
2026-04-28,603843.SH,7.8900,8.1300,7.5800,8.1300,240681.0000,,Tencent_raw
2026-04-29,603843.SH,8.5400,8.5400,8.4000,8.5400,117727.0000,,Tencent_raw
2026-04-30,603843.SH,8.9700,8.9700,8.9700,8.9700,14026.0000,,Tencent_raw
2026-05-06,603843.SH,9.4200,9.4200,9.2300,9.4200,213034.0000,,Tencent_raw
2026-05-07,603843.SH,9.6000,9.7900,8.9500,8.9500,493305.0000,,Tencent_raw
2026-05-08,603843.SH,8.9900,9.4000,8.5200,9.4000,430750.0000,,Tencent_raw
2026-05-11,603843.SH,9.1800,9.6000,9.0000,9.3800,267527.0000,,Tencent_raw
2026-05-12,603843.SH,9.8500,9.8500,9.4100,9.6100,303763.0000,,Tencent_raw
2026-05-13,603843.SH,9.4300,9.4900,9.1300,9.1300,282421.0000,,Tencent_raw
2026-05-14,603843.SH,8.9700,9.3700,8.6800,9.0900,282597.0000,,Tencent_raw
2026-05-15,603843.SH,8.9900,9.2600,8.8700,9.1000,188628.0000,,Tencent_raw
2026-05-18,603843.SH,8.9600,9.2100,8.9300,8.9700,131148.0000,,Tencent_raw
2026-05-19,603843.SH,8.8400,8.9500,8.6700,8.7200,177588.0000,,Tencent_raw
2026-05-20,603843.SH,8.7100,9.1600,8.3100,9.0700,284964.0000,,Tencent_raw
2026-05-21,603843.SH,8.8700,9.1000,8.7800,8.8000,171378.0000,,Tencent_raw
2026-05-22,603843.SH,8.8700,9.1800,8.8500,9.0000,142558.0000,,Tencent_raw
2026-05-25,603843.SH,8.9200,9.0700,8.7900,8.8000,140794.0000,,Tencent_raw
2026-05-26,603843.SH,8.4700,8.6100,8.3600,8.3600,200189.0000,,Tencent_raw
2026-05-27,603843.SH,8.1800,8.4500,7.9400,7.9700,215776.0000,,Tencent_raw
2026-05-28,603843.SH,7.9000,8.1900,7.7700,8.1700,155493.0000,,Tencent_raw
2026-05-29,603843.SH,8.1800,8.2400,8.0100,8.1100,109242.0000,,Tencent_raw
2026-06-01,603843.SH,7.9500,8.1200,7.8600,7.9500,114571.0000,,Tencent_raw
2026-06-02,603843.SH,7.8500,7.9900,7.6600,7.8800,186818.0000,,Tencent_raw
2026-06-03,603843.SH,7.7900,8.1500,7.7600,8.0500,156865.0000,,Tencent_raw
2026-06-04,603843.SH,7.8600,7.9300,7.6500,7.6500,175955.0000,,Tencent_raw
2026-06-05,603843.SH,7.6200,8.0300,7.6200,8.0300,182617.0000,,Tencent_raw
2026-06-08,603843.SH,8.3000,8.4300,8.1400,8.4300,101569.0000,,Tencent_raw
2026-06-09,603843.SH,8.6300,8.8500,8.1700,8.2600,233510.0000,,Tencent_raw
2026-06-10,603843.SH,8.0900,8.2200,7.8700,7.8900,149424.0000,,Tencent_raw
2026-06-11,603843.SH,7.9900,8.2800,7.9700,8.2800,172648.0000,,Tencent_raw
2026-06-12,603843.SH,8.4400,8.6900,8.3800,8.6900,175069.0000,,Tencent_raw
2026-06-15,603843.SH,8.7800,9.0900,8.2800,8.7400,228201.0000,,Tencent_raw
2026-06-16,603843.SH,8.8600,9.0200,8.7200,8.8000,147463.0000,,Tencent_raw
2026-06-17,603843.SH,8.7000,8.7400,8.3800,8.3800,156291.0000,,Tencent_raw
2026-06-18,603843.SH,8.7800,8.8000,8.6100,8.8000,181822.0000,,Tencent_raw
2026-06-22,603843.SH,8.6500,8.8800,8.4300,8.7600,178129.0000,,Tencent_raw
2026-06-23,603843.SH,8.6200,8.9400,8.5200,8.6400,150308.0000,,Tencent_raw
2026-06-24,603843.SH,8.5100,8.6300,8.3400,8.3700,142778.0000,,Tencent_raw
2026-06-25,603843.SH,8.3100,8.7400,8.0200,8.7300,223017.0000,,Tencent_raw
2026-06-26,603843.SH,8.6900,9.0000,8.5400,8.6300,199076.0000,,Tencent_raw
2026-06-29,603843.SH,8.4000,8.4000,8.2000,8.2000,174164.0000,,Tencent_raw
2026-06-30,603843.SH,8.0600,8.4000,8.0600,8.2300,131893.0000,,Tencent_raw
2026-07-01,603843.SH,8.2500,8.2900,8.0500,8.1000,129331.0000,,Tencent_raw
2026-07-02,603843.SH,8.0300,8.5100,7.9500,8.4400,185566.0000,,Tencent_raw
2026-07-03,603843.SH,8.3000,8.6400,8.1600,8.2000,188824.0000,,Tencent_raw
2026-07-06,603843.SH,8.2000,8.3000,7.8800,7.9000,174851.0000,,Tencent_raw
2026-07-07,603843.SH,7.7900,7.9600,7.1100,7.1100,266260.0000,,Tencent_raw
2026-07-08,603843.SH,6.9700,7.0600,6.4000,6.4000,308167.0000,,Tencent_raw
2026-07-09,603843.SH,6.3900,6.6600,6.0100,6.2100,283402.0000,,Tencent_raw
2026-07-10,603843.SH,6.1600,6.7900,6.1000,6.4900,283832.0000,,Tencent_raw
2026-07-13,603843.SH,6.3700,6.8600,6.3300,6.7900,226423.0000,,Tencent_raw
2026-07-14,603843.SH,6.7900,6.8900,6.3200,6.4200,227271.0000,,Tencent_raw
2026-07-15,603843.SH,6.3300,6.7900,6.3300,6.5800,170039.0000,,Tencent_raw
2026-07-16,603843.SH,6.5600,6.7600,6.4400,6.5000,142096.0000,,Tencent_raw
2026-07-17,603843.SH,6.4500,6.5400,6.1100,6.2600,161563.0000,,Tencent_raw
2026-07-20,603843.SH,6.2100,6.3400,5.6300,5.6300,221607.0000,,Tencent_raw
2026-07-21,603843.SH,5.5700,5.6000,5.0700,5.2700,267511.0000,,Tencent_raw
2026-07-22,603843.SH,5.3800,5.7000,5.3400,5.5000,237302.0000,,Tencent_raw
2026-07-23,603843.SH,5.5300,6.0500,5.5300,6.0500,230092.0000,,Tencent_raw
2026-07-24,603843.SH,6.0500,6.6500,5.9900,6.5300,276681.0000,,Tencent_raw
2026-07-27,603843.SH,6.2100,6.4300,6.1200,6.3600,166248.0000,,Tencent_raw
2026-07-28,603843.SH,6.3000,6.6300,6.2700,6.4100,118702.0000,,Tencent_raw
2026-07-29,603843.SH,6.4000,6.9400,6.3100,6.8000,154747.0000,,Tencent_raw
2026-07-30,603843.SH,6.8100,7.1500,6.7000,6.9900,165705.0000,,Tencent_raw
2026-07-31,603843.SH,6.8000,7.4800,6.7600,7.3300,166456.0000,,Tencent_raw
2026-08-03,603843.SH,7.2800,7.3900,6.9300,7.0100,169922.0000,,Tencent_raw
2026-08-04,603843.SH,7.0500,7.0600,6.6000,6.8100,141460.0000,,Tencent_raw
2026-08-05,603843.SH,6.8100,7.0500,6.7800,6.9700,115043.0000,,Tencent_raw
2026-08-06,603843.SH,7.0600,7.3300,6.8600,7.1800,152262.0000,,Tencent_raw
2026-08-07,603843.SH,7.2000,7.3100,7.1100,7.1400,113940.0000,,Tencent_raw
2026-08-10,603843.SH,7.0400,7.2000,6.9200,7.0000,95783.0000,,Tencent_raw
2026-08-11,603843.SH,7.0700,7.4000,6.9600,7.2400,125644.0000,,Tencent_raw
2026-08-12,603843.SH,7.2500,7.4600,7.1500,7.3400,105081.0000,,Tencent_raw
2026-08-13,603843.SH,7.3000,7.4500,7.2700,7.3000,94875.0000,,Tencent_raw
2026-08-14,603843.SH,7.2400,7.3600,7.1500,7.1600,82810.0000,,Tencent_raw
2026-08-17,603843.SH,7.1600,7.1800,7.0400,7.0500,103977.0000,,Tencent_raw
2026-08-18,603843.SH,7.0900,7.0900,6.6600,6.7200,180672.0000,,Tencent_raw
2026-08-19,603843.SH,6.6500,6.9900,6.6300,6.7400,128204.0000,,Tencent_raw
2026-08-20,603843.SH,6.7200,6.9600,6.5800,6.8900,120016.0000,,Tencent_raw
2026-08-21,603843.SH,6.9300,7.2900,6.8100,7.1700,127018.0000,,Tencent_raw
2026-08-24,603843.SH,7.0700,7.1600,6.9000,7.0100,105336.0000,,Tencent_raw
2026-08-25,603843.SH,7.0600,7.3500,7.0100,7.2800,114437.0000,,Tencent_raw
2026-08-26,603843.SH,7.2400,7.3100,7.1500,7.2300,82340.0000,,Tencent_raw
2026-08-27,603843.SH,7.2400,7.9500,7.1900,7.7900,225708.0000,,Tencent_raw
2026-08-28,603843.SH,7.8900,8.1700,7.5100,7.6000,255652.0000,,Tencent_raw
2026-08-31,603843.SH,7.5800,7.5800,7.0300,7.4700,186343.0000,,Tencent_raw
2026-09-01,603843.SH,7.5000,7.5800,7.2300,7.3400,144381.0000,,Tencent_raw
2026-09-02,603843.SH,7.3200,7.4200,7.2500,7.3800,102823.0000,,Tencent_raw
2026-09-03,603843.SH,7.3300,7.5200,7.3100,7.4100,88382.0000,,Tencent_raw
2026-09-04,603843.SH,7.4000,7.4600,7.1700,7.1700,111328.0000,,Tencent_raw
2026-09-07,603843.SH,7.0600,7.2600,7.0400,7.1800,85106.0000,,Tencent_raw
2026-09-08,603843.SH,7.2000,7.2700,6.9000,7.0100,136284.0000,,Tencent_raw
2026-09-09,603843.SH,6.9500,7.1500,6.8800,7.0600,132236.0000,,Tencent_raw
2026-09-10,603843.SH,7.0000,7.0300,6.8500,6.8900,100025.0000,,Tencent_raw
2026-09-11,603843.SH,6.7000,6.9000,6.7000,6.8400,103972.0000,,Tencent_raw
2026-09-14,603843.SH,6.8500,6.8800,6.7400,6.7800,80720.0000,,Tencent_raw
2026-09-15,603843.SH,6.7700,6.8700,6.6800,6.7000,72453.0000,,Tencent_raw
2026-09-16,603843.SH,6.5600,6.7400,6.5600,6.6800,87900.0000,,Tencent_raw
2026-09-17,603843.SH,6.6300,6.9300,6.6000,6.7700,101503.0000,,Tencent_raw
2026-09-18,603843.SH,6.8400,6.9600,6.8000,6.8700,83952.0000,,Tencent_raw
2026-09-21,603843.SH,6.9000,6.9000,6.6800,6.7000,115500.0000,,Tencent_raw
2026-09-22,603843.SH,6.6600,6.6900,6.4200,6.4200,154453.0000,,Tencent_raw
2026-09-23,603843.SH,6.3300,6.7500,6.1800,6.6000,196823.0000,,Tencent_raw
2026-09-24,603843.SH,6.5500,6.5800,6.2900,6.3300,110350.0000,,Tencent_raw
2026-09-28,603843.SH,6.3300,6.4000,6.0400,6.0400,103880.0000,,Tencent_raw
2025-09-01,603959.SH,5.4500,5.4900,5.3400,5.4000,174532.0000,,Tencent_raw
2025-09-02,603959.SH,5.4500,5.6700,5.3500,5.3700,253390.0000,,Tencent_raw
2025-09-03,603959.SH,5.3800,5.4000,5.1500,5.2000,170476.0000,,Tencent_raw
2025-09-04,603959.SH,5.1900,5.4500,5.1600,5.2100,206614.0000,,Tencent_raw
2025-09-05,603959.SH,5.3000,5.4000,5.1900,5.2800,255707.0000,,Tencent_raw
2025-09-08,603959.SH,5.2600,5.3100,5.1200,5.1700,242749.0000,,Tencent_raw
2025-09-09,603959.SH,5.1500,5.6900,5.1400,5.6900,517159.0000,,Tencent_raw
2025-09-10,603959.SH,6.0100,6.0300,5.4800,5.5000,883449.0000,,Tencent_raw
2025-09-11,603959.SH,5.4900,5.5000,5.2200,5.3400,516108.0000,,Tencent_raw
2025-09-12,603959.SH,5.4800,5.8700,5.4800,5.8700,311006.0000,,Tencent_raw
2025-09-15,603959.SH,6.0000,6.4600,5.9000,6.4600,570298.0000,,Tencent_raw
2025-09-16,603959.SH,7.1100,7.1100,7.0000,7.1100,733608.0000,,Tencent_raw
2025-09-17,603959.SH,7.2000,7.8200,6.9500,7.3400,2014393.0000,,Tencent_raw
2025-09-18,603959.SH,6.9400,7.3400,6.6900,7.0200,1539051.0000,,Tencent_raw
2025-09-19,603959.SH,6.7800,6.9300,6.3200,6.3200,1028033.0000,,Tencent_raw
2025-09-22,603959.SH,6.1100,6.2400,5.9600,6.1500,700719.0000,,Tencent_raw
2025-09-23,603959.SH,6.1500,6.2800,5.9300,6.0300,530266.0000,,Tencent_raw
2025-09-24,603959.SH,5.9600,6.1400,5.8600,6.1100,388934.0000,,Tencent_raw
2025-09-25,603959.SH,6.1000,6.2200,6.0000,6.0100,366316.0000,,Tencent_raw
2025-09-26,603959.SH,5.9400,6.2800,5.9300,6.1500,455633.0000,,Tencent_raw
2025-09-29,603959.SH,6.2500,6.5300,6.2400,6.4000,596669.0000,,Tencent_raw
2025-09-30,603959.SH,6.3700,6.8300,6.2400,6.6400,644638.0000,,Tencent_raw
2025-10-09,603959.SH,6.5300,6.7500,6.4200,6.5900,491961.0000,,Tencent_raw
2025-10-10,603959.SH,6.6000,6.6900,6.5100,6.5500,299034.0000,,Tencent_raw
2025-10-13,603959.SH,6.3000,6.7400,6.3000,6.7200,361833.0000,,Tencent_raw
2025-10-14,603959.SH,6.8200,7.1600,6.7700,6.8700,528192.0000,,Tencent_raw
2025-10-15,603959.SH,6.8700,7.5600,6.8700,7.5600,613251.0000,,Tencent_raw
2025-10-16,603959.SH,8.0600,8.0600,7.5000,7.5100,1006617.0000,,Tencent_raw
2025-10-17,603959.SH,7.5300,7.6400,6.8100,7.2100,832087.0000,,Tencent_raw
2025-10-20,603959.SH,7.3500,7.5400,6.9900,7.0100,485690.0000,,Tencent_raw
2025-10-21,603959.SH,7.2200,7.2200,6.9300,7.0100,361119.0000,,Tencent_raw
2025-10-22,603959.SH,6.9500,7.0200,6.8400,6.8700,253114.0000,,Tencent_raw
2025-10-23,603959.SH,6.8800,6.9000,6.7300,6.8200,193947.0000,,Tencent_raw
2025-10-24,603959.SH,6.8200,6.9700,6.7600,6.7800,177281.0000,,Tencent_raw
2025-10-27,603959.SH,6.8700,7.3000,6.8200,7.2000,521026.0000,,Tencent_raw
2025-10-28,603959.SH,7.1200,7.2300,7.0400,7.1100,257946.0000,,Tencent_raw
2025-10-29,603959.SH,7.0800,7.1200,6.9200,6.9800,190646.0000,,Tencent_raw
2025-10-30,603959.SH,6.9800,7.1000,6.8700,6.9300,191322.0000,,Tencent_raw
2025-10-31,603959.SH,6.8900,7.1700,6.8500,7.1000,226303.0000,,Tencent_raw
2025-11-03,603959.SH,7.1100,7.2200,6.9700,7.1800,233074.0000,,Tencent_raw
2025-11-04,603959.SH,7.2000,7.2500,7.0700,7.2000,158595.0000,,Tencent_raw
2025-11-05,603959.SH,7.1600,7.3200,7.1300,7.2700,224167.0000,,Tencent_raw
2025-11-06,603959.SH,7.3000,7.3400,7.0200,7.1200,196691.0000,,Tencent_raw
2025-11-07,603959.SH,7.1200,7.1700,6.9800,7.0400,141251.0000,,Tencent_raw
2025-11-10,603959.SH,7.0100,7.5400,7.0000,7.2200,308706.0000,,Tencent_raw
2025-11-11,603959.SH,7.3000,7.4000,7.2200,7.3400,211595.0000,,Tencent_raw
2025-11-12,603959.SH,7.4100,7.4100,7.0800,7.2800,214711.0000,,Tencent_raw
2025-11-13,603959.SH,7.2900,7.6000,7.2200,7.5000,274898.0000,,Tencent_raw
2025-11-14,603959.SH,7.4800,7.7800,7.3600,7.6300,288678.0000,,Tencent_raw
2025-11-17,603959.SH,7.7200,8.3900,7.5000,7.7200,614761.0000,,Tencent_raw
2025-11-18,603959.SH,7.7600,8.0900,7.3700,7.8000,592761.0000,,Tencent_raw
2025-11-19,603959.SH,7.6100,7.8000,7.4000,7.4900,329038.0000,,Tencent_raw
2025-11-20,603959.SH,7.5100,7.5400,7.1200,7.2600,240192.0000,,Tencent_raw
2025-11-21,603959.SH,7.1700,7.4900,6.7800,6.7900,435901.0000,,Tencent_raw
2025-11-24,603959.SH,6.6000,6.7800,6.1100,6.2300,386159.0000,,Tencent_raw
2025-11-25,603959.SH,6.4000,6.5400,6.2600,6.5000,281081.0000,,Tencent_raw
2025-11-26,603959.SH,6.5000,6.6000,6.4000,6.4300,140241.0000,,Tencent_raw
2025-11-27,603959.SH,6.3300,6.5700,6.3200,6.3600,156120.0000,,Tencent_raw
2025-11-28,603959.SH,6.3600,6.5000,6.3200,6.5000,121650.0000,,Tencent_raw
2025-12-01,603959.SH,6.5700,6.6000,6.4000,6.4500,152772.0000,,Tencent_raw
2025-12-02,603959.SH,6.4000,6.4500,6.2700,6.2900,107339.0000,,Tencent_raw
2025-12-03,603959.SH,6.3000,6.3400,6.1500,6.1800,119180.0000,,Tencent_raw
2025-12-04,603959.SH,6.1500,6.1800,6.0000,6.0700,122281.0000,,Tencent_raw
2025-12-05,603959.SH,6.0700,6.1600,6.0000,6.1400,100403.0000,,Tencent_raw
2025-12-08,603959.SH,6.1500,6.2100,6.1200,6.1800,91575.0000,,Tencent_raw
2025-12-09,603959.SH,6.1800,6.1900,6.0300,6.0500,103025.0000,,Tencent_raw
2025-12-10,603959.SH,6.1700,6.2300,6.0200,6.0600,108746.0000,,Tencent_raw
2025-12-11,603959.SH,6.0600,6.0900,5.8700,5.8900,135302.0000,,Tencent_raw
2025-12-12,603959.SH,5.9100,6.4200,5.9100,6.0700,222509.0000,,Tencent_raw
2025-12-15,603959.SH,5.9800,6.0500,5.8200,5.8500,150480.0000,,Tencent_raw
2025-12-16,603959.SH,5.7800,5.8300,5.5800,5.6300,180331.0000,,Tencent_raw
2025-12-17,603959.SH,5.6300,5.6800,5.5200,5.6100,113430.0000,,Tencent_raw
2025-12-18,603959.SH,5.5400,5.7200,5.5400,5.6000,113944.0000,,Tencent_raw
2025-12-19,603959.SH,5.6000,5.7200,5.6000,5.7000,99165.0000,,Tencent_raw
2025-12-22,603959.SH,5.8000,6.2700,5.7600,6.2700,213913.0000,,Tencent_raw
2025-12-23,603959.SH,6.2500,6.3500,6.0300,6.0400,332072.0000,,Tencent_raw
2025-12-24,603959.SH,6.0600,6.5100,6.0400,6.1600,221494.0000,,Tencent_raw
2025-12-25,603959.SH,6.1600,6.1900,6.0200,6.1600,173119.0000,,Tencent_raw
2025-12-26,603959.SH,6.1600,6.3800,6.1300,6.2600,217698.0000,,Tencent_raw
2025-12-29,603959.SH,6.3000,6.3500,6.0300,6.0500,200434.0000,,Tencent_raw
2025-12-30,603959.SH,6.0000,6.0200,5.8500,5.8500,157283.0000,,Tencent_raw
2025-12-31,603959.SH,5.8500,5.9000,5.6400,5.7400,133903.0000,,Tencent_raw
2026-01-05,603959.SH,5.7400,5.8000,5.6800,5.7200,118162.0000,,Tencent_raw
2026-01-06,603959.SH,5.7500,5.9500,5.7300,5.9500,154703.0000,,Tencent_raw
2026-01-07,603959.SH,5.9500,5.9800,5.7700,5.8000,135752.0000,,Tencent_raw
2026-01-08,603959.SH,5.7600,5.9400,5.7300,5.8500,126789.0000,,Tencent_raw
2026-01-09,603959.SH,5.8200,5.9000,5.7900,5.8700,124900.0000,,Tencent_raw
2026-01-12,603959.SH,5.9900,6.0000,5.8700,5.9100,166234.0000,,Tencent_raw
2026-01-13,603959.SH,5.9100,5.9500,5.7800,5.8000,148828.0000,,Tencent_raw
2026-01-14,603959.SH,5.8500,5.8800,5.7400,5.8100,157150.0000,,Tencent_raw
2026-01-15,603959.SH,5.8100,5.8200,5.7000,5.7200,122986.0000,,Tencent_raw
2026-01-16,603959.SH,5.7300,5.7500,5.5600,5.6500,129888.0000,,Tencent_raw
2026-01-19,603959.SH,5.7000,5.8100,5.6200,5.8000,125281.0000,,Tencent_raw
2026-01-20,603959.SH,5.7900,5.8900,5.7500,5.8100,116869.0000,,Tencent_raw
2026-01-21,603959.SH,5.8400,6.0200,5.7500,5.9400,158527.0000,,Tencent_raw
2026-01-22,603959.SH,6.0900,6.1800,5.9600,6.1200,222608.0000,,Tencent_raw
2026-01-23,603959.SH,6.0600,6.1800,6.0600,6.1800,193501.0000,,Tencent_raw
2026-01-26,603959.SH,6.2300,6.2900,6.0100,6.0600,181532.0000,,Tencent_raw
2026-01-27,603959.SH,6.0200,6.0600,5.8000,5.9900,128248.0000,,Tencent_raw
2026-01-28,603959.SH,6.0000,6.0100,5.7600,5.7700,126459.0000,,Tencent_raw
2026-01-29,603959.SH,5.7800,5.8600,5.7000,5.7400,103953.0000,,Tencent_raw
2026-01-30,603959.SH,5.7000,5.7900,5.6400,5.7900,104548.0000,,Tencent_raw
2026-02-02,603959.SH,5.8300,5.8300,5.6700,5.6800,78935.0000,,Tencent_raw
2026-02-03,603959.SH,5.7500,5.7900,5.6800,5.7900,63346.0000,,Tencent_raw
2026-02-04,603959.SH,5.7900,5.8900,5.7200,5.8600,104235.0000,,Tencent_raw
2026-02-05,603959.SH,5.8500,5.8700,5.7900,5.8300,58615.0000,,Tencent_raw
2026-02-06,603959.SH,5.7900,6.4100,5.7900,6.4100,483661.0000,,Tencent_raw
2026-02-09,603959.SH,6.5100,7.0500,6.5000,6.9300,969780.0000,,Tencent_raw
2026-02-10,603959.SH,6.8000,7.2600,6.7500,6.9200,720573.0000,,Tencent_raw
2026-02-11,603959.SH,6.8000,7.3000,6.8000,7.0000,536305.0000,,Tencent_raw
2026-02-12,603959.SH,6.7200,6.8500,6.3000,6.3000,396796.0000,,Tencent_raw
2026-02-13,603959.SH,5.7300,6.3400,5.7300,6.1000,535609.0000,,Tencent_raw
2026-02-24,603959.SH,6.2700,6.7100,6.2700,6.7100,158736.0000,,Tencent_raw
2026-02-25,603959.SH,6.9900,6.9900,6.5900,6.7600,613817.0000,,Tencent_raw
2026-02-26,603959.SH,6.8300,6.8600,6.5000,6.5500,373543.0000,,Tencent_raw
2026-02-27,603959.SH,6.6800,6.6900,6.4400,6.5500,240232.0000,,Tencent_raw
2026-03-02,603959.SH,6.5200,6.5200,6.1300,6.2400,265779.0000,,Tencent_raw
2026-03-03,603959.SH,6.2400,6.5000,5.9200,5.9300,268522.0000,,Tencent_raw
2026-03-04,603959.SH,5.8800,6.0900,5.7900,6.0300,187630.0000,,Tencent_raw
2026-03-05,603959.SH,6.0000,6.3600,6.0000,6.0600,210609.0000,,Tencent_raw
2026-03-06,603959.SH,5.9000,6.4000,5.7700,6.2400,349275.0000,,Tencent_raw
2026-03-09,603959.SH,6.3600,6.3700,6.1000,6.3100,213391.0000,,Tencent_raw
2026-03-10,603959.SH,6.3300,6.6400,6.3300,6.5100,219540.0000,,Tencent_raw
2026-03-11,603959.SH,6.4800,6.5700,6.3400,6.4100,162306.0000,,Tencent_raw
2026-03-12,603959.SH,6.4100,6.4100,6.1400,6.2700,200055.0000,,Tencent_raw
2026-03-13,603959.SH,6.2700,6.2900,6.1000,6.1200,138140.0000,,Tencent_raw
2026-03-16,603959.SH,6.0500,6.2700,6.0300,6.1700,129087.0000,,Tencent_raw
2026-03-17,603959.SH,6.2000,6.3200,6.0500,6.0500,122910.0000,,Tencent_raw
2026-03-18,603959.SH,6.0500,6.1600,5.9800,6.1500,102861.0000,,Tencent_raw
2026-03-19,603959.SH,6.1400,6.1900,6.0100,6.0600,113429.0000,,Tencent_raw
2026-03-20,603959.SH,6.0800,6.1800,5.9500,5.9600,128395.0000,,Tencent_raw
2026-03-23,603959.SH,5.8800,5.9900,5.5700,5.6600,156435.0000,,Tencent_raw
2026-03-24,603959.SH,5.8500,5.9300,5.6400,5.9200,155706.0000,,Tencent_raw
2026-03-25,603959.SH,5.9200,6.3500,5.9100,6.2600,224226.0000,,Tencent_raw
2026-03-26,603959.SH,6.3000,6.3900,6.0400,6.0700,188777.0000,,Tencent_raw
2026-03-27,603959.SH,6.0500,6.2000,5.9800,6.1700,132286.0000,,Tencent_raw
2026-03-30,603959.SH,6.1000,6.2700,6.0300,6.1800,116293.0000,,Tencent_raw
2026-03-31,603959.SH,6.2500,6.4100,6.1400,6.1600,228999.0000,,Tencent_raw
2026-04-01,603959.SH,6.2400,6.3500,6.1400,6.2800,148256.0000,,Tencent_raw
2026-04-02,603959.SH,6.2300,6.3000,6.1000,6.1700,110350.0000,,Tencent_raw
2026-04-03,603959.SH,6.1600,6.1900,5.9800,6.0200,104338.0000,,Tencent_raw
2026-04-07,603959.SH,6.0300,6.3700,6.0100,6.2800,197422.0000,,Tencent_raw
2026-04-08,603959.SH,6.4000,6.4500,6.2600,6.3700,164214.0000,,Tencent_raw
2026-04-09,603959.SH,6.2700,6.3400,5.8000,5.9600,425131.0000,,Tencent_raw
2026-04-10,603959.SH,5.9700,6.2900,5.9300,6.1700,307042.0000,,Tencent_raw
2026-04-13,603959.SH,6.0600,6.3500,6.0600,6.3500,262735.0000,,Tencent_raw
2026-04-14,603959.SH,6.3900,6.5400,6.2200,6.5400,331187.0000,,Tencent_raw
2026-04-15,603959.SH,6.8400,6.8600,6.5500,6.6300,378166.0000,,Tencent_raw
2026-04-16,603959.SH,6.6600,7.1500,6.6100,6.9600,449821.0000,,Tencent_raw
2026-04-17,603959.SH,6.9200,7.2400,6.7800,7.0200,427334.0000,,Tencent_raw
2026-04-20,603959.SH,7.1100,7.2000,6.8800,6.9800,304461.0000,,Tencent_raw
2026-04-21,603959.SH,6.9100,6.9800,6.5900,6.6900,316587.0000,,Tencent_raw
2026-04-22,603959.SH,6.7700,6.7700,6.0200,6.0200,551873.0000,,Tencent_raw
2026-04-23,603959.SH,6.0000,6.0500,5.8000,5.9000,406976.0000,,Tencent_raw
2026-04-24,603959.SH,5.6600,5.7800,5.3100,5.3100,370882.0000,,Tencent_raw
2026-04-28,603959.SH,5.0400,5.0400,5.0400,5.0400,20942.0000,,Tencent_raw
2026-04-29,603959.SH,4.7900,4.7900,4.7900,4.7900,12177.0000,,Tencent_raw
2026-04-30,603959.SH,4.5500,4.5500,4.5500,4.5500,17915.0000,,Tencent_raw
2026-05-06,603959.SH,4.3200,4.7800,4.3200,4.7000,909750.0000,,Tencent_raw
2026-05-07,603959.SH,4.6500,4.8200,4.6100,4.6100,420031.0000,,Tencent_raw
2026-05-08,603959.SH,4.6900,4.8400,4.6800,4.8400,159745.0000,,Tencent_raw
2026-05-11,603959.SH,5.0800,5.0800,5.0000,5.0800,61540.0000,,Tencent_raw
2026-05-12,603959.SH,4.8300,5.3300,4.8300,5.3300,562843.0000,,Tencent_raw
2026-05-13,603959.SH,5.2300,5.3500,5.0600,5.1500,385834.0000,,Tencent_raw
2026-05-14,603959.SH,5.1800,5.2200,4.8900,4.8900,307918.0000,,Tencent_raw
2026-05-15,603959.SH,4.8200,5.0200,4.6500,4.6700,301870.0000,,Tencent_raw
2026-05-18,603959.SH,4.6700,4.6900,4.4400,4.4400,171187.0000,,Tencent_raw
2026-05-19,603959.SH,4.3900,4.6600,4.3500,4.6600,152626.0000,,Tencent_raw
2026-05-20,603959.SH,4.7700,4.8300,4.4600,4.4900,183611.0000,,Tencent_raw
2026-05-21,603959.SH,4.5700,4.7100,4.5100,4.6000,233242.0000,,Tencent_raw
2026-05-22,603959.SH,4.4700,4.7000,4.4500,4.6500,135079.0000,,Tencent_raw
2026-05-25,603959.SH,4.6500,4.7600,4.5100,4.5500,111490.0000,,Tencent_raw
2026-05-26,603959.SH,4.5100,4.5500,4.3600,4.4800,107510.0000,,Tencent_raw
2026-05-27,603959.SH,4.4700,4.4800,4.2600,4.2600,139291.0000,,Tencent_raw
2026-05-28,603959.SH,4.1400,4.3300,4.1400,4.2600,75987.0000,,Tencent_raw
2026-05-29,603959.SH,4.1800,4.4400,4.1800,4.3400,114757.0000,,Tencent_raw
2026-06-01,603959.SH,4.3900,4.5600,4.2600,4.5600,158991.0000,,Tencent_raw
2026-06-02,603959.SH,4.5900,4.6500,4.3900,4.5100,143242.0000,,Tencent_raw
2026-06-03,603959.SH,4.5000,4.5300,4.2800,4.2800,164103.0000,,Tencent_raw
2026-06-04,603959.SH,4.2100,4.2400,4.0700,4.1000,126616.0000,,Tencent_raw
2026-06-05,603959.SH,4.1100,4.1400,3.9200,4.0500,98448.0000,,Tencent_raw
2026-06-08,603959.SH,3.9400,4.1000,3.8800,3.9500,102555.0000,,Tencent_raw
2026-06-09,603959.SH,3.9900,4.1500,3.9700,4.0300,132416.0000,,Tencent_raw
2026-06-10,603959.SH,3.9700,3.9900,3.8300,3.8300,110376.0000,,Tencent_raw
2026-06-11,603959.SH,3.7500,3.8100,3.6400,3.7000,117054.0000,,Tencent_raw
2026-06-12,603959.SH,3.7500,3.8900,3.7000,3.8900,139980.0000,,Tencent_raw
2026-06-15,603959.SH,3.9000,4.0800,3.8900,4.0800,68038.0000,,Tencent_raw
2026-06-16,603959.SH,4.2500,4.2800,4.2000,4.2800,95470.0000,,Tencent_raw
2026-06-17,603959.SH,4.4900,4.4900,4.4600,4.4900,66017.0000,,Tencent_raw
2026-06-18,603959.SH,4.7100,4.7100,4.3700,4.4500,266027.0000,,Tencent_raw
2026-06-22,603959.SH,4.4900,4.6700,4.2300,4.6700,193051.0000,,Tencent_raw
2026-06-23,603959.SH,4.7500,4.7700,4.4400,4.4400,136241.0000,,Tencent_raw
2026-06-24,603959.SH,4.4000,4.4900,4.2300,4.2800,94328.0000,,Tencent_raw
2026-06-25,603959.SH,4.2800,4.3900,4.2200,4.3600,92324.0000,,Tencent_raw
2026-06-26,603959.SH,4.3900,4.4400,4.1400,4.3000,87801.0000,,Tencent_raw
2026-06-29,603959.SH,4.5200,4.5200,4.1800,4.5100,174486.0000,,Tencent_raw
2026-06-30,603959.SH,4.4500,4.5600,4.3200,4.3800,111060.0000,,Tencent_raw
2026-07-01,603959.SH,4.3800,4.5600,4.2900,4.4700,109773.0000,,Tencent_raw
2026-07-02,603959.SH,4.4800,4.6100,4.4200,4.5200,92126.0000,,Tencent_raw
2026-07-03,603959.SH,4.4700,4.7500,4.4600,4.6600,111418.0000,,Tencent_raw
2026-07-06,603959.SH,4.6900,4.8200,4.6800,4.6800,118466.0000,,Tencent_raw
2026-07-07,603959.SH,4.6800,4.6900,4.4400,4.4400,91473.0000,,Tencent_raw
2026-07-08,603959.SH,4.4500,4.5100,4.3200,4.4800,85778.0000,,Tencent_raw
2026-07-09,603959.SH,4.4800,4.5500,4.4200,4.5500,68595.0000,,Tencent_raw
2026-07-10,603959.SH,4.5000,4.6300,4.4600,4.6200,76058.0000,,Tencent_raw
2026-07-13,603959.SH,4.6500,4.6600,4.4200,4.4300,74799.0000,,Tencent_raw
2026-07-14,603959.SH,4.5000,4.5500,4.3800,4.4000,43503.0000,,Tencent_raw
2026-07-15,603959.SH,4.3300,4.4300,4.2700,4.2800,52010.0000,,Tencent_raw
2026-07-16,603959.SH,4.2600,4.7100,4.2100,4.6200,133083.0000,,Tencent_raw
2026-07-17,603959.SH,4.5000,4.5900,4.3100,4.3100,80942.0000,,Tencent_raw
2026-07-20,603959.SH,4.3200,4.5400,4.2900,4.3600,103339.0000,,Tencent_raw
2026-07-21,603959.SH,4.3500,4.3500,3.9200,4.1200,136637.0000,,Tencent_raw
2026-07-22,603959.SH,4.1500,4.1500,3.9200,3.9500,69605.0000,,Tencent_raw
2026-07-23,603959.SH,3.9500,4.1100,3.9500,4.0400,51859.0000,,Tencent_raw
2026-07-24,603959.SH,4.0000,4.1100,4.0000,4.0400,47556.0000,,Tencent_raw
2026-07-27,603959.SH,4.0100,4.1200,4.0100,4.0700,31021.0000,,Tencent_raw
2026-07-28,603959.SH,4.0700,4.2800,4.0300,4.1800,75736.0000,,Tencent_raw
2026-07-29,603959.SH,4.2800,4.3300,4.1900,4.2200,49287.0000,,Tencent_raw
2026-07-30,603959.SH,4.2100,4.2600,4.0500,4.0500,61915.0000,,Tencent_raw
2026-07-31,603959.SH,4.0200,4.1200,4.0200,4.0800,56272.0000,,Tencent_raw
2026-08-03,603959.SH,4.0800,4.2500,4.0500,4.2400,57950.0000,,Tencent_raw
2026-08-04,603959.SH,4.3000,4.3000,4.1600,4.2800,51799.0000,,Tencent_raw
2026-08-05,603959.SH,4.2300,4.4300,4.2300,4.3100,74139.0000,,Tencent_raw
2026-08-06,603959.SH,4.3300,4.4600,4.2600,4.4300,70800.0000,,Tencent_raw
2026-08-07,603959.SH,4.5000,4.6300,4.3500,4.5900,111205.0000,,Tencent_raw
2026-08-10,603959.SH,4.6600,4.7100,4.4900,4.4900,100927.0000,,Tencent_raw
2026-08-11,603959.SH,4.5200,4.5600,4.3600,4.5500,91048.0000,,Tencent_raw
2026-08-12,603959.SH,4.4900,4.9000,4.4800,4.8000,118692.0000,,Tencent_raw
2026-08-13,603959.SH,4.8000,5.2700,4.8000,5.1600,237059.0000,,Tencent_raw
2026-08-14,603959.SH,5.1800,5.2000,4.7700,5.0300,183852.0000,,Tencent_raw
2026-08-17,603959.SH,5.0000,5.1400,4.9000,5.0300,94039.0000,,Tencent_raw
2026-08-18,603959.SH,4.9700,5.1400,4.9700,5.0100,64341.0000,,Tencent_raw
2026-08-19,603959.SH,5.0000,5.0100,4.7600,4.7600,80581.0000,,Tencent_raw
2026-08-20,603959.SH,4.7500,4.8500,4.7000,4.7600,52619.0000,,Tencent_raw
2026-08-21,603959.SH,4.8600,5.0800,4.7600,5.0800,127655.0000,,Tencent_raw
2026-08-24,603959.SH,5.1600,5.2900,5.0300,5.0800,109033.0000,,Tencent_raw
2026-08-25,603959.SH,5.0300,5.1900,4.9500,5.1800,78723.0000,,Tencent_raw
2026-08-26,603959.SH,5.0000,5.1200,4.6600,4.6600,295774.0000,,Tencent_raw
2026-08-27,603959.SH,4.4700,4.5500,4.2800,4.4000,209607.0000,,Tencent_raw
2026-08-28,603959.SH,4.3800,4.4300,4.3100,4.3400,107742.0000,,Tencent_raw
2026-08-31,603959.SH,4.3600,4.4300,4.3000,4.3200,82444.0000,,Tencent_raw
2026-09-01,603959.SH,4.3200,4.3200,4.1300,4.2200,102623.0000,,Tencent_raw
2026-09-02,603959.SH,4.2100,4.2700,4.1700,4.2100,62361.0000,,Tencent_raw
2026-09-03,603959.SH,4.1300,4.4100,4.1300,4.3400,118987.0000,,Tencent_raw
2026-09-04,603959.SH,4.3400,4.4100,4.3100,4.3300,72251.0000,,Tencent_raw
2026-09-07,603959.SH,4.3500,4.4100,4.3300,4.3600,47949.0000,,Tencent_raw
2026-09-08,603959.SH,4.3900,4.3900,4.3300,4.3500,73055.0000,,Tencent_raw
2026-09-09,603959.SH,4.3600,4.4900,4.3500,4.4300,69877.0000,,Tencent_raw
2026-09-10,603959.SH,4.4200,4.4900,4.3800,4.4600,51613.0000,,Tencent_raw
2026-09-11,603959.SH,4.4500,4.6800,4.3900,4.6300,120764.0000,,Tencent_raw
2026-09-14,603959.SH,4.6500,4.7400,4.5400,4.6200,100058.0000,,Tencent_raw
2026-09-15,603959.SH,4.6100,4.6100,4.2200,4.4800,79638.0000,,Tencent_raw
2026-09-16,603959.SH,4.4300,4.7700,4.4200,4.6600,111718.0000,,Tencent_raw
2026-09-17,603959.SH,4.6900,4.7600,4.5300,4.5300,69518.0000,,Tencent_raw
2026-09-18,603959.SH,4.5100,4.5700,4.4600,4.4600,53166.0000,,Tencent_raw
2026-09-21,603959.SH,4.4700,4.4700,4.3700,4.3900,53331.0000,,Tencent_raw
2026-09-22,603959.SH,4.3800,4.5000,4.3500,4.4700,58791.0000,,Tencent_raw
2026-09-23,603959.SH,4.4500,4.4800,4.3900,4.3900,35184.0000,,Tencent_raw
2026-09-24,603959.SH,4.3900,4.4200,4.2700,4.3100,41270.0000,,Tencent_raw
2026-09-28,603959.SH,4.3000,4.3000,4.2000,4.2200,29277.0000,,Tencent_raw
2025-09-01,688033.SH,6.8900,7.2500,6.8800,7.0600,21998397.0000,,Tencent_raw
2025-09-02,688033.SH,7.0500,7.0800,6.9100,6.9900,17043253.0000,,Tencent_raw
2025-09-03,688033.SH,6.9900,7.0600,6.7100,6.7500,14186370.0000,,Tencent_raw
2025-09-04,688033.SH,6.7600,6.9300,6.5500,6.6400,21411039.0000,,Tencent_raw
2025-09-05,688033.SH,6.7000,6.8600,6.6500,6.8400,21226857.0000,,Tencent_raw
2025-09-08,688033.SH,6.8100,6.8700,6.7200,6.8600,18146277.0000,,Tencent_raw
2025-09-09,688033.SH,6.8700,6.9200,6.6900,6.7100,16934059.0000,,Tencent_raw
2025-09-10,688033.SH,6.7000,6.7600,6.5700,6.6100,15284745.0000,,Tencent_raw
2025-09-11,688033.SH,6.6400,6.6500,6.4600,6.6100,16430143.0000,,Tencent_raw
2025-09-12,688033.SH,6.6200,6.7900,6.5700,6.6500,21861840.0000,,Tencent_raw
2025-09-15,688033.SH,6.6400,6.7500,6.5700,6.6100,14789778.0000,,Tencent_raw
2025-09-16,688033.SH,6.6300,6.6400,6.5100,6.5900,13832764.0000,,Tencent_raw
2025-09-17,688033.SH,6.6100,6.6200,6.5200,6.5300,11840882.0000,,Tencent_raw
2025-09-18,688033.SH,6.5500,6.6400,6.3300,6.4000,21846556.0000,,Tencent_raw
2025-09-19,688033.SH,6.4300,6.5000,6.3100,6.3500,14689790.0000,,Tencent_raw
2025-09-22,688033.SH,6.3500,6.3800,6.2600,6.3500,11134388.0000,,Tencent_raw
2025-09-23,688033.SH,6.3400,6.3500,6.0300,6.1700,13739800.0000,,Tencent_raw
2025-09-24,688033.SH,6.1700,6.3000,6.1200,6.2800,11027930.0000,,Tencent_raw
2025-09-25,688033.SH,6.3000,6.3700,6.2500,6.2500,9617722.0000,,Tencent_raw
2025-09-26,688033.SH,6.2400,6.3600,6.1800,6.2900,12008185.0000,,Tencent_raw
2025-09-29,688033.SH,6.3000,6.6200,6.1800,6.6100,19982916.0000,,Tencent_raw
2025-09-30,688033.SH,6.6000,7.3700,6.5500,7.1900,56849251.0000,,Tencent_raw
2025-10-09,688033.SH,7.1400,7.1800,6.7800,6.8100,41140187.0000,,Tencent_raw
2025-10-10,688033.SH,6.8100,7.0200,6.6700,6.8800,28667807.0000,,Tencent_raw
2025-10-13,688033.SH,6.6900,7.2000,6.6000,7.1800,36232417.0000,,Tencent_raw
2025-10-14,688033.SH,7.2900,7.5900,7.1800,7.2200,37339923.0000,,Tencent_raw
2025-10-15,688033.SH,7.1900,7.3000,7.1100,7.2600,20408905.0000,,Tencent_raw
2025-10-16,688033.SH,7.2100,7.3000,7.1000,7.1900,16299678.0000,,Tencent_raw
2025-10-17,688033.SH,7.2200,7.3100,6.9600,6.9800,21491366.0000,,Tencent_raw
2025-10-20,688033.SH,7.0700,7.1700,7.0300,7.1000,14124951.0000,,Tencent_raw
2025-10-21,688033.SH,7.1500,7.1500,6.9900,7.0800,12681421.0000,,Tencent_raw
2025-10-22,688033.SH,7.0600,7.1100,6.9900,6.9900,9497297.0000,,Tencent_raw
2025-10-23,688033.SH,7.0100,7.0100,6.8600,6.9900,11072866.0000,,Tencent_raw
2025-10-24,688033.SH,7.0200,7.2100,6.9200,6.9400,15807538.0000,,Tencent_raw
2025-10-27,688033.SH,6.9500,7.0500,6.9100,6.9700,11804862.0000,,Tencent_raw
2025-10-28,688033.SH,6.9600,7.0800,6.9400,7.0100,10233170.0000,,Tencent_raw
2025-10-29,688033.SH,7.0600,7.0900,6.9400,7.0700,10525782.0000,,Tencent_raw
2025-10-30,688033.SH,7.0700,7.2100,7.0100,7.0900,14022955.0000,,Tencent_raw
2025-10-31,688033.SH,7.1000,7.3400,7.1000,7.2200,22420132.0000,,Tencent_raw
2025-11-03,688033.SH,7.2000,7.2300,6.9800,7.1900,19231964.0000,,Tencent_raw
2025-11-04,688033.SH,7.1300,7.1800,7.0000,7.0600,10842250.0000,,Tencent_raw
2025-11-05,688033.SH,6.9200,7.4100,6.9200,7.3600,24563525.0000,,Tencent_raw
2025-11-06,688033.SH,7.4400,7.4400,7.2600,7.3500,12988126.0000,,Tencent_raw
2025-11-07,688033.SH,7.3400,7.5100,7.2700,7.4100,16552015.0000,,Tencent_raw
2025-11-10,688033.SH,7.0000,7.1000,6.2000,6.4000,78967861.0000,,Tencent_raw
2025-11-11,688033.SH,6.3800,6.6900,6.3700,6.5900,36251384.0000,,Tencent_raw
2025-11-12,688033.SH,6.5800,6.5800,6.2800,6.3300,29292602.0000,,Tencent_raw
2025-11-13,688033.SH,6.3400,6.4600,6.3100,6.3800,19207784.0000,,Tencent_raw
2025-11-14,688033.SH,6.3300,6.5100,6.3100,6.4100,15539690.0000,,Tencent_raw
2025-11-17,688033.SH,6.3900,6.5100,6.3300,6.4100,15419802.0000,,Tencent_raw
2025-11-18,688033.SH,6.4100,6.4100,6.0900,6.1200,26222167.0000,,Tencent_raw
2025-11-19,688033.SH,6.1100,6.1900,5.8900,5.9400,20224258.0000,,Tencent_raw
2025-11-20,688033.SH,5.9600,6.0000,5.7500,5.7800,17096568.0000,,Tencent_raw
2025-11-21,688033.SH,5.7200,5.7600,5.4700,5.4700,18347502.0000,,Tencent_raw
2025-11-24,688033.SH,5.5800,5.5800,5.4600,5.5500,12181608.0000,,Tencent_raw
2025-11-25,688033.SH,5.5700,5.8700,5.5300,5.7700,21048729.0000,,Tencent_raw
2025-11-26,688033.SH,5.7400,5.7700,5.6000,5.6400,13138415.0000,,Tencent_raw
2025-11-27,688033.SH,5.6100,6.7700,5.6100,6.7700,69458019.0000,,Tencent_raw
2025-11-28,688033.SH,7.0500,7.4000,6.5800,6.8300,98315548.0000,,Tencent_raw
2025-12-01,688033.SH,7.0000,7.4100,6.9100,7.0300,85366096.0000,,Tencent_raw
2025-12-02,688033.SH,6.8500,7.0500,6.7900,6.8500,44288148.0000,,Tencent_raw
2025-12-03,688033.SH,6.8000,6.9300,6.6000,6.6200,34143607.0000,,Tencent_raw
2025-12-04,688033.SH,6.6100,6.6300,6.4200,6.4300,23033937.0000,,Tencent_raw
2025-12-05,688033.SH,6.6000,6.8700,6.3900,6.8100,46518515.0000,,Tencent_raw
2025-12-08,688033.SH,6.9500,7.1800,6.8800,6.9900,39654883.0000,,Tencent_raw
2025-12-09,688033.SH,6.8600,7.0800,6.7500,7.0200,31975005.0000,,Tencent_raw
2025-12-10,688033.SH,6.9300,6.9800,6.7300,6.8500,23763911.0000,,Tencent_raw
2025-12-11,688033.SH,6.8100,6.8500,6.6800,6.6800,16202614.0000,,Tencent_raw
2025-12-12,688033.SH,6.6900,7.6500,6.6700,7.2900,62894738.0000,,Tencent_raw
2025-12-15,688033.SH,7.2900,7.4800,7.2200,7.3900,40196457.0000,,Tencent_raw
2025-12-16,688033.SH,7.3300,7.3700,6.9200,6.9500,35118326.0000,,Tencent_raw
2025-12-17,688033.SH,7.0800,7.4600,6.8700,7.0600,43995950.0000,,Tencent_raw
2025-12-18,688033.SH,7.0400,7.2700,6.9700,7.0600,31860796.0000,,Tencent_raw
2025-12-19,688033.SH,7.0600,7.1800,6.9200,6.9300,27664160.0000,,Tencent_raw
2025-12-22,688033.SH,6.9200,7.0100,6.8200,6.8700,20953466.0000,,Tencent_raw
2025-12-23,688033.SH,7.0600,7.1700,6.7300,6.7300,28697127.0000,,Tencent_raw
2025-12-24,688033.SH,6.7000,7.1300,6.6800,7.0500,31990012.0000,,Tencent_raw
2025-12-25,688033.SH,7.0200,8.1900,6.9900,7.8900,69806543.0000,,Tencent_raw
2025-12-26,688033.SH,7.8900,8.5000,7.8100,8.2400,74328124.0000,,Tencent_raw
2025-12-29,688033.SH,8.1200,8.2700,7.9500,8.0000,38499702.0000,,Tencent_raw
2025-12-30,688033.SH,7.9000,7.9800,7.6300,7.6600,35193778.0000,,Tencent_raw
2025-12-31,688033.SH,7.6800,7.8500,7.5000,7.7000,28307470.0000,,Tencent_raw
2026-01-05,688033.SH,7.8500,8.0800,7.6600,7.9000,34543752.0000,,Tencent_raw
2026-01-06,688033.SH,7.8300,7.9900,7.7100,7.9200,27105028.0000,,Tencent_raw
2026-01-07,688033.SH,7.8600,8.1900,7.8100,8.1100,35601857.0000,,Tencent_raw
2026-01-08,688033.SH,8.0400,8.7000,8.0200,8.6000,50561734.0000,,Tencent_raw
2026-01-09,688033.SH,8.5900,8.7400,8.3100,8.3900,46179601.0000,,Tencent_raw
2026-01-12,688033.SH,8.0000,8.8500,7.8000,8.6900,64683041.0000,,Tencent_raw
2026-01-13,688033.SH,9.0000,9.0500,8.2100,8.4700,58092105.0000,,Tencent_raw
2026-01-14,688033.SH,8.4000,8.6700,8.1000,8.2400,51878918.0000,,Tencent_raw
2026-01-15,688033.SH,8.1200,8.3100,8.0800,8.1400,24832154.0000,,Tencent_raw
2026-01-16,688033.SH,8.1600,8.3500,8.0900,8.2000,24160575.0000,,Tencent_raw
2026-01-19,688033.SH,8.1500,8.4400,8.1200,8.2400,19628772.0000,,Tencent_raw
2026-01-20,688033.SH,8.2000,8.2800,7.8800,7.9700,27895616.0000,,Tencent_raw
2026-01-21,688033.SH,7.8900,8.0400,7.8800,7.9700,12425850.0000,,Tencent_raw
2026-01-22,688033.SH,8.0000,8.7900,7.9500,8.6800,43516559.0000,,Tencent_raw
2026-01-23,688033.SH,8.6800,9.3400,8.6800,9.1500,52385582.0000,,Tencent_raw
2026-01-26,688033.SH,9.0000,9.1400,8.3600,8.4500,48871163.0000,,Tencent_raw
2026-01-27,688033.SH,8.5000,8.6500,8.0500,8.5700,32543750.0000,,Tencent_raw
2026-01-28,688033.SH,8.5000,8.5000,8.1800,8.2000,23859720.0000,,Tencent_raw
2026-01-29,688033.SH,8.2100,8.3000,8.0700,8.1100,19076137.0000,,Tencent_raw
2026-01-30,688033.SH,8.0000,8.2100,7.8500,8.1200,21597206.0000,,Tencent_raw
2026-02-02,688033.SH,7.9900,8.1600,7.9300,7.9900,14407915.0000,,Tencent_raw
2026-02-03,688033.SH,8.0000,8.3400,8.0000,8.2400,18699732.0000,,Tencent_raw
2026-02-04,688033.SH,8.1800,8.4200,8.1500,8.3500,17974927.0000,,Tencent_raw
2026-02-05,688033.SH,8.3400,8.3400,7.9800,8.0100,19089118.0000,,Tencent_raw
2026-02-06,688033.SH,7.9100,8.1700,7.8800,8.0800,11339815.0000,,Tencent_raw
2026-02-09,688033.SH,8.1900,8.7200,8.1900,8.6400,32956243.0000,,Tencent_raw
2026-02-10,688033.SH,8.5000,8.8000,8.3700,8.5000,17927563.0000,,Tencent_raw
2026-02-11,688033.SH,8.5000,8.6300,8.3500,8.3600,12515263.0000,,Tencent_raw
2026-02-12,688033.SH,8.3800,9.9800,8.3800,9.7800,65627024.0000,,Tencent_raw
2026-02-13,688033.SH,9.7400,10.1500,9.6000,9.8700,41800365.0000,,Tencent_raw
2026-02-24,688033.SH,10.0700,11.1100,10.0700,10.6800,43359977.0000,,Tencent_raw
2026-02-25,688033.SH,10.8900,10.8900,10.3900,10.4900,34482838.0000,,Tencent_raw
2026-02-26,688033.SH,10.5000,11.2700,10.4000,11.2600,40496114.0000,,Tencent_raw
2026-02-27,688033.SH,11.0000,12.3000,10.7000,12.1000,55297026.0000,,Tencent_raw
2026-03-02,688033.SH,11.4000,11.5000,10.2000,10.3200,66602488.0000,,Tencent_raw
2026-03-03,688033.SH,10.2700,10.6500,9.6100,9.6500,45732305.0000,,Tencent_raw
2026-03-04,688033.SH,9.5800,10.6900,9.3900,10.4700,42619940.0000,,Tencent_raw
2026-03-05,688033.SH,10.6800,10.7500,10.0600,10.1300,28352045.0000,,Tencent_raw
2026-03-06,688033.SH,10.2000,10.5000,10.0300,10.1800,18207565.0000,,Tencent_raw
2026-03-09,688033.SH,10.1100,10.4000,9.8100,10.1400,18472916.0000,,Tencent_raw
2026-03-10,688033.SH,10.2900,10.6400,9.9500,10.4200,24660588.0000,,Tencent_raw
2026-03-11,688033.SH,10.4000,10.6700,10.3000,10.4900,17798855.0000,,Tencent_raw
2026-03-12,688033.SH,10.3100,10.5500,10.0200,10.0800,17418434.0000,,Tencent_raw
2026-03-13,688033.SH,10.0700,10.3700,9.9000,10.0000,15968783.0000,,Tencent_raw
2026-03-16,688033.SH,9.9000,9.9800,9.6200,9.8600,14984859.0000,,Tencent_raw
2026-03-17,688033.SH,9.9500,10.3100,9.0000,9.2200,31931987.0000,,Tencent_raw
2026-03-18,688033.SH,9.1900,9.3500,8.8200,9.3100,18266530.0000,,Tencent_raw
2026-03-19,688033.SH,9.1500,9.1800,8.8200,8.9600,18550847.0000,,Tencent_raw
2026-03-20,688033.SH,9.0500,9.1900,8.5600,8.5700,21877129.0000,,Tencent_raw
2026-03-23,688033.SH,8.5000,8.7100,8.1500,8.2300,21043930.0000,,Tencent_raw
2026-03-24,688033.SH,8.3500,8.4400,8.0100,8.4000,18249184.0000,,Tencent_raw
2026-03-25,688033.SH,8.4300,8.7200,8.4300,8.6200,15104258.0000,,Tencent_raw
2026-03-26,688033.SH,8.6200,8.6200,8.2300,8.3300,12968841.0000,,Tencent_raw
2026-03-27,688033.SH,8.2500,8.5100,8.2000,8.4300,9264057.0000,,Tencent_raw
2026-03-30,688033.SH,8.3200,8.5000,8.1800,8.4600,9921030.0000,,Tencent_raw
2026-03-31,688033.SH,8.4900,8.5900,8.0800,8.0900,15002656.0000,,Tencent_raw
2026-04-01,688033.SH,8.2200,8.3500,8.1400,8.2800,11197775.0000,,Tencent_raw
2026-04-02,688033.SH,8.2300,8.3200,8.0300,8.0800,10653836.0000,,Tencent_raw
2026-04-03,688033.SH,8.1500,8.3300,7.9700,8.1300,14307001.0000,,Tencent_raw
2026-04-07,688033.SH,8.1300,8.4200,8.1200,8.2100,9577249.0000,,Tencent_raw
2026-04-08,688033.SH,8.3200,8.5300,8.3000,8.5100,12067482.0000,,Tencent_raw
2026-04-09,688033.SH,8.4200,8.4400,8.2200,8.2600,11517695.0000,,Tencent_raw
2026-04-10,688033.SH,8.2700,8.4400,8.2700,8.2900,8672278.0000,,Tencent_raw
2026-04-13,688033.SH,8.1800,8.4000,8.1600,8.3600,8619720.0000,,Tencent_raw
2026-04-14,688033.SH,8.3800,8.6400,8.3800,8.5700,11932928.0000,,Tencent_raw
2026-04-15,688033.SH,8.6000,8.6500,8.1900,8.2500,14596961.0000,,Tencent_raw
2026-04-16,688033.SH,8.2500,8.3400,8.1700,8.2800,8253054.0000,,Tencent_raw
2026-04-17,688033.SH,8.2700,8.4400,8.1100,8.3500,13959593.0000,,Tencent_raw
2026-04-20,688033.SH,8.3400,8.3900,8.1800,8.3100,11013030.0000,,Tencent_raw
2026-04-21,688033.SH,8.3200,8.3800,8.2000,8.2100,8062732.0000,,Tencent_raw
2026-04-22,688033.SH,8.1900,8.2200,8.0600,8.0700,9246537.0000,,Tencent_raw
2026-04-23,688033.SH,8.0600,8.2000,7.7200,7.7500,16513937.0000,,Tencent_raw
2026-04-24,688033.SH,7.7800,7.8000,7.5000,7.6300,12890671.0000,,Tencent_raw
2026-04-27,688033.SH,7.6300,8.0000,7.4500,7.9600,13616862.0000,,Tencent_raw
2026-04-28,688033.SH,7.9000,7.9600,7.7100,7.9000,9601064.0000,,Tencent_raw
2026-04-29,688033.SH,7.8500,8.5500,7.7300,8.2300,23204995.0000,,Tencent_raw
2026-05-06,688033.SH,6.5800,7.1100,6.5800,6.5800,46357455.0000,,Tencent_raw
2026-05-07,688033.SH,6.6400,7.1100,6.6200,6.9000,29579319.0000,,Tencent_raw
2026-05-08,688033.SH,7.0600,7.9300,6.8800,7.9300,26928648.0000,,Tencent_raw
2026-05-11,688033.SH,8.1800,8.4800,8.1700,8.4100,23922823.0000,,Tencent_raw
2026-05-12,688033.SH,8.4700,8.7100,8.1900,8.2300,23073673.0000,,Tencent_raw
2026-05-13,688033.SH,8.2800,8.7100,8.2000,8.5800,24775590.0000,,Tencent_raw
2026-05-14,688033.SH,8.6500,8.8800,8.5600,8.7800,15876072.0000,,Tencent_raw
2026-05-15,688033.SH,8.6800,9.0000,8.2500,8.5800,19155337.0000,,Tencent_raw
2026-05-18,688033.SH,8.5800,8.5800,7.9800,8.3600,18519608.0000,,Tencent_raw
2026-05-19,688033.SH,8.3500,8.6900,8.1600,8.4800,10671743.0000,,Tencent_raw
2026-05-20,688033.SH,9.0000,9.1200,8.2400,8.2800,19054237.0000,,Tencent_raw
2026-05-21,688033.SH,8.3300,8.3300,8.0100,8.0500,10565332.0000,,Tencent_raw
2026-05-22,688033.SH,8.0700,8.3000,8.0600,8.2300,8437545.0000,,Tencent_raw
2026-05-25,688033.SH,8.2500,8.2900,7.9800,8.0100,11424888.0000,,Tencent_raw
2026-05-26,688033.SH,8.0200,8.1400,7.8000,7.9400,10290097.0000,,Tencent_raw
2026-05-27,688033.SH,8.0000,8.0000,7.7700,7.8500,5899523.0000,,Tencent_raw
2026-05-28,688033.SH,7.8900,7.9900,7.8000,7.9100,5744539.0000,,Tencent_raw
2026-05-29,688033.SH,7.8700,8.1700,7.7700,7.7900,7808958.0000,,Tencent_raw
2026-06-01,688033.SH,6.2300,7.7800,6.2300,7.3900,27098158.0000,,Tencent_raw
2026-06-02,688033.SH,7.1900,7.9000,7.0400,7.8900,16884252.0000,,Tencent_raw
2026-06-03,688033.SH,7.8100,8.1400,7.6000,7.7100,12415760.0000,,Tencent_raw
2026-06-04,688033.SH,7.6200,7.8400,7.0700,7.3100,8736904.0000,,Tencent_raw
2026-06-05,688033.SH,7.3500,7.3800,7.1300,7.2300,6887752.0000,,Tencent_raw
2026-06-08,688033.SH,7.0500,7.2900,6.9800,7.0000,7698301.0000,,Tencent_raw
2026-06-09,688033.SH,7.0900,7.1800,6.8800,6.9200,6787434.0000,,Tencent_raw
2026-06-10,688033.SH,6.9700,6.9700,6.5800,6.7900,8860313.0000,,Tencent_raw
2026-06-11,688033.SH,6.7900,6.9200,6.4800,6.5300,6737735.0000,,Tencent_raw
2026-06-12,688033.SH,6.5800,6.7500,6.4600,6.6100,6693871.0000,,Tencent_raw
2026-06-15,688033.SH,6.6000,7.0900,6.6000,6.9900,6326784.0000,,Tencent_raw
2026-06-16,688033.SH,7.0400,7.0700,6.7500,6.7800,7059656.0000,,Tencent_raw
2026-06-17,688033.SH,6.8400,6.9500,6.6700,6.6800,5794780.0000,,Tencent_raw
2026-06-18,688033.SH,6.6400,6.6400,6.3800,6.3800,7282903.0000,,Tencent_raw
2026-06-22,688033.SH,6.3500,6.5800,6.0000,6.5100,10596664.0000,,Tencent_raw
2026-06-23,688033.SH,6.5100,6.5800,6.3600,6.4300,5062224.0000,,Tencent_raw
2026-06-24,688033.SH,6.2900,6.5100,6.2600,6.3600,5618745.0000,,Tencent_raw
2026-06-25,688033.SH,6.3000,6.4300,6.0500,6.0900,7546036.0000,,Tencent_raw
2026-06-26,688033.SH,6.2800,6.3600,6.1500,6.1800,6670698.0000,,Tencent_raw
2026-06-29,688033.SH,6.2400,6.2400,5.6300,5.6700,10805524.0000,,Tencent_raw
2026-06-30,688033.SH,5.6700,6.2000,5.5300,6.2000,10461973.0000,,Tencent_raw
2026-07-01,688033.SH,6.1700,6.5000,6.0600,6.3700,8672198.0000,,Tencent_raw
2026-07-02,688033.SH,6.3700,6.4900,6.2200,6.3900,5537659.0000,,Tencent_raw
2026-07-03,688033.SH,6.3700,7.0700,6.3100,6.9000,11126801.0000,,Tencent_raw
2026-07-06,688033.SH,6.8500,7.2700,6.8100,6.8900,7665648.0000,,Tencent_raw
2026-07-07,688033.SH,6.8900,7.0500,6.7400,6.7800,4795149.0000,,Tencent_raw
2026-07-08,688033.SH,6.7800,6.9000,6.5300,6.6000,3528522.0000,,Tencent_raw
2026-07-09,688033.SH,6.6000,6.7500,6.4800,6.6700,2552268.0000,,Tencent_raw
2026-07-10,688033.SH,6.6800,6.9500,6.5900,6.9000,4398979.0000,,Tencent_raw
2026-07-13,688033.SH,6.8500,7.1800,6.7000,7.0300,7158370.0000,,Tencent_raw
2026-07-14,688033.SH,7.0200,7.0900,6.9100,7.0000,3526871.0000,,Tencent_raw
2026-07-15,688033.SH,7.0200,7.1500,6.9500,7.0800,2880546.0000,,Tencent_raw
2026-07-16,688033.SH,7.0300,7.1300,6.8000,6.8200,3272306.0000,,Tencent_raw
2026-07-17,688033.SH,6.8200,6.8200,6.4800,6.5000,4055096.0000,,Tencent_raw
2026-07-20,688033.SH,6.5300,6.6800,6.0000,6.1700,4127167.0000,,Tencent_raw
2026-07-21,688033.SH,6.1000,6.4000,5.9400,6.2900,4098322.0000,,Tencent_raw
2026-07-22,688033.SH,6.1500,6.2900,6.0300,6.0800,3477502.0000,,Tencent_raw
2026-07-23,688033.SH,6.0900,6.2300,6.0900,6.1800,2419128.0000,,Tencent_raw
2026-07-24,688033.SH,6.1600,6.5600,6.1100,6.2400,3254778.0000,,Tencent_raw
2026-07-27,688033.SH,6.3000,6.3500,6.0700,6.3000,3291651.0000,,Tencent_raw
2026-07-28,688033.SH,6.2500,6.3800,6.1800,6.2300,2222256.0000,,Tencent_raw
2026-07-29,688033.SH,6.2700,6.3300,6.1700,6.2500,2443077.0000,,Tencent_raw
2026-07-30,688033.SH,6.2300,6.2600,6.1000,6.1500,2653193.0000,,Tencent_raw
2026-07-31,688033.SH,6.1100,6.2600,6.1100,6.2300,2838667.0000,,Tencent_raw
2026-08-03,688033.SH,6.3200,6.4500,6.2900,6.3400,3337787.0000,,Tencent_raw
2026-08-04,688033.SH,6.3300,6.3800,6.2800,6.3000,3127049.0000,,Tencent_raw
2026-08-05,688033.SH,6.3000,6.3400,6.2400,6.3400,2931125.0000,,Tencent_raw
2026-08-06,688033.SH,6.3400,6.3400,6.1800,6.2800,3741781.0000,,Tencent_raw
2026-08-07,688033.SH,6.3600,6.3600,6.1600,6.2700,4908555.0000,,Tencent_raw
2026-08-10,688033.SH,6.2400,6.2400,6.1400,6.1800,3605395.0000,,Tencent_raw
2026-08-11,688033.SH,6.1700,6.2300,6.1500,6.1700,4202159.0000,,Tencent_raw
2026-08-12,688033.SH,6.1800,6.1900,6.1500,6.1900,3573237.0000,,Tencent_raw
2026-08-13,688033.SH,6.1800,6.1800,6.1000,6.1000,4153164.0000,,Tencent_raw
2026-08-14,688033.SH,6.1000,6.1300,6.0100,6.1000,3154956.0000,,Tencent_raw
2026-08-17,688033.SH,6.1300,6.1300,6.0100,6.0900,4002943.0000,,Tencent_raw
2026-08-18,688033.SH,6.0900,6.3900,6.0200,6.1000,5247640.0000,,Tencent_raw
2026-08-19,688033.SH,6.1200,6.1200,5.9100,5.9400,4747229.0000,,Tencent_raw
2026-08-20,688033.SH,5.9800,5.9800,5.9000,5.9400,2183012.0000,,Tencent_raw
2026-08-21,688033.SH,5.9400,5.9600,5.8600,5.9500,2116323.0000,,Tencent_raw
2026-08-24,688033.SH,5.9200,6.0900,5.8600,6.0800,4537083.0000,,Tencent_raw
2026-08-25,688033.SH,6.1100,6.1200,6.0100,6.0900,2980915.0000,,Tencent_raw
2026-08-26,688033.SH,6.1900,6.1900,6.0500,6.1500,3887297.0000,,Tencent_raw
2026-08-27,688033.SH,6.1400,6.1600,6.0000,6.0500,3888755.0000,,Tencent_raw
2026-08-28,688033.SH,6.0500,6.1600,6.0400,6.1200,3694556.0000,,Tencent_raw
2026-08-31,688033.SH,6.1200,6.3300,6.0700,6.2000,4994966.0000,,Tencent_raw
2026-09-01,688033.SH,6.2300,6.6900,6.1900,6.6300,10646506.0000,,Tencent_raw
2026-09-02,688033.SH,6.6100,6.7500,6.4500,6.6400,6288866.0000,,Tencent_raw
2026-09-03,688033.SH,6.6000,6.6200,6.5000,6.5200,2710601.0000,,Tencent_raw
2026-09-04,688033.SH,6.6100,6.7700,6.5500,6.7100,5390579.0000,,Tencent_raw
2026-09-07,688033.SH,6.8000,6.8000,6.5700,6.6100,3852145.0000,,Tencent_raw
2026-09-08,688033.SH,6.6200,6.6600,6.5500,6.5600,2469008.0000,,Tencent_raw
2026-09-09,688033.SH,6.6500,7.6900,6.5600,7.3600,16947854.0000,,Tencent_raw
2026-09-10,688033.SH,7.2500,7.4800,7.2100,7.2700,6927596.0000,,Tencent_raw
2026-09-11,688033.SH,7.1800,7.2700,7.0100,7.1400,6173611.0000,,Tencent_raw
2026-09-14,688033.SH,7.1700,7.1700,6.9200,7.0200,4525139.0000,,Tencent_raw
2026-09-15,688033.SH,7.0800,7.4500,6.9700,7.3100,7856696.0000,,Tencent_raw
2026-09-16,688033.SH,7.2200,7.3500,7.1800,7.3100,3440294.0000,,Tencent_raw
2026-09-17,688033.SH,7.1800,7.4800,7.1800,7.4300,5043952.0000,,Tencent_raw
2026-09-18,688033.SH,7.4900,7.5800,7.2000,7.3200,4919852.0000,,Tencent_raw
2026-09-21,688033.SH,7.2600,7.4200,7.2600,7.2800,3391324.0000,,Tencent_raw
2026-09-22,688033.SH,7.2900,7.3900,7.2100,7.2900,2739670.0000,,Tencent_raw
2026-09-23,688033.SH,7.3300,7.3700,7.2300,7.3500,2001457.0000,,Tencent_raw
2026-09-24,688033.SH,7.2900,7.6700,7.2900,7.5100,5551519.0000,,Tencent_raw
2026-09-28,688033.SH,7.5100,7.5900,7.1500,7.1500,3848806.0000,,Tencent_raw
